id_provincia,provincia,localidad,nombre,direccion,latitud,longitud,categoria
6,Buenos Aires,25 de Mayo,Comité Cultural y Biblioteca Juan Francisco Ibarra,9 y 27 801,-35.432917,-60.171417,Biblioteca Popular
6,Buenos Aires,9 de Julio,Bib.Pop. Anastasio Prieto,Mitre 342,-35.433333,-60.866667,Biblioteca Popular
6,Buenos Aires,9 de Julio,Bib.Pop. José Ingenieros,Mendoza 991,-35.445957,-60.883377,Biblioteca Popular
6,Buenos Aires,Carhue,Bib.Pop. Adolfo Alsina,San Martín 1101,-37.180933,-62.76005,Biblioteca Popular
6,Buenos Aires,Rivera,Bib.Pop. José Ingenieros,Los Colonizadores 235 0,-37.1626,-63.24705,Biblioteca Popular
6,Buenos Aires,Adolfo Gonzalez Chaves,Bib.Pub. Bernardino Rivadavia,Sarmiento 175,-38.03465,-60.099433,Biblioteca Popular
6,Buenos Aires,De la Garma,Bib.Pop. Dr. Victor H. Barrera,Castro Barros 348 0,-37.962467,-60.414517,Biblioteca Popular
6,Buenos Aires,Alberti,Bib.Pop. Andrés Vaccarezza,Arias 154,-35.03105,-60.278333,Biblioteca Popular
6,Buenos Aires,Adrogué,Amigos de la Biblioteca Esteban Adrogué,La Rosa 974 0,-34.797233,-58.38155,Biblioteca Popular
6,Buenos Aires,Adrogué,Bib. Pop. La Margarita blanca,Gral.Paz 765,-34.804586,-58.392516,Biblioteca Popular
6,Buenos Aires,Claypole,Bib.Pop. Mahatma Gandhi,Lobato 843,-34.799917,-58.3364,Biblioteca Popular
6,Buenos Aires,Glew,Bib.Pop. Pablo Rojas Paz,A.del Valle y Mansilla 0,-34.891483,-58.38585,Biblioteca Popular
6,Buenos Aires,Glew,Bib.Pop. Manuel Belgrano del Barrio de Villa París,Scalabrini Ortíz 2560,-34.87905,-58.3788,Biblioteca Popular
6,Buenos Aires,Glew,Bib.Pop. Fray Luis Beltrán,Fausto 233,-34.894433,-58.399517,Biblioteca Popular
6,Buenos Aires,Longchamps,Bib.Pop.Soc.Fom. Martín Fierro,Chaco 1415 0,-34.868283,-58.388433,Biblioteca Popular
6,Buenos Aires,Longchamps oeste,Bib. Pop. Atahualpa Yupanqui,Rivadavia 1516,-34.858633,-58.386383,Biblioteca Popular
6,Buenos Aires,Rafael Calzada,Bib.Pop. Gabriela Mistral,El Zorzal 2463,-34.773333,-58.327183,Biblioteca Popular
6,Buenos Aires,Avellaneda,Bib.Pop. Bartolomé Mitre,Rdo.Gutierrez 1374,-34.661733,-58.352267,Biblioteca Popular
6,Buenos Aires,Avellaneda,Bib.Pop. José Mármol,Paraguay 1002,-34.6755,-58.394767,Biblioteca Popular
6,Buenos Aires,Avellaneda,Bib.Pop. Dr. Estanislao S. Zeballos,Beruti 216,-34.663083,-58.368733,Biblioteca Popular
6,Buenos Aires,Avellaneda,Bib.Pop. Alfredo Palacios,Av.Rivadavia 770,-34.669183,-58.389067,Biblioteca Popular
6,Buenos Aires,Avellaneda,Bib.Pub.Mun.Pop. de Avellaneda,Av.Mitre 366,-34.6593,-58.369033,Biblioteca Popular
6,Buenos Aires,Avellaneda,Bib.Pop. Maestro Alfredo Bravo,Dardo Rocha 179,-34.666683,-58.3542,Biblioteca Popular
6,Buenos Aires,Dock Sud,Bib.Pop. Dock Sud,Nicolás Avellaneda 1345,-34.65,-58.3477,Biblioteca Popular
6,Buenos Aires,Gerli,Bib.Pop. Juan Bautista Alberdi,Limay 1234,-34.678183,-58.373667,Biblioteca Popular
6,Buenos Aires,Gerli,Bib.Pop. Enrique del Valle Iberlucea,De la Serna 710,-34.6827,-58.375567,Biblioteca Popular
6,Buenos Aires,Piñeyro,Bib.Pop. Veladas de estudio después del trabajo,Entre Ríos 731 0,-34.671917,-58.390983,Biblioteca Popular
6,Buenos Aires,Piñeyro,Bib.Pop. Presidente Avellaneda,Villegas 15,-34.666583,-58.378633,Biblioteca Popular
6,Buenos Aires,Sarandí,Soc. Fom. y Cul. y Bib.Pop. Domingo Faustino Sarmiento,Supisiche 680,-34.684383,-58.352533,Biblioteca Popular
6,Buenos Aires,Villa Dominico,Soc.Fom. U. de Dom. y Bib.Pop. Nicolás Avellaneda,San Vicente 660,-34.69025,-58.32075,Biblioteca Popular
6,Buenos Aires,Wilde,Bib.Pop. Juan M. de Pueyrredón,Martín Fierro 250,-34.700717,-58.31605,Biblioteca Popular
6,Buenos Aires,Wilde,Bib. Pop. Oscar Smith,Hilario Ascasubi 511,-34.715733,-58.323983,Biblioteca Popular
6,Buenos Aires,Ayacucho,Bib.Pub.Mun. Manuel Vilardaga,25 de Mayo 941,-37.151133,-58.485517,Biblioteca Popular
6,Buenos Aires,Azul,Bib.Pop. Bartolomé J. Ronco,Burgos 687 0,-36.78765,-59.874633,Biblioteca Popular
6,Buenos Aires,Cachari,Bib.Pop. Almafuerte,25 de Mayo 1664,-36.380017,-59.4998,Biblioteca Popular
6,Buenos Aires,Chillar,Bib.Pop. Asoc.Cult. de Chillar,Mario T. Cortázar 1037,-37.313133,-59.981967,Biblioteca Popular
6,Buenos Aires,Bahía Blanca,Bib.Pop. Bernardino Rivadavia,Av. Colón 31,-38.71885,-62.267083,Biblioteca Popular
6,Buenos Aires,Bahía Blanca,Bib.Pop. Bartolomé Mitre,Washington 232,-38.729717,-62.245483,Biblioteca Popular
6,Buenos Aires,Bahía Blanca,Bib.Pop. Roberto Payro,19 de Mayo 769,-38.707633,-62.25955,Biblioteca Popular
6,Buenos Aires,Bahía Blanca,Bib.Pop. Pajarita de papel,Saavedra 951,-38.728917,-62.2587,Biblioteca Popular
6,Buenos Aires,Bahía Blanca,Bib.Pop. Eduardo Mallea,Avda. Gral. Arias 2250,-38.75505,-62.263367,Biblioteca Popular
6,Buenos Aires,Bahía Blanca,Bib.Pop. Don Germán García,Quillén 146,-38.697583,-62.219617,Biblioteca Popular
6,Buenos Aires,Bahía Blanca,Bib.Pop. Rosario Sur,Cornelio Saavedra 2395,-38.7413,-62.242883,Biblioteca Popular
6,Buenos Aires,Bahía Blanca,Bib. Pop. Gabriela Mistral,Francia 2120,-38.72115,-62.31115,Biblioteca Popular
6,Buenos Aires,Bahía Blanca,Bib.Pop. Simón Rodriguez,Vieytes 2745,-38.697617,-62.29875,Biblioteca Popular
6,Buenos Aires,Bahía Blanca,Bib. Pop. Villa Duprat,Arcada 628,-38.689,-62.299733,Biblioteca Popular
6,Buenos Aires,Bahía Blanca,BIb. Pop. Martín Allica,Humboldt 3758,-38.7397,-62.212633,Biblioteca Popular
6,Buenos Aires,Cabildo,Bib.Pop. Mariano Moreno,Azcuenaga 184,-38.48425,-61.892683,Biblioteca Popular
6,Buenos Aires,General Daniel Cerri,Asoc. José Hernández,Matheu 232,-38.719283,-62.394433,Biblioteca Popular
6,Buenos Aires,Ingeniero White,Bib.Pop. Mariano Moreno,Mascarello 3860,-38.782517,-62.266383,Biblioteca Popular
6,Buenos Aires,Villa Harding Green,Bib.Pop. Ing. Domingo Pronsato,Salinas Chicas 4179,-38.714211,-62.189106,Biblioteca Popular
6,Buenos Aires,Balcarce,Bib.Pub. Pablo A. Pizzurno,15 707,-37.845683,-58.25435,Biblioteca Popular
6,Buenos Aires,Baradero,Bib.Pop.Mun. Fray Luis de Bolaños,Rodriguez y Thames,-33.8047,-59.5052,Biblioteca Popular
6,Buenos Aires,Baradero,Bib.Pop. José Manuel Estrada,San Martín 857,-33.805867,-59.502033,Biblioteca Popular
6,Buenos Aires,Baradero,Bib.Pop. Mario Bravo,Araoz 1363,-33.8099,-59.506733,Biblioteca Popular
6,Buenos Aires,Arrecifes,Bib.Pop.Mun. Teniente Gral. Bme. Mitre,Av.C. Merlassino e Int. R.Lorenzo 0,-34.063183,-60.108267,Biblioteca Popular
6,Buenos Aires,Benito Juarez,Bib.Pop. Juan J. Bernal Torres,Av.Libertad 101,-37.671854,-59.806423,Biblioteca Popular
6,Buenos Aires,Berazategui,Bib.Pop. Manuel Belgrano,L. de La Torre 1736 0,-34.76475,-58.206683,Biblioteca Popular
6,Buenos Aires,Hudson,Bib.Pop. Padre Carlos Mugica,Lisandro de La Torre 5700,-34.758283,-58.221217,Biblioteca Popular
6,Buenos Aires,Juan M. Gutierrez,Bib.Pop. Juan María Gutierrez,Calle 455 1545,-34.827833,-58.188017,Biblioteca Popular
6,Buenos Aires,Plátanos,Bib.Pop. José Ingenieros,Calle 157 4380,-34.784083,-58.174867,Biblioteca Popular
6,Buenos Aires,Ranelagh,Bib.Pop. y Cent. Victoria Ocampo,Calle 364 433,-34.7868,-58.205967,Biblioteca Popular
6,Buenos Aires,Berisso,Bib.Pop. Pestalozzi,Calle 8 4078,-34.871517,-57.8891,Biblioteca Popular
6,Buenos Aires,Berisso,Bib. Pop. Mariano Moreno,13 4437,-34.870917,-57.881117,Biblioteca Popular
6,Buenos Aires,Berisso,Bib.Pop. Ricardo Güiraldes,Calle 14 (H.Yrigóyen e/153 y 154 0,-34.88415,-57.890283,Biblioteca Popular
6,Buenos Aires,Berisso,Bib.Pop. Almafuerte,8 3465,-34.8778,-57.894233,Biblioteca Popular
6,Buenos Aires,Berisso,Bib.Pop. Mariano Moreno,Montevideo,-34.898167,-57.809029,Biblioteca Popular
6,Buenos Aires,Berisso,Bib.Pop. Presbítero Pascual Ruberto,Calle (Norte) e/29 y 30 162,-34.884283,-57.867383,Biblioteca Popular
6,Buenos Aires,Villa B. Constructor,Bib.Pop. Belisario Roldán,15 4211,-34.890739,-57.860718,Biblioteca Popular
6,Buenos Aires,Bolívar,Bib.Pop. Bernardino Rivadavia,Las Heras 80 0,-36.232083,-61.113533,Biblioteca Popular
6,Buenos Aires,Bolívar,Bib.Pop. D.F.Sarmiento,Av.San Martín 1065 0,-36.227783,-61.117417,Biblioteca Popular
6,Buenos Aires,Bolívar,Bib.Pop. María Alcira Cabrera,Falucho 780,-36.225283,-61.109183,Biblioteca Popular
6,Buenos Aires,Urdampilleta,Bib.Pop. D.F.Sarmiento,Carlos Pellegrini 345 0,-36.432117,-61.4216,Biblioteca Popular
6,Buenos Aires,Bragado,Bib.Pop. Manuel Belgrano,Pellegrini 1364,-35.1154,-60.4897,Biblioteca Popular
6,Buenos Aires,Comodoro Py,Bib.Pop. Florencio López,Esteban Rodriguez y Aberro 0,-35.32195,-60.521367,Biblioteca Popular
6,Buenos Aires,General O'Brien,Bib.Pop. Bernardino Rivadavia,Av.Gral.O`Brien y Chacabuco s/n,-34.907117,-60.760117,Biblioteca Popular
6,Buenos Aires,Mechita,Bib.Pop. José Ingenieros,Av.Quintana 2009,-35.074867,-60.421233,Biblioteca Popular
6,Buenos Aires,Warnes,Bib.Pop. José Ignacio Warnes,"Santa Fe s/n, ex Estación Ferrocarril 0",-34.910583,-60.537683,Biblioteca Popular
6,Buenos Aires,Coronel Brandsen,Bib.Pop. José de San Martín,Av.Mitre 251,-35.168483,-58.236983,Biblioteca Popular
6,Buenos Aires,Coronel Brandsen,Bib.Pop. Dr. Frutos Enrique Ortiz,Larrea 3077,-35.158767,-58.238933,Biblioteca Popular
6,Buenos Aires,Jeppener,Bib.Pop. Jeppener,Aldo Sequenza esq. Delaplace,-35.27795,-58.20295,Biblioteca Popular
6,Buenos Aires,Campana,Bib. Pop. Pilar A. de Traverso,Coltelli 1624,-34.1689,-58.959617,Biblioteca Popular
6,Buenos Aires,Cañuelas,Bib.Pop. D.F.Sarmiento,Lara 904 0,-35.053717,-58.762883,Biblioteca Popular
6,Buenos Aires,Cañuelas,Bib.Pop. Barrio San Esteban,Aromo 63,-35.037087,-58.741207,Biblioteca Popular
6,Buenos Aires,Capitán Sarmiento,Bib.Pop. Almafuerte,Av.Pte.Perón 467,-34.1775,-59.7907,Biblioteca Popular
6,Buenos Aires,Carlos Casares,Bib.Pop. José Ingenieros,Maya 503,-35.618033,-61.364067,Biblioteca Popular
6,Buenos Aires,Carlos Casares,Bib.Pop. El Libro Alegre,Avda. Pte Juan D. Perón 100,-35.622267,-61.365933,Biblioteca Popular
6,Buenos Aires,Smith,Bib.Pop.Esc. Dr. Enrique Smith,Fornero y Smith,-35.495217,-61.593633,Biblioteca Popular
6,Buenos Aires,Carlos Tejedor,Bib.Pop. Roque Saénz Peña,Alberto H.Almirón 148,-35.392067,-62.420533,Biblioteca Popular
6,Buenos Aires,Tres Algarrobos,Bib.Pop. Bernardino Rivadavia,25 de Mayo 420,-35.196633,-62.773567,Biblioteca Popular
6,Buenos Aires,Carmen de Areco,Bib.Pop. Juan Bautista Alberdi,Rivadavia 586,-34.378083,-59.8214,Biblioteca Popular
6,Buenos Aires,Castelli,Bib.Pop. Juan José Castelli,Falucho 155,-36.088517,-57.803333,Biblioteca Popular
6,Buenos Aires,Chacabuco,Bib.Pop. D.F.Sarmiento,San Martín 38,-34.64215,-60.470367,Biblioteca Popular
6,Buenos Aires,Rawson,Bib.Pop. Guillermo Rawson,25 de Mayo s/n,-34.60505,-60.066883,Biblioteca Popular
6,Buenos Aires,Chascomús,Bib.Pop. D.F.Sarmiento,Alvear 9,-35.577367,-58.01245,Biblioteca Popular
6,Buenos Aires,Chascomús,Bib.Pop.Soc.Fom. Nuestra Señora de Luján,H.Yrigóyen 578 0,-35.5659,-58.010717,Biblioteca Popular
6,Buenos Aires,Chascomús,Bib.Pub. San José Obrero,Florencio Chappa 625,-35.563967,-58.002483,Biblioteca Popular
6,Buenos Aires,Chascomús,Bib.Pop. Ambulante y Rural de Chascomus,Neuquén E Hipólito Yrigóyen 0,-35.559283,-58.012767,Biblioteca Popular
6,Buenos Aires,Chascomús,Bib.Pop. del Ipora Padre Luis Sánchez,Inmigrantes Arabes 569,-35.568083,-57.996183,Biblioteca Popular
6,Buenos Aires,Chivilcoy,Bib.Pop. Dr. Antonio Novaro,Moreno 30,-34.896533,-60.017683,Biblioteca Popular
6,Buenos Aires,Punta Alta,Bib.Pop. Esc. Ing. Luis Luiggi,Mitre 886,-38.877767,-62.070567,Biblioteca Popular
6,Buenos Aires,Punta Alta,Bib.Pop. Puntaltense Mercedes de San Martín,9 de julio 1051,-38.872267,-62.069567,Biblioteca Popular
6,Buenos Aires,Coronel Dorrego,Bib.Pop. Coronel Dorrego,Av.Ricardo Fuertes 674,-38.719633,-61.288733,Biblioteca Popular
6,Buenos Aires,El Perdido,Bib.Pop. de José A. Guisasola,Av.Raúl Loydi s/n 0,-38.674383,-61.09165,Biblioteca Popular
6,Buenos Aires,Oriente,Bib.Pop. Florentino Ameghino,Sarmiento 568,-38.74493,-60.609467,Biblioteca Popular
6,Buenos Aires,Coronel Pringles,Bib.Pop. Pringles,San Martín 675,-37.98515,-61.353783,Biblioteca Popular
6,Buenos Aires,Coronel Suarez,Bib.Pop. D.F.Sarmiento,Sarmiento 349,-37.456583,-61.934033,Biblioteca Popular
6,Buenos Aires,Coronel Suarez,Bib.  Infantil de Coronel Suarez,Las Heras 843,-37.455467,-61.930083,Biblioteca Popular
6,Buenos Aires,Huanguelen,Asoc.Bib.Pop.Púb.Esc. Dr. Baldomero Fernández Moreno,Avda. Sarmiento 851,-37.066017,-61.92365,Biblioteca Popular
6,Buenos Aires,Colón,Bib.Pop. Mariano Moreno,Calle 46 Nº  1027 0,-33.890533,-61.099033,Biblioteca Popular
6,Buenos Aires,Punta alta,Bib.Pop. Juan Bautista Alberdi,Rivadavia 353,-38.88035,-62.078167,Biblioteca Popular
6,Buenos Aires,Punta alta,Bib.Pop. Dr. Ricardo Gutierrez,Passo 702,-38.877733,-62.078367,Biblioteca Popular
6,Buenos Aires,Dolores,Bib.Pop. Gral. San Martín,Bartolomé Mitre 60,-36.311033,-57.678567,Biblioteca Popular
6,Buenos Aires,Ensenada,Bib.Pop. Mariano Moreno,Calle 48 Bis esq.126,-34.89765,-57.932683,Biblioteca Popular
6,Buenos Aires,Ensenada,Bib.Pop. Gral. José de San Martín,San Martín 715,-34.85535,-57.9127,Biblioteca Popular
6,Buenos Aires,Ensenada,Bib.Pop.Pub. Bartolomé Mitre,Alberdi esq.La Merced,-34.861167,-57.901967,Biblioteca Popular
6,Buenos Aires,Ensenada,Bib.Pub.Pop.Mun. B. Fernández Moreno,Horacio Cestino 379,-34.8631,-57.90065,Biblioteca Popular
6,Buenos Aires,Punta Lara,Bib.Pop. Osvaldo H. Merlo,Calle 19 esq.5 0,-34.80621,-57.986637,Biblioteca Popular
6,Buenos Aires,Belén de Escobar,Bib.Pop. Bernardino Rivadavia,H.Yrigoyen 514,-34.388017,-58.831983,Biblioteca Popular
6,Buenos Aires,Garín,Bib.Pop. Juan Bautista Alberdi,Presidente Perón 225,-34.42065,-58.733183,Biblioteca Popular
6,Buenos Aires,Luis Guillón,Bib.Pop. Florentino Ameghino,Ameghino 1640,-34.806417,-58.447,Biblioteca Popular
6,Buenos Aires,Monte Grande,Bib.Pop. Bernardino Rivadavia,Rojas 167,-34.817367,-58.470467,Biblioteca Popular
6,Buenos Aires,Monte Grande,Biblioteca Popular El Principito,Córdoba 337,-34.826183,-58.451317,Biblioteca Popular
6,Buenos Aires,La Unión,Soc. de Fom. y Bib. Pop. del Bo. Parque El Trébol,Los Alamos s/n 0,-34.882231,-58.5442,Biblioteca Popular
6,Buenos Aires,Tristán Suarez,Bib.Pop. D.F.Sarmiento,Marotto 361,-34.8937,-58.569467,Biblioteca Popular
6,Buenos Aires,Bosques,Bib. Pop. Lisandro de la Torre,Cabrera 810,-34.814267,-58.2225,Biblioteca Popular
6,Buenos Aires,Florencio Varela,Bib.Pop. Del Centro Cult. Sarmiento,Boccuzzi 97 0,-34.810017,-58.276183,Biblioteca Popular
6,Buenos Aires,Florencio Varela,Bib.Pop. Almafuerte,Dr. Gristein 2977,-34.805283,-58.2606,Biblioteca Popular
6,Buenos Aires,Florencio Varela,Bib.Pop. Guillermo Enrique Hudson,Boccuzzi 623,-34.809617,-58.267917,Biblioteca Popular
6,Buenos Aires,Florencio Varela,Bib. Pop. Dr. Florencio Varela,Zapiola 273,-34.816483,-58.273,Biblioteca Popular
6,Buenos Aires,Florencio Varela,Bib.Pop. Hugo del Carril,Calle 556 699,-34.81655,-58.29615,Biblioteca Popular
6,Buenos Aires,Florencio Varela,Bib.Pop. Santo Tomás de Aquino,Bogotá 4374,-34.800367,-58.243567,Biblioteca Popular
6,Buenos Aires,Florencio Varela,Asoc. Cult. y Bib. Pop. Dr. Ernesto de Muro,Remedios de Escalada 1335,-34.791607,-58.256245,Biblioteca Popular
6,Buenos Aires,Villa San Luis,Cen. Cult.  y Bib.Pop. Poetisa Alfonsina Storni,Calle 1336 esq. 1319 1319,-34.86825,-58.27375,Biblioteca Popular
6,Buenos Aires,Villa Vatteone,Bib. Pop. Florencio Sánchez,Virgen de Itatí 911,-34.83995,-58.278417,Biblioteca Popular
6,Buenos Aires,Mar del Sur,Bib.Mun.Pop. Eloisa M. Rissoli,Calle 23 e/100 y 98,-38.342667,-57.99445,Biblioteca Popular
6,Buenos Aires,Miramar,Bib.Pop.Mun. General José de San Martín,34 940,-38.278283,-57.843517,Biblioteca Popular
6,Buenos Aires,General Alvear,Bib.Pop. Florencio Balcarce,San Martín 341,-36.01695,-60.014533,Biblioteca Popular
6,Buenos Aires,Arribeños,Bib.Pop. Bernardino Rivadavia,Gral.Lavalle 88 0,-34.20835,-61.35665,Biblioteca Popular
6,Buenos Aires,Ascención,Bib.Pop. Domingo Faustino Sarmiento de Ascención,Rafael Reta 0,-34.231017,-61.104667,Biblioteca Popular
6,Buenos Aires,General Guido,Bib.Pop. Carlos Guido Spano,25 de Mayo,-36.641133,-57.792,Biblioteca Popular
6,Buenos Aires,General Juan Madariaga,Bib.Pop. José Hernández del Club Deportivo El León,Sarmiento 638,-36.994272,-57.139079,Biblioteca Popular
6,Buenos Aires,General La Madrid,Bib.Pop. Presidente Mitre,San Martín 666,-37.2485,-61.262833,Biblioteca Popular
6,Buenos Aires,General Las Heras,Bib.Pop. Felipe de Robles (h,Las Heras 940,-34.916667,-58.933333,Biblioteca Popular
6,Buenos Aires,General Lavalle,Bib.Pop.Pub.Mun. General Lavalle,Arturo de la Serna 1174,-36.406433,-56.94265,Biblioteca Popular
6,Buenos Aires,Coronel Granada,Bib.Pop.Esc. Antártida Argentina,San Martín y Lariguet 0,-34.789467,-62.201203,Biblioteca Popular
6,Buenos Aires,General Pinto,Bib.Pop. D.F.Sarmiento,San Martín y R. Gowland 0,-34.76567,-61.892545,Biblioteca Popular
6,Buenos Aires,General Pinto,Bib. Esc. Pop. Ricardo Rojas,Julio A.Roca 676,-34.762567,-61.894133,Biblioteca Popular
6,Buenos Aires,General Pinto,Bib. Pop. Juan XXIII,2 de abril 136,-34.767633,-61.901083,Biblioteca Popular
6,Buenos Aires,Mar del Plata,Bib.Pop. Juventud Moderna,Diag. Pueyrredón 3324 1º,-38,-57.5551,Biblioteca Popular
6,Buenos Aires,Mar del Plata,Bib.Pop.y C.Cult. Mar del Plata,Bolivar 4252,-37.994233,-57.566083,Biblioteca Popular
6,Buenos Aires,Mar del Plata,Bib.Pop. Juan Domingo Perón,Av.Jara 759,-37.979483,-57.565017,Biblioteca Popular
6,Buenos Aires,Mar del Plata,Bib.Pop. Barrio Santa Rita,Intendente Camusso 1152,-38.01775,-57.592833,Biblioteca Popular
6,Buenos Aires,Mar del Plata,Bib.Pop. y Cen.Cul. Centenario,Avellaneda y Tierra del Fuego Sector 3 Edificio 4  PB,-37.994833,-57.58715,Biblioteca Popular
6,Buenos Aires,Mar del Plata,Bib.Pop. El Desafío para Crecer,Juan N. Fernández 146,-37.996215,-57.604208,Biblioteca Popular
6,Buenos Aires,General Rodriguez,Bib.Pop. Leandro N. Alem,Av.España 146,-34.607167,-58.953883,Biblioteca Popular
6,Buenos Aires,Los Toldos,Bib. Pop. Mariano Moreno,Rivadavia 137,-34.994282,-61.035709,Biblioteca Popular
6,Buenos Aires,Los Toldos,Bib.Pop. Minchekewun,O´Higgins 1136,-35.000367,-61.038317,Biblioteca Popular
6,Buenos Aires,Banderalo,Bib.Esc.Pop. José Manuel Estrada,Ing.White 222,-35.016171,-63.37463,Biblioteca Popular
6,Buenos Aires,Cañada Seca,Bib.Pop.Pub.Mun. Dolores A. Cirio de Busso,C. Saavedra Lamas s/n 0,-34.433331,-62.950001,Biblioteca Popular
6,Buenos Aires,General Villegas,Bib.Pop.Pub.Mun. D.F.Sarmiento,Belgrano 229,-35.033783,-63.0131,Biblioteca Popular
6,Buenos Aires,Piedritas,Bib.Pop.Pub.Mun. Benito Lynch,Sarmiento 675,-34.777222,-62.984619,Biblioteca Popular
6,Buenos Aires,Santa Regina,Bib.Púb. Municipal Fortín de Gainza,Libertad  y Tucumán,-34.554749,-63.17688,Biblioteca Popular
6,Buenos Aires,Arroyo Venado,Bib.Pop. Angela A.B. de Abraham,Estación Ferrocarril Roca,-37.136215,-62.561939,Biblioteca Popular
6,Buenos Aires,Bonifacio-Laguna Alsina,Bib. Pop. José Hernández,26 de Julio 0,-36.80945,-62.242017,Biblioteca Popular
6,Buenos Aires,Casbas,Bib.Pop. Dardo Nepomuceno Arditi Rocha,Justo Condesse 357,-36.756483,-62.504817,Biblioteca Popular
6,Buenos Aires,Garré,Bib.Pop. Dra. Alicia Teresa Morales,Diagonal Norte 0,-36.560983,-62.601517,Biblioteca Popular
6,Buenos Aires,Guaminí,Bib.Pub. Mariano Moreno,San Martín 325,-37.0131,-62.4162,Biblioteca Popular
6,Buenos Aires,Henderson,Bib.Pop. Almafuerte,Diag.Yrigoyen 192,-36.301367,-61.71985,Biblioteca Popular
6,Buenos Aires,Hurlingham,Bib.Pop.Soc.Fom. Julián Aguirre,Julian Aguirre 1870,-34.59245,-58.639367,Biblioteca Popular
6,Buenos Aires,William C.Morris,Bib.Pop. Alfredo L. Palacios,Garibaldi 2138,-34.582117,-58.6451,Biblioteca Popular
6,Buenos Aires,Villa Udaondo,Soc.y Bib.Pop. La tradición,Julián Balbín 4020,-34.620327,-58.700737,Biblioteca Popular
6,Buenos Aires,Junín,Bib.Pop. Olegario V. Andrade,Belgrano 191,-34.590533,-60.949067,Biblioteca Popular
6,Buenos Aires,Junín,Bib.Pop. Paz y trabajo,Primera Junta 301,-34.582617,-60.935967,Biblioteca Popular
6,Buenos Aires,Junín,Bib.Pop. Pedro Aguilera,Paso esq. Siria 908,-34.5732,-60.943333,Biblioteca Popular
6,Buenos Aires,Junín,Bib.Pop. Esteban Echeverría,Lebensohn 501 y Gral.Lavalle 0,-34.590067,-60.935433,Biblioteca Popular
6,Buenos Aires,Junín,Bib.Pop. 9 de Julio,Roque Vasquez 7,-34.595933,-60.944717,Biblioteca Popular
6,Buenos Aires,Junín,Bib.Pop. Manuel Belgrano,Siria 385,-34.577133,-60.9479,Biblioteca Popular
6,Buenos Aires,Junín,Bib. Pop. Pio Soberano,General Paz 444,-34.5850218,-60.9483026,Biblioteca Popular
6,Buenos Aires,Morse,Bib.Pop. Juan Bautista Alberdi,Av. Los Tilos 47,-34.7604,-60.84195,Biblioteca Popular
6,Buenos Aires,Las Toninas,Bib.Pop. Las Toninas,Calle 1 1066,-36.487017,-56.69335,Biblioteca Popular
6,Buenos Aires,Mar del Tuyú,Bib.Pop. Vito Dumas,Calle 3 7552,-36.5778,-56.69195,Biblioteca Popular
6,Buenos Aires,Mar del Tuyú,Bib. Pop.Dr. José María Sobral,95 1108,-36.596739,-56.705267,Biblioteca Popular
6,Buenos Aires,San Clemente del Tuyú,Bib.Pop. Juan XXIII,8 1051,-36.35775,-56.724233,Biblioteca Popular
6,Buenos Aires,San Clemente del Tuyú,Soc.Fo.y Bib.Pop. El Tala,Calle 9 4068,-36.384667,-56.71695,Biblioteca Popular
6,Buenos Aires,Santa Teresita,Bib.Pub. Alfonsina Storni,Calle 7 256 1,-36.532533,-56.697717,Biblioteca Popular
6,Buenos Aires,Ciudad Evita,Bib.Pop. Alfonsina Storni,Circuns.5 Sec.1 Man.2 Casa 1,-34.719654,-58.540791,Biblioteca Popular
6,Buenos Aires,Ciudad Villa Madero,Bib.Pop. y Ctro Cult. José M. Estrada,Araoz 553,-34.68855,-58.509167,Biblioteca Popular
6,Buenos Aires,Gonzalez Catán,Bib.Pop. Ceferino Namuncura,Achupallas 7218,-34.77975,-58.60615,Biblioteca Popular
6,Buenos Aires,Isidro Casanova,Bib.Pop. Delia C. de Armagno,Brigadier General Juan Manuel de Rosas 8035,-34.712583,-58.591183,Biblioteca Popular
6,Buenos Aires,Isidro Casanova,Bib.Pop. Rotaria,Madrid esq. Sarrachaga 6198,-34.700983,-58.589833,Biblioteca Popular
6,Buenos Aires,La Tablada,Bib.Pop. Amigos de La Tablada,Avellaneda 5211,-34.68785,-58.522733,Biblioteca Popular
6,Buenos Aires,Rafael Castillo,Bib.Pop. Almafuerte de Rafael Castillo,Grauville 2158,-34.701067,-58.625467,Biblioteca Popular
6,Buenos Aires,Ramos Mejía,Bib.Pop. Tinkunaku-Lugar de encuentro,Felipe de Arana 750,-34.661933,-58.554017,Biblioteca Popular
6,Buenos Aires,San Justo,Bib.Pop. Almafuerte,Sarratea 4267,-34.684233,-58.55625,Biblioteca Popular
6,Buenos Aires,San Justo,Bib. Pop. Villa Sahores,Inclan 2063,-34.684083,-58.545817,Biblioteca Popular
6,Buenos Aires,San Justo,Bib.Pop. de la Imagen (CEIC),Juan Florio 3260,-34.681016,-58.560516,Biblioteca Popular
6,Buenos Aires,Tapiales,"Centro Cultural y Recreativo, Bib.Pop. Mariano Moreno",Humahuaca 254 1° piso,-34.69785,-58.511217,Biblioteca Popular
6,Buenos Aires,Virrey del Pino,Bib. Pop. Madre Teresa,Villanueva 3435,-34.809982,-58.637619,Biblioteca Popular
6,Buenos Aires,Virrey del Pino,Bib.Pop. Trabajadores del Yaguané,Cellini 5033,-34.83442,-58.672303,Biblioteca Popular
6,Buenos Aires,Virrey del Pino,Bib. Pop. Virrey del Pino,Gorostiaga 5885,-34.850467,-58.65555,Biblioteca Popular
6,Buenos Aires,City Bell,Bib.Pop. Florentino Ameghino,474- (Av.Cantilo),-34.869483,-58.044883,Biblioteca Popular
6,Buenos Aires,José Hernández,Bib.Pop. José Hernández,Calle 31 e/510 y 511 0,-34.90485,-58.01795,Biblioteca Popular
6,Buenos Aires,La Plata,Bib.Pop. Florentino Ameghino,Calle 58 Nº 774 0,-34.9225,-57.947317,Biblioteca Popular
6,Buenos Aires,La Plata,Bib.Pop. Bernardino Rivadavia,39 (e/115 y 116) 215,-34.899333,-57.95315,Biblioteca Popular
6,Buenos Aires,La Plata,Bib.Pop. Dr. Nicolás Avellaneda,Calle 7 2241,-34.8817,-57.994183,Biblioteca Popular
6,Buenos Aires,La Plata,Bib.Pop. Joaquín V. González,Avda. 40 1027,-34.915317,-57.968567,Biblioteca Popular
6,Buenos Aires,La Plata,Bib. Euforión,Diagonal 79 Nº 371 e/ 62 y 63 0,-34.915133,-57.930467,Biblioteca Popular
6,Buenos Aires,La Plata,Bib.Pop.Gral. San Martín,Calle 22 986,-34.929983,-57.963483,Biblioteca Popular
6,Buenos Aires,La Plata,Cen. de Fom. M. V y Bib.Pub.Pop. Enrique Gonino,Calle 67 1080,-34.935759,-57.943368,Biblioteca Popular
6,Buenos Aires,La Plata,Bib.Pop. Luis A. Repetto,Calle 59 584,-34.919617,-57.942317,Biblioteca Popular
6,Buenos Aires,La Plata,Bib. Pop. Florentino Ameghino,10 784,-34.9163,-57.9546,Biblioteca Popular
6,Buenos Aires,La Plata,"Bib.Pop. Juan Vucetich, C.C. Y Dep. Aconcagua",69 480,-34.926056,-57.928771,Biblioteca Popular
6,Buenos Aires,La Plata,Bib.Pop. Mario L. Sureda,Calle 14 Nº 1528 0,-34.930467,-57.944667,Biblioteca Popular
6,Buenos Aires,La Plata,Bib.Pop. Mariano Moreno,Calle 3 967,-34.91185,-57.94455,Biblioteca Popular
6,Buenos Aires,La Plata,Bib.Pop. Dardo Rocha,71 331,-34.925133,-57.923517,Biblioteca Popular
6,Buenos Aires,La Plata,Bib.Pop. Bernardo de Monteagudo,Calle 51 1088,-34.924367,-57.9591,Biblioteca Popular
6,Buenos Aires,La Plata,Bib.Pub. Central Gral. José de San Martín,Calle 47 510,-34.911367,-57.950267,Biblioteca Popular
6,Buenos Aires,La Plata,Bib.Pop. E. S. Discépolo para la Cult.Nac.,Calle 13 2226,-34.887533,-58.000317,Biblioteca Popular
6,Buenos Aires,La Plata,Bib. Pop. Homero Manzi,57 379 2,-34.9144,-57.940217,Biblioteca Popular
6,Buenos Aires,La Plata,Bib.Pop. Instituto Platense de Cult. Hispánica,Calle 6 1040,-34.915583,-57.946283,Biblioteca Popular
6,Buenos Aires,La Plata,Asoc.Cult.Bib.Pop. Vida y Lucha de Elizalde,81 s/n (frente al nº 1274) 0,-34.950428,-57.952118,Biblioteca Popular
6,Buenos Aires,La Plata,Casa del Tango y Bib.Pop. Carlos Gardel,Calle 43 413,-34.9063,-57.952567,Biblioteca Popular
6,Buenos Aires,La Plata,Cen. y Bib.Pop. Carlos Bormida,Calle 38 1918,-34.932617,-57.991667,Biblioteca Popular
6,Buenos Aires,La Plata,Cent.Cu. Y Bib.Pop. Enlazando palabras,Calle 521 4568,-34.92195,-58.017217,Biblioteca Popular
6,Buenos Aires,La Plata,Bib.Pop. Del otro lado del árbol,14  s/n 0,-34.920717,-57.953933,Biblioteca Popular
6,Buenos Aires,La Plata,Bib.Pop. La Chicharra,71 1138,-34.939899,-57.939992,Biblioteca Popular
6,Buenos Aires,Los Hornos,Bib.Pop.Bartolomé Mitre,137 1415,-34.917033,-58.016267,Biblioteca Popular
6,Buenos Aires,Manuel B.Gonnet,Bib.Pop. Dr. Roman S. Harosteguy,Calle 502 2068,-34.883433,-58.011767,Biblioteca Popular
6,Buenos Aires,Manuel B.Gonnet,Com.Vec.y Bib.Pop. Gonnet Bell,Calle 15 4080,-34.877417,-58.026617,Biblioteca Popular
6,Buenos Aires,Tolosa,Bib. Pop. Mariano Moreno,1 356,-34.8923421,-57.9666527,Biblioteca Popular
6,Buenos Aires,Tolosa,Bib.Pop. D.F.Sarmiento,522 s/n,-34.8916,-57.9797,Biblioteca Popular
6,Buenos Aires,villa Castells,Bib. Pop. Tupac Amaru infantil y juvenil,9 17,-34.887283,-57.994933,Biblioteca Popular
6,Buenos Aires,Villa Elisa,Bib.Pop. Alejo Iglesias,6 (ex12) 1086,-34.852017,-58.08055,Biblioteca Popular
6,Buenos Aires,Lanús,Cen. y Bib.Pop. Osvaldo Pugliese,Aristóbulo del Valle 1370,-34.703733,-58.411267,Biblioteca Popular
6,Buenos Aires,Lanús Este,Bib.Pop. Libertador San Martín,Eva Perón (y gral. deheza) 2597,-34.714967,-58.371683,Biblioteca Popular
6,Buenos Aires,Lanús Este,Bib. Pp. Soc. Bomberos Voluntarios de Lanús,Gral.Rodriguez 1039,-34.69835,-58.381067,Biblioteca Popular
6,Buenos Aires,Lanús Este,Bib.Pop.Mun. Mariano Moreno,Sarmiento esq. Tucumán,-34.70535,-58.388017,Biblioteca Popular
6,Buenos Aires,Lanús Este,Bib.Pop. Olga Cossettini,Centenario Uruguayo 580,-34.71475,-58.353933,Biblioteca Popular
6,Buenos Aires,Lanús Oeste,Bib.Pop. Florentino Ameghino,C.Warnes 1523,-34.696017,-58.41125,Biblioteca Popular
6,Buenos Aires,Lanús Oeste,Bib.Pop. Mariano Moreno,Enrique Fernandez 3168,-34.699745,-58.417332,Biblioteca Popular
6,Buenos Aires,Monte Chingolo,Bib.Pop. Monte Chingolo,General Pintos 4752,-34.731407,-58.350723,Biblioteca Popular
6,Buenos Aires,Remedios de Escalada,Bib.Pop. Alberdi,Coronel Beltran 70 0,-34.725956,-58.396282,Biblioteca Popular
6,Buenos Aires,Remedios de Escalada,Bib.Pop. Dr. E. Angel Barriocanal,General Deheza 3268 0,-34.728687,-58.385983,Biblioteca Popular
6,Buenos Aires,Remedios de Escalada,Bib. Pop. Juan B. Justo,Av.Luján 3392,-34.729553,-58.389496,Biblioteca Popular
6,Buenos Aires,Valentín Alsina,Bib.Pop.y Soc.Fom. D.F.Sarmiento,Av. Pte. Perón 3065,-34.671033,-58.409383,Biblioteca Popular
6,Buenos Aires,Valentín Alsina,Bib.Pop. 1 de Mayo,Balcarce 2725 0,-34.682517,-58.41575,Biblioteca Popular
6,Buenos Aires,Laprida,Bib.Pop. Laprida,Independencia 1136,-37.542817,-60.799633,Biblioteca Popular
6,Buenos Aires,Las Flores,Bib.Pop. 25 de Mayo,Rivadavia 325,-36.012783,-59.0991,Biblioteca Popular
6,Buenos Aires,Juan Bautista Alberdi,Bib.Pop. D.F.Sarmiento,Quintana 0,-34.440804,-61.810322,Biblioteca Popular
6,Buenos Aires,Leandro N. Alem,Bib.Pop. Mariano Moreno,Manuel Urizar 369,-34.519983,-61.39105,Biblioteca Popular
6,Buenos Aires,Vedia,Bib.Pop.Mun. Esteban Echeverría,Juan de Garay y San Martín 0,-34.496433,-61.542283,Biblioteca Popular
6,Buenos Aires,Arenaza,Bib.Pop. José M. Estrada,Av.El Progreso 300,-34.98635,-61.775417,Biblioteca Popular
6,Buenos Aires,Bayauca,Bib.Pop. Bartolomé Mitre,Sin dirección 0,-34.867067,-61.28785,Biblioteca Popular
6,Buenos Aires,Carlos Salas,Bib. Pop. D. F. Sarmiento,Buenos Aires y Tucumán 0,-35.392448,-61.99036,Biblioteca Popular
6,Buenos Aires,El Triunfo,Bib.Pop. Fortín de la Cult. El triunfo,9 de Septiembre,-35.087783,-61.5125,Biblioteca Popular
6,Buenos Aires,Las Toscas,Asoc.Bib.Pop.Mun. Jullian de Castiglioni,Simón Bolívar,-35.36224,-61.806332,Biblioteca Popular
6,Buenos Aires,Lincoln,Bib.Pop.Mun. D.F.Sarmiento,Av.Massey 1439 0,-34.870017,-61.53265,Biblioteca Popular
6,Buenos Aires,Loberia,Bib.Pop. D.F.Sarmiento,Sarmiento 120,-38.16465,-58.783983,Biblioteca Popular
6,Buenos Aires,Roberts,Bib.Pop. José Ingenieros,Rivadavia (Ex Estación de Ferrocarril) 1490,-35.140517,-61.97195,Biblioteca Popular
6,Buenos Aires,San Manuel,Bib.Pop. San Manuel,Belgrano 175,-37.786483,-58.8474,Biblioteca Popular
6,Buenos Aires,Empalme Lobos,Bib.Pop. Rivadavia,Rivadavia 50,-35.18535,-59.096217,Biblioteca Popular
6,Buenos Aires,Lobos,Bib.Pop. D.F.Sarmiento,Salgado 4143,-35.16975,-59.0992,Biblioteca Popular
6,Buenos Aires,Lobos,Bib.Pop. Albino Capponi,Rivadavia 36,-35.1855,-59.096217,Biblioteca Popular
6,Buenos Aires,Lobos,Bib.Pop. Héroes de Malvinas,Av.Leandro N.Alem 485,-35.184417,-59.093283,Biblioteca Popular
6,Buenos Aires,Banfield,Bib.Pop. Alfonsina Storni,Falucho 1550,-34.749917,-58.446767,Biblioteca Popular
6,Buenos Aires,Fiorito,Bib.Pop.Soc.Fom. Roberto Arlt,Necol 934,-34.710117,-58.446117,Biblioteca Popular
6,Buenos Aires,Ingeniero Budge,Bib. Pop. Leopoldo Marechal,Campana 1629,-34.713567,-58.4558,Biblioteca Popular
6,Buenos Aires,Llavallol,Bib.Pop. Escritores Argentinos,Pasaje Adrogué 186,-34.801317,-58.431367,Biblioteca Popular
6,Buenos Aires,Lomas de Zamora,Bib. Pop. Antonio Mentruyt,Italia 44,-34.761133,-58.401117,Biblioteca Popular
6,Buenos Aires,Lomas de Zamora,Bib.Pop.E Inst.Cult. Juan María Gutierrez,Almirante Brown 2163,-34.762,-58.39645,Biblioteca Popular
6,Buenos Aires,Lomas de Zamora,Bib.Pop. Julio Cortázar de Lomas Este,Miguel Cané 967,-34.751933,-58.383483,Biblioteca Popular
6,Buenos Aires,Lomas de Zamora,Bib.Pop. de la ciudad,San Martín 415,-34.754867,-58.4059,Biblioteca Popular
6,Buenos Aires,Temperley,Bib.Pop. Vicente Longhi,Av. 9 de Julio 360,-34.782383,-58.4011,Biblioteca Popular
6,Buenos Aires,Temperley,Bib.Pop. San José,Portugal y Armesti 0,-34.749533,-58.363883,Biblioteca Popular
6,Buenos Aires,Temperley,Bib.Pop. Tito Brandsma,Juramento 2515,-34.771076,-58.360558,Biblioteca Popular
6,Buenos Aires,Temperley,Bib.Pop. San Juan,El cardenal 4485,-34.750889,-58.343662,Biblioteca Popular
6,Buenos Aires,Carlos Keen,Bib.Pop. de Carlos Keen,José C. Paz 393,-34.49165,-59.2199,Biblioteca Popular
6,Buenos Aires,Luján,Bib. Pop.  Ameghino,San Martín 485,-34.565733,-59.11545,Biblioteca Popular
6,Buenos Aires,Luján,Bib. Obrera Jean Jaures,Lavalle 758,-34.5655,-59.111083,Biblioteca Popular
6,Buenos Aires,Luján,Bib.Pop. Ernesto Sábato,Güemes 860,-34.5681,-59.101667,Biblioteca Popular
6,Buenos Aires,Open Door,Bib.Pop. Juan Bautista Alberdi,Buenos Aires 1016 0,-34.488817,-59.076517,Biblioteca Popular
6,Buenos Aires,Bartolomé Bavio (General Mansilla),Bib.Pop. Edmundo Girardengo,San Julián 0 P.B.,-35.088249,-57.75248,Biblioteca Popular
6,Buenos Aires,Maipú,Bib.Pop.Mun. Juan José Elizondo,Belgrano 395,-36.859767,-57.8803,Biblioteca Popular
6,Buenos Aires,Grand Bourg,Bib.Pop. William C.Morris,El Callao e/Soler y O`Brien,-34.491083,-58.722817,Biblioteca Popular
6,Buenos Aires,Grand Bourg,Bib. Pop. El Cruce de Papel,Alfredo Palacios 98,-34.488933,-58.740483,Biblioteca Popular
6,Buenos Aires,Ingeniero Pablo Nogues,Bib.Pop. Pablo Nogués,25 de Febrero y Gregoria Matorres 0,-34.478569,-58.705723,Biblioteca Popular
6,Buenos Aires,Los Polvorines,Bib.Pop. de los Polvorines,Av.Pte.Perón 2992,-34.502022,-58.690502,Biblioteca Popular
6,Buenos Aires,Tortuguitas,La esperanza del Callao y Biblioteca Popular,Colombia 2119,-34.466233,-58.736283,Biblioteca Popular
6,Buenos Aires,General Pirán,Bib.Pop. José Ma. Viglietti,Mariano Moreno 135,-37.27615,-57.773895,Biblioteca Popular
6,Buenos Aires,Marcos Paz,Bib.Pop. Gral. San Martín,Sarmiento 1901,-34.781083,-58.837617,Biblioteca Popular
6,Buenos Aires,Mercedes,Bib.Pop. D.F.Sarmiento,Av.Mitre (29) 674,-34.6492,-59.4315,Biblioteca Popular
6,Buenos Aires,Libertad,Bib.Pop. Malvinas argentinas,Avda. Eva Peron 1317,-34.689333,-58.690417,Biblioteca Popular
6,Buenos Aires,Mariano Acosta,Bib.Pop. Perito Moreno,Viedma 950,-34.710483,-58.789767,Biblioteca Popular
6,Buenos Aires,Merlo,Bib.Pop. Manuel Galvez,Dean Funes 2507,-34.679883,-58.769117,Biblioteca Popular
6,Buenos Aires,Merlo Norte,Bib.Pop. Génesis,Bertole 1627,-34.650391,-58.711605,Biblioteca Popular
6,Buenos Aires,San Antonio de Padua,Bib. Pop. Ricardo Guiraldes,Volta 1374,-34.667217,-58.698624,Biblioteca Popular
6,Buenos Aires,Abbott,Asociación Cooperadora de la Biblioteca José Manuel Estrada de Abbott,San Martín,-35.281133,-58.804367,Biblioteca Popular
6,Buenos Aires,San Miguel del Monte,Bib.Pop.Mun. Manuel Belgrano,Giagnacovo 1075,-35.437767,-58.806705,Biblioteca Popular
6,Buenos Aires,Monte Hermoso,Bib.Pop. Monte Hermoso,Av.Bahía Blanca y Patagonia,-38.985333,-61.289,Biblioteca Popular
6,Buenos Aires,Cuartel V,Bib.Pop. Vicky,Gral. Mosconi 5635,-34.63401,-58.791382,Biblioteca Popular
6,Buenos Aires,Francisco Alvarez,Bib.Pop. Vicenta Castro Cambón,A. Jonte 989,-34.6348,-58.856083,Biblioteca Popular
6,Buenos Aires,Francisco Alvarez,Bib.Pop.Casa.Cult. Barrio Parque San Carlos,Gualeguaychú (e/Hipócrates y Coronel Suárez) 0,-34.648317,-58.8751,Biblioteca Popular
6,Buenos Aires,Francisco Alvarez,Bib.Pop. Almafuerte de Barrio Guemes,Colonia y Baradero 0,-34.6332,-58.878299,Biblioteca Popular
6,Buenos Aires,La Reja,Asoc.Civ.Bib.Pop. El Cobijo,Arenales y Ambrosetti 4521,-34.6775,-58.837917,Biblioteca Popular
6,Buenos Aires,La Reja,Bib. Pop. San José Obrero,Salvador Rueda 2070,-34.611383,-58.8427,Biblioteca Popular
6,Buenos Aires,Moreno,Bib.Pop. Mariano Moreno,Bv. Alcorta 2850,-34.650436,-58.791084,Biblioteca Popular
6,Buenos Aires,Moreno,Bib.Pop. Horacio Quiroga,Paraguay 5544,-34.603633,-58.766967,Biblioteca Popular
6,Buenos Aires,Moreno,Bib.Pop. El centro y los chicos,Guido Spano 925,-34.671217,-58.81585,Biblioteca Popular
6,Buenos Aires,Paso del Rey,Bib.Pop. Ciudad de Paso del Rey,25 de Mayo 23,-34.649783,-58.753883,Biblioteca Popular
6,Buenos Aires,Paso del Rey,Sociedad de fomento San Pedro y Biblioteca Popular OLEGARIO VICTOR ANDRADE,Dastugue 3570,-34.648233,-58.747367,Biblioteca Popular
6,Buenos Aires,Castelar,Bib.Pop. 9 de Julio,Martín Irigoyen 520,-34.653217,-58.64105,Biblioteca Popular
6,Buenos Aires,El Palomar,Bib.Pop. Juan Manuel Giufra,Madariaga 574,-34.606583,-58.5954,Biblioteca Popular
6,Buenos Aires,El Palomar,Bib. Pop. Arturo Jauretche de El Palomar,Crecencia Acosta 971,-34.627683,-58.605483,Biblioteca Popular
6,Buenos Aires,Haedo,Bib.Pop.Pub. Rosario Vera Peñaloza,Tacuarí 674,-34.646917,-58.586433,Biblioteca Popular
6,Buenos Aires,Haedo,Bib.Pop. Parlante Sur,Paris 532,-34.640433,-58.6015,Biblioteca Popular
6,Buenos Aires,Morón,Bib.Pop. José Hernández,Gob.Arana 3817,-34.690333,-58.63925,Biblioteca Popular
6,Buenos Aires,Morón,Asoc.y Bib.Pop. Juan Salvador Gaviota,J.M.Casullo 625 1,-34.65495,-58.6243,Biblioteca Popular
6,Buenos Aires,José Juan Almeyra,Bib. Pop. y Ctro. Cult. Almafuerte,San Francisco 305,-34.923183,-59.5426,Biblioteca Popular
6,Buenos Aires,Navarro,Bib.Pop.Pub. José R. de Erenchun,Calle 109 (Sarmiento Nº 67 0,-35.005767,-59.27755,Biblioteca Popular
6,Buenos Aires,Juan N. Fernandez,Bib.Pop.Pub. José Hernández,Calle 35 1367,-38.0067,-59.263033,Biblioteca Popular
6,Buenos Aires,Necochea,Bib.Pop. Andrés Ferreyra,Calle 54 Nº 3062 0,-38.55745,-58.7389,Biblioteca Popular
6,Buenos Aires,Necochea,Bib.Pop. José M. Estrada,Calle 57 Nº 2646,-38.553283,-58.738783,Biblioteca Popular
6,Buenos Aires,Necochea,Bib.Pop. D.F.Sarmiento,Avda. 55 585,-38.552533,-58.733883,Biblioteca Popular
6,Buenos Aires,Quequén,Bib. Pop. de Quequén,519 2245,-38.557233,-58.715067,Biblioteca Popular
6,Buenos Aires,Hinojo,Bib.Pop. D.F.Sarmiento,Av.Mitre s/n,-36.863117,-60.163167,Biblioteca Popular
6,Buenos Aires,Olavarría,Bib.Pop. Ferroviaria M.Gandhi,Bolivar 3031 0,-36.897967,-60.32395,Biblioteca Popular
6,Buenos Aires,Olavarría,Bib.Pop. Armando Collinet,Alsina 2659,-36.893333,-60.325333,Biblioteca Popular
6,Buenos Aires,Olavarría,Bib. Pop. Héctor N. Amoroso,Dean Funes 3329,-36.8977,-60.308967,Biblioteca Popular
6,Buenos Aires,Olavarría,Bib.Pop. Independencia,Tacuarí 2150,-36.888683,-60.339583,Biblioteca Popular
6,Buenos Aires,Olavarría,Bib.Pop. 1 de Mayo,Dorrego 2557,-36.888733,-60.325333,Biblioteca Popular
6,Buenos Aires,Olavarría,Bib.Pop. Coty Laborde,Coronel Suárez 1795,-36.888317,-60.332433,Biblioteca Popular
6,Buenos Aires,Olavarría,Bib.Pop. Vecinal Don Helios Eseverri,Balcarce 3620,-36.904608,-60.322316,Biblioteca Popular
6,Buenos Aires,Sierra Chica,Bib.Pop. Sierra Chica,Av.de los Fundadores esq. Vezza D´Oglio,-36.84565,-60.241683,Biblioteca Popular
6,Buenos Aires,Sierras Bayas,Bib. Pop. Sierras Bayas,Rivadavia 2190,-36.930038,-60.161044,Biblioteca Popular
6,Buenos Aires,,BP Del Otro Lado del Arbol,Rivadavia 4959,-36.879523,-60.304617,Biblioteca Popular
6,Buenos Aires,Carmen de Patagones,Bib.Pop. Cervantes,DR. Baraja 177 0,-40.801917,-62.984967,Biblioteca Popular
6,Buenos Aires,Francisco Madero,Bib.Pop. Nuestra Señora de Luján,H.Irigóyen 151 0,-35.853907,-62.067288,Biblioteca Popular
6,Buenos Aires,Juan J.Paso,Bib.Pop. D.F.Sarmiento,C.Pellegrini 151,-35.856628,-62.29797,Biblioteca Popular
6,Buenos Aires,Pehuajó,Bib.Pop. Bernardino Rivadavia,A.del Valle 567,-35.8094,-61.897567,Biblioteca Popular
6,Buenos Aires,Pehuajó,Bib.Pop. Dr. Dardo Rocha,Chassaing 214,-35.81665,-61.900083,Biblioteca Popular
6,Buenos Aires,Pellegrini,Bib.Pop. Bartolomé Mitre,Moreno 352,-36.26795,-63.166333,Biblioteca Popular
6,Buenos Aires,El Socorro,Bib.Pop. Melchor Echague,Adolfo Bulrich 844,-33.663317,-60.70805,Biblioteca Popular
6,Buenos Aires,Manuel Ocampo,Bib.Pop. Almafuerte,Bv.J.León Ocampo s/n y Dr.Menendez 0,-33.76667,-60.650002,Biblioteca Popular
6,Buenos Aires,Pergamino,Bib.Pop.Pub.Mun. Dr. Menéndez,Bv. Colón 687,-33.895567,-60.5763,Biblioteca Popular
6,Buenos Aires,Pergamino,Bib.Pop. José Manuel Estrada,Estrada 1225,-33.89815,-60.58035,Biblioteca Popular
6,Buenos Aires,Manuel Alberti,Bib.Pop. P.U.M.A.,Santa Rita 1076,-34.4583,-58.776417,Biblioteca Popular
6,Buenos Aires,Manzanares,Bib. Pop. Javier Velázquez,Río NIlo 554,-34.454083,-58.993117,Biblioteca Popular
6,Buenos Aires,Manzanares,Bib.Pop. y Casa de la Cult. Estación Manzanares,Manzotti s/n,-34.451793,-59.006944,Biblioteca Popular
6,Buenos Aires,Pilar,Bib.Pop. Bartolomé Mitre,Belgrano 553 0,-34.45765,-58.914033,Biblioteca Popular
6,Buenos Aires,Pilar,Bib.Pop. Palabras del Alma,Corbeta Céfiro 2071,-34.477362,-58.916942,Biblioteca Popular
6,Buenos Aires,Presidente Derqui,Bib.Pop. Presidente Derqui,Dorrego 543,-34.49315,-58.836,Biblioteca Popular
6,Buenos Aires,Ostende,Bib.Pop. de Ostende,España  (y Avda. Central) 348,-37.124517,-56.8892,Biblioteca Popular
6,Buenos Aires,Pinamar,Bib.Pop. Manuel Belgrano,de las Medusas 1230,-37.108667,-56.866983,Biblioteca Popular
6,Buenos Aires,Bordenave,Casa de la Cult. y Bib.Pop. José Hernández,España 0,-37.806233,-63.038583,Biblioteca Popular
6,Buenos Aires,Darregueira,Bib.Pop. Sur,Urquiza 255,-37.692933,-63.159067,Biblioteca Popular
6,Buenos Aires,Puán,Bib.Pop. Bernardino Rivadavia,Humberto I 668,-37.548567,-62.766467,Biblioteca Popular
6,Buenos Aires,Verónica,Bib.Pop. Mariano Moreno,23 1523,-35.385433,-57.339133,Biblioteca Popular
6,Buenos Aires,Bernal,Bib.Pop. José Manuel Estrada,Espora 105 bis 0,-34.706567,-58.28,Biblioteca Popular
6,Buenos Aires,Bernal,Mariano Moreno,Belgrano 450 0,-34.710867,-58.28345,Biblioteca Popular
6,Buenos Aires,Bernal,Bib.Pop. Fundaterra,Hipolito Vieytes y Otamendi Bis 0,-34.772633,-58.2641,Biblioteca Popular
6,Buenos Aires,Don Bosco,Bib.Pop. de Don Bosco,Ciudadela 2158,-34.7,-58.2941,Biblioteca Popular
6,Buenos Aires,Ezpeleta,Bib.Pop. de Ezpeleta Alfonsina Storni,Lavalle 5088,-34.749983,-58.235183,Biblioteca Popular
6,Buenos Aires,Ezpeleta,Bib.Pop. Atahualpas,Caracas y Colombia,-34.75085,-58.24335,Biblioteca Popular
6,Buenos Aires,Quilmes,Bib.Pop. Pedro Goyena,San Luis 948,-34.723083,-58.274233,Biblioteca Popular
6,Buenos Aires,Quilmes,Bib. Pop. Los Cooperarios,Lafinur 2816,-34.753283,-58.27985,Biblioteca Popular
6,Buenos Aires,Quilmes,Asoc.y Bib.Pop. Dr. Juan Martín Vilaseca,Condarco 1415,-34.733933,-58.2767,Biblioteca Popular
6,Buenos Aires,Quilmes,Bib.Pop. del Río de Quilmes,Las Rosas 1665,-34.707617,-58.229683,Biblioteca Popular
6,Buenos Aires,San Francisco Solano,Bib.Pop. Juan Bautista Alberdi,Calle 843 2466,-34.777883,-58.309783,Biblioteca Popular
6,Buenos Aires,San Francisco Solano,Bib.Pop. Joan Rico de Bahia,Calle 836 1838,-34.77025,-58.306867,Biblioteca Popular
6,Buenos Aires,El Paraíso,Bib.Pop. Rincón de luz,Ruta 1001 Cuartel 12,-33.568617,-59.978783,Biblioteca Popular
6,Buenos Aires,Ramallo,Bib.Pop. José Manuel Estrada,Av.Mitre 724 0,-33.48455,-60.002067,Biblioteca Popular
6,Buenos Aires,Villa General Savio,Bib.Pop. Carlos Angel González,Simón Sanchez 666,-33.4367,-60.14535,Biblioteca Popular
6,Buenos Aires,Villa Ramallo,Bib.Pop. Fortunato Zampa,Primera Junta 52,-33.499633,-60.0687,Biblioteca Popular
6,Buenos Aires,Rauch,Bib.Pop. Guido y Spano,Av.San Martín 258 0,-36.777717,-59.09225,Biblioteca Popular
6,Buenos Aires,Rauch,Ropero Comunitario y Bib. Pop. Eva Perón,Pellegrini 37,-36.7718,-59.08605,Biblioteca Popular
6,Buenos Aires,América,Bib.Mun.Pop. Dr. Tomás Jofre,Mitre 135,-35.487117,-62.972283,Biblioteca Popular
6,Buenos Aires,Rojas,Bib.Pop. Juan Bautista Alberdi de Rojas,General Frias 275,-34.2012,-60.733417,Biblioteca Popular
6,Buenos Aires,Roque Perez,Bib. Pop. Esteban Echeverría,L. N. Alem 1245,-35.399547,-59.333618,Biblioteca Popular
6,Buenos Aires,Arroyo Corto,Bib.Pop. Juan Bautista Alberdi,Biga y Gossetti 0,-37.509883,-62.314467,Biblioteca Popular
6,Buenos Aires,Pigüe,Bib.Pop. D.F.Sarmiento,Av.Mitre 170 0,-37.605117,-62.403933,Biblioteca Popular
6,Buenos Aires,Saavedra,Bib.Pop. Juan Bautista Alberdi,25 de Mayo 139,-37.768633,-62.348083,Biblioteca Popular
6,Buenos Aires,Saladillo,Bib.Pop.Mun. Bartolomé Mitre,Rivadavia 3402,-35.640933,-59.782567,Biblioteca Popular
6,Buenos Aires,Arroyo Dulce,Bib.Pop. Renacer,Avda. Gowland 0,-34.103117,-60.410717,Biblioteca Popular
6,Buenos Aires,Salto,Bib.Pop. Dr. Tristán G. Lobos,Av.B.Mitre y San Martín 0,-34.293733,-60.25365,Biblioteca Popular
6,Buenos Aires,San Andrés de Giles,Bib.Pop. Alberdi,Rivadavia 658,-34.443367,-59.4473,Biblioteca Popular
6,Buenos Aires,San Antonio de Areco,Bib.Pop. Belgrano,Arellano 115,-34.2433,-59.47315,Biblioteca Popular
6,Buenos Aires,San Antonio de Areco,Bib.Pop. Mariano Moreno,Alvear 322,-34.248533,-59.473517,Biblioteca Popular
6,Buenos Aires,San Cayetano,Bib.Pop. Bernardino Rivadavia,Belgrano 266,-38.345267,-59.612517,Biblioteca Popular
6,Buenos Aires,San Cayetano,Bib.Pop. D.F.Sarmiento,9 de Julio 268,-38.34525,-59.610317,Biblioteca Popular
6,Buenos Aires,Islas de San Fernando,Bib.Pop. Delta del Paraná (Bibliolancha,Río Carabelas (Muelle EGB Nro 10) 0,-34.443062,-58.557964,Biblioteca Popular
6,Buenos Aires,San Fernando,Bib.Pop. Juan N. Madero,Constitución 622 0,-34.438293,-58.560268,Biblioteca Popular
6,Buenos Aires,San Fernando,Bib.Pop.y Soc.Fom. Santa Genoveva,Arroyo Felicaria S/N 0,-34.443062,-58.557964,Biblioteca Popular
6,Buenos Aires,San Fernando,Bib. Pop. de San Fernando Leopoldo Murcho,Nuestra Señora de Aranzazu 10,-34.448223,-58.5741,Biblioteca Popular
6,Buenos Aires,Victoria,Bib.Pop. Rómulo S. Naón,Simón de Iriondo 1441,-34.454017,-58.54175,Biblioteca Popular
6,Buenos Aires,Virreyes,Bib.Pop. Dra. Alicia Moreau de Justo,Avda. Avellaneda 3025,-34.4569,-58.5649,Biblioteca Popular
6,Buenos Aires,Virreyes,Bib.Pop. La Casa de las palabras,Quintana esq. Matheu,-34.462467,-58.5743,Biblioteca Popular
6,Buenos Aires,Beccar,Bib.Pop. Club de madres de B.Sauce,Padre Acevedo 88,-34.464985,-58.547718,Biblioteca Popular
6,Buenos Aires,Beccar,Bib.Pop.y Ctro. Cultural de Beccar,Roma esq. Posadas 1757,-34.471533,-58.54695,Biblioteca Popular
6,Buenos Aires,Beccar,Bib.Pop. Cava Joven,Neyer 2360,-34.474533,-58.5495,Biblioteca Popular
6,Buenos Aires,Martinez,Bib.Pop. Bernardino Rivadavia,Aristóbulo del Valle 199,-34.48645,-58.499883,Biblioteca Popular
6,Buenos Aires,San Isidro,Bib.Pop. Juan M. de Pueyrredón,9 de Julio 501,-34.46815,-58.5104,Biblioteca Popular
6,Buenos Aires,San Isidro,Bib.Pop. de la Ribera,Del Barco Centenera 895,-34.465867,-58.506933,Biblioteca Popular
6,Buenos Aires,San Isidro,Bib.Pop. La Calabria Popular,Diego Palma 41,-34.470867,-58.516733,Biblioteca Popular
6,Buenos Aires,General San Martín,Bib.Pop. Gral. San Martín,Matheu (56) 3728,-34.575603,-58.539124,Biblioteca Popular
6,Buenos Aires,General San Martín,Bib.Pub.Pop. Parlante Nuevo Ser,Ayacucho 2377,-34.5712589,-58.5375018,Biblioteca Popular
6,Buenos Aires,Jose Leon Suarez,La Carcova,Beltran 717,-34.516596,-58.569419,Biblioteca Popular
6,Buenos Aires,José León Suarez,Bib. Pop. Roberto Clemente,Av. Juan M. de Rosas 2485,-34.529883,-58.574683,Biblioteca Popular
6,Buenos Aires,José León Suárez,Bib.Pop. Martín Fierro,Prof. Aguer 8628,-34.569534,-58.572224,Biblioteca Popular
6,Buenos Aires,San Andrés,Bib.Pop. Juan Bautista Alberdi,Ríobamba 2675,-34.56819,-58.540092,Biblioteca Popular
6,Buenos Aires,San Andrés,Bib.Pop. Maestro Diego Pombo,Calle 70 Nº 3357-(Ex La Crujia 0,-34.567245,-58.543719,Biblioteca Popular
6,Buenos Aires,San Andrés,Bib.Pop. Profesor Carlos Serraz,Nº 91- San Lorenzo 3169,-34.568085,-58.550121,Biblioteca Popular
6,Buenos Aires,Villa Ballester,Bib.Pop. Bernardino Rivadavia,Calle 122 3155,-34.551133,-58.561317,Biblioteca Popular
6,Buenos Aires,Villa Ballester,Bib.Pop. Maestra María Silva,Calle 39 (Ex María Silva) 234,-34.549236,-58.558819,Biblioteca Popular
6,Buenos Aires,Villa Ballester,Bib.Esc.Pop. Fray Mocho,Lacroze 1,-34.54427,-58.558985,Biblioteca Popular
6,Buenos Aires,Villa Ballester,Bib. Pop. Rioplatense,Colón 3772,-34.554933,-58.566883,Biblioteca Popular
6,Buenos Aires,Villa Humberto,Bib.Pop. y Cen.Cul Villa Humberto,Calle 115 (Lavalle) 1700,-34.575951,-58.53727,Biblioteca Popular
6,Buenos Aires,Villa Zagala,Bib.Pop. José Murillo,Uriburu 3657,-34.546242,-58.527745,Biblioteca Popular
6,Buenos Aires,Bella Vista,Bib.Pop. Hist. E. I. Munzon,Senador Morón 114,-34.55845,-58.66805,Biblioteca Popular
6,Buenos Aires,Bella Vista,Bib.Pop.y C.Rec. Entre todos,Salta 2715,-34.58095,-58.688017,Biblioteca Popular
6,Buenos Aires,Muñiz,Bib.Pop. y Cen. Recr. El faro,Azcuenaga 3245,-34.566367,-58.7173,Biblioteca Popular
6,Buenos Aires,San Miguel,Bib.Pop.Mun. D.F.Sarmiento,Sarmiento 1503,-34.543667,-58.711983,Biblioteca Popular
6,Buenos Aires,San Nicolás,Bib.Pop. Rafael de Aguiar,Ameghino 399,-33.337583,-60.218,Biblioteca Popular
6,Buenos Aires,San Nicolás,Bib. Pop. Barrio del Carmen,Cnel. Boerr 709,-33.354267,-60.208967,Biblioteca Popular
6,Buenos Aires,San Pedro,Bib.Pop. Rafael Obligado,Bartolomé Mitre 460 0,-33.676433,-59.663983,Biblioteca Popular
6,Buenos Aires,Santa Lucía,Bib.Pop. D.F.Sarmiento,Sarmiento 405,-33.881,-59.875017,Biblioteca Popular
6,Buenos Aires,Alejandro Korn,Bib.Pop. D.F.Sarmiento,Independencia 16,-34.974533,-58.383217,Biblioteca Popular
6,Buenos Aires,San Vicente,Bib.Pop. Bartolomé Mitre,9 de Julio 24,-35.024717,-58.422783,Biblioteca Popular
6,Buenos Aires,Suipacha,Bib.Pop.y Museo José Manuel Estrada,Balcarce 645 0,-34.770217,-59.68945,Biblioteca Popular
6,Buenos Aires,Gardey,Bib.Pop. La Vieja Escuela,18 - Estacion de Ferrocarril 0,-37.280057,-59.362515,Biblioteca Popular
6,Buenos Aires,Maria Ignacia,Bib.Pop. José Ingenieros,Av.Uriburu 137,-37.398583,-59.507517,Biblioteca Popular
6,Buenos Aires,Tandil,Bib.Pop. Juan Bautista Alberdi,Av.Colón 1341,-37.31535,-59.135833,Biblioteca Popular
6,Buenos Aires,Tandil,Bib.Pop. Bernardino Rivadavia,San Martín 516,-37.326767,-59.13775,Biblioteca Popular
6,Buenos Aires,Tandil,Bib.Pop. Juan Antonio Salceda,Av.Colón 1479 0,-37.3144,-59.1364,Biblioteca Popular
6,Buenos Aires,Tandil,Biblioteca Popular Sarmiento- Villa Italia- Tandil,Quintana 450,-37.2949,-59.158717,Biblioteca Popular
6,Buenos Aires,Tandil,Bib.Pop. Ernesto Valor,Barifi 185,-37.318817,-59.155883,Biblioteca Popular
6,Buenos Aires,Tandil,Bib.Pop. Juan L. Vatuone,Av.Rivadavia 371,-37.326467,-59.146733,Biblioteca Popular
6,Buenos Aires,Tandil,Bib.Pop.Mun.Asoc.A. Sala abierta de lectura Inf-Juv,Chacabuco 729,-37.32575,-59.140067,Biblioteca Popular
6,Buenos Aires,Tandil,Bib.Pop. Paula Albarracín de Sarmiento,Tucumán 562 y Saenz Peña 0,-37.292917,-59.156833,Biblioteca Popular
6,Buenos Aires,Tandil,Bib.Pop. Bepo Ghezzi,Formosa 888,-37.318583,-59.163383,Biblioteca Popular
6,Buenos Aires,Tandil,Bib.Pop. Monseñor Luis J. Actis,Venezuela 366,-37.322167,-59.112467,Biblioteca Popular
6,Buenos Aires,Tandil,Bib. Pop. de las Mujeres,Lobería 750,-37.33625,-59.1201,Biblioteca Popular
6,Buenos Aires,Tandil,Bib. Pop. Martín Fierro,Casacuberta 581,-37.295167,-59.123767,Biblioteca Popular
6,Buenos Aires,Tapalqué,Bib.Pop.Mun. José Hernández,Bartolomé Mitre 178,-36.35725,-60.023733,Biblioteca Popular
6,Buenos Aires,Benavídez,Bib.Pop. Ricardo Güiraldes,Eduardo Madero 3246,-34.412417,-58.698467,Biblioteca Popular
6,Buenos Aires,Don Torcuato,Bib.Pop. José Ingenieros,Buschiazzo 2264,-34.493967,-58.634917,Biblioteca Popular
6,Buenos Aires,Don Torcuato,Bib. Pop. Mariano Moreno,Avda. Alvear (Ruta 202) 840,-34.482233,-58.60895,Biblioteca Popular
6,Buenos Aires,Don Torcuato,Bib.Pop. y Museo del Cine Leonardo Favio,Av. Boulogne Sur Mer y Lisandro de la Torre 0,-34.484917,-58.62065,Biblioteca Popular
6,Buenos Aires,El Talar,Bib.Pop.y C.Cult. El talar,Brasil 1152,-34.465729,-58.64595,Biblioteca Popular
6,Buenos Aires,General Pacheco,Bib.Pop. Juan José Castelli,Córdoba 625 0,-34.4541,-58.634367,Biblioteca Popular
6,Buenos Aires,General Pacheco,Bib. Pop. Unión de Educ. de Tigre,Neuquén 183,-34.459417,-58.64175,Biblioteca Popular
6,Buenos Aires,López Camelo,Bib.Pop. Lopez Camelo,PAul Groussac 3276,-34.448925,-58.695282,Biblioteca Popular
6,Buenos Aires,Ricardo Rojas,Bib.Pop. Ricardo Rojas,Avellaneda 2505,-34.459933,-58.678367,Biblioteca Popular
6,Buenos Aires,Tigre,Bib.Pop. D.F.Sarmiento,Av. Lib. Gral.San Martín 440,-34.420233,-58.584583,Biblioteca Popular
6,Buenos Aires,Tigre,Bib.Pop. Troncos del Talar,Independencia 1653,-34.4507,-58.603867,Biblioteca Popular
6,Buenos Aires,Tigre,Ctro. Cult. Com. y Bib. Pop. Caraguatá,Arroyo Caraguatá 797,-34.422683,-58.5809,Biblioteca Popular
6,Buenos Aires,Tigre,Bib. Pop. Seamos Libres,Arroyo Caraguatá 790,-34.3228211,-58.6883999,Biblioteca Popular
6,Buenos Aires,General Conesa,Bib.Mun.Pop. José Manuel Estrada,José Hernández,-36.518288,-57.324123,Biblioteca Popular
6,Buenos Aires,Saldungaray,Bib.Pop. Gral. San Martín,La Plata 0,-38.204867,-61.7702,Biblioteca Popular
6,Buenos Aires,Sierra de la Ventana,Bib.Pop. Mariano Moreno,J.B.Alberdi 70,-38.1341,-61.79405,Biblioteca Popular
6,Buenos Aires,Tornquist,Bib.Pop. Ernesto Tornquist,Av.E.Tornquist 355 0,-38.10155,-62.2247,Biblioteca Popular
6,Buenos Aires,Villa Ventana,Bib.Pop. Macedonio Fernández,Pillahuincó 0,-38.0856,-61.934883,Biblioteca Popular
6,Buenos Aires,Trenque Lauquen,Bib.Pop.Pub. Rivadavia,Villegas 668,-35.9747,-62.7322,Biblioteca Popular
6,Buenos Aires,Trenque Lauquen,Bib.Pop. Bartolomé Mitre,Alem 790,-35.979317,-62.740433,Biblioteca Popular
6,Buenos Aires,Claromecó,Bib.Pop. Dr. Bernardo A. Houssay,20 372,-38.85735,-60.074167,Biblioteca Popular
6,Buenos Aires,Copetonas,Bib.Pop. Almafuerte,Armada Argentina 335,-38.722917,-60.452433,Biblioteca Popular
6,Buenos Aires,Micaela Cascallares,Bib.Pop. Luz y Cultura,Italia 0,-38.494583,-60.467033,Biblioteca Popular
6,Buenos Aires,Orense,Bib.Pop.Pub. Amigos del libro,J.P.de Riglos 20 0,-38.687417,-59.782333,Biblioteca Popular
6,Buenos Aires,Reta,Bib.Pop. Un mundo de libros,Calle 35 y 42 0,-38.891117,-60.343883,Biblioteca Popular
6,Buenos Aires,San Francisco de Belloq,Bib.Pop. San Francisco de Bellocq,Calle 15 446,-38.691284,-60.015125,Biblioteca Popular
6,Buenos Aires,Tres Arroyos,Bib.Pop. D.F.Sarmiento,Av.Moreno 334,-38.379233,-60.272283,Biblioteca Popular
6,Buenos Aires,Tres Arroyos,Bib.Pop. José Ingenieros,Bolivar 132,-38.3789,-60.280767,Biblioteca Popular
6,Buenos Aires,Tres Arroyos,Bib. Pop. La tranquera,Bolivar 1804,-38.364317,-60.292017,Biblioteca Popular
6,Buenos Aires,Tres Arroyos,Bib.Pop. Hugo Delgiorgio,20 de abril 1180,-38.376017,-60.253493,Biblioteca Popular
6,Buenos Aires,Caseros,Bib.Pop. Juan Bautista Alberdi,Sarmiento 2706,-34.607867,-58.565733,Biblioteca Popular
6,Buenos Aires,Caseros,Bib.Pop. Bartolomé Mitre,Av.Mitre 4752,-34.610083,-58.563167,Biblioteca Popular
6,Buenos Aires,Caseros,Bib. Pop. Patria y labor,Bartolomé Mitre 4848,-34.609883,-58.565,Biblioteca Popular
6,Buenos Aires,Caseros,Bib.Pop. 15 de Agosto,Puán 3855,-34.617817,-58.551433,Biblioteca Popular
6,Buenos Aires,Caseros,Bib.Pop. General San Martín,Julio Perdiguero 2310,-34.60345,-58.558717,Biblioteca Popular
6,Buenos Aires,Ciudad Jardín de Palomar,Bib. Pop. Ciudad Jardín,Boulevard Finca 6579,-34.597667,-58.593867,Biblioteca Popular
6,Buenos Aires,José Ingenieros,Bib.Pop. José Ingenieros,Rca.Arabe Siria 1950,-34.617676,-58.538879,Biblioteca Popular
6,Buenos Aires,Saenz Peña,Asoc.Cultural y Bib.Pop. Mariano Moreno,Springolo 680,-34.600717,-58.529811,Biblioteca Popular
6,Buenos Aires,Saenz Peña,Inst.y Bib.Pop. Almafuerte,San Pedro 1174,-34.604313,-58.528965,Biblioteca Popular
6,Buenos Aires,Tres Lomas - Pellegrini,Bib.Pop. Bernardino Rivadavia,9 de Julio 943,-36.46175,-62.858333,Biblioteca Popular
6,Buenos Aires,Florida,Bib.Pop. Nora Bombelli,Francia 3569,-34.532783,-58.511217,Biblioteca Popular
6,Buenos Aires,Olivos,Bib.Pop. Vicente López y Planes,Av.Maipú 2901 0,-34.5094,-58.49155,Biblioteca Popular
6,Buenos Aires,Olivos,Bib.Pop. Arandú,Avda. Florida 2010,-34.5202,-58.493283,Biblioteca Popular
6,Buenos Aires,Vicente Lopez,Bib. Pop. Sudestada,Aristobulo Del Valle 1631,-34.537067,-58.478583,Biblioteca Popular
6,Buenos Aires,Vicente López,Bib.Pop. Bernardo Delom,Gral.J.J.de Urquiza 1489,-34.525683,-58.482617,Biblioteca Popular
6,Buenos Aires,Villa Martelli,Bib.Pop. Leon Adolfo Vienni,Estados Unidos 328,-34.54675,-58.502633,Biblioteca Popular
6,Buenos Aires,Villa Gesell,Bib.Pop. Rafael Obligado,Av. 6 549,-37.254633,-56.972267,Biblioteca Popular
6,Buenos Aires,Villa Gesell,Asoc.de Fomento Atlantica y Biblioteca Popular,Boulevard 3112,-37.269217,-56.989467,Biblioteca Popular
6,Buenos Aires,Argerich,Bib.Pop. Argerich,Rivadavia y  Murphy 0,-38.773499,-62.605591,Biblioteca Popular
6,Buenos Aires,Hilario Ascasubi,Bib.Pop. Hilario Ascasubi,Calle 3 (San Martín)  e/10 y 12 0,-39.37625,-62.649967,Biblioteca Popular
6,Buenos Aires,Mayor Buratovich,Bib.Pop.Esc. Cervantes,Maestro Balcanera,-39.25955,-62.608883,Biblioteca Popular
6,Buenos Aires,Médanos,Bib.Pop. Bartolomé Mitre,Bartolomé Mitre 37 0,-38.82858,-62.694325,Biblioteca Popular
6,Buenos Aires,Zárate,Bib.Pop. D.F.Sarmiento,Justa Lima de Atucha 667,-34.100783,-59.021033,Biblioteca Popular
10,Catamarca,Los Varelas,Bib.Pop. Juventudes Ambateñas,Sin dirección,-27.950001,-65.866669,Biblioteca Popular
10,Catamarca,Andalgalá,Bib.Pop. D.F.Sarmiento,San Martín y Perez Zurita,-27.583467,-66.3163,Biblioteca Popular
10,Catamarca,Belén,Bib.Pop. Obispo Esquiu,San Martín 218,-27.661533,-67.029,Biblioteca Popular
10,Catamarca,Belén,Bib. Pop. Julio Ricardo Figueroa,Urquiza s/n,-27.6527,-67.025317,Biblioteca Popular
10,Catamarca,Corral Quemado,Bib.Pop. Salvador B. Herrera,Sin dirección,-27.1423,-66.943967,Biblioteca Popular
10,Catamarca,Hualfin,Bib.Pop. Casa de la Cultura,Juan Chelemun s/n,-27.22431,-66.831161,Biblioteca Popular
10,Catamarca,Londres,Bib.Pop. Manuel Lainez,J.Perez de Zurita s/n,-27.713033,-67.142367,Biblioteca Popular
10,Catamarca,Chumbicha,Bib.Pop. D.F.Sarmiento,San Martín e Independencia,-28.853413,-66.236038,Biblioteca Popular
10,Catamarca,Colonia del Valle,Bib.Pop. del Valle,Centro Civico - Calle 5 y 12,-28.76667,-66.066681,Biblioteca Popular
10,Catamarca,Huillapima,Bib.Pop. José M. Ramos Mejia,Lulo Corzo s/n 0,-28.732,-65.983887,Biblioteca Popular
10,Catamarca,Nueva Coneta,Bib.Pop. J. M. Estrada,Calle 2 - Centro Civico,-28.58333,-65.900002,Biblioteca Popular
10,Catamarca,San Fernando del Valle de Catamarca,Bib.Pop. Manuel Ponferrada,Eulalia Ares de Vildoza 29 0,-28.461884,-65.753075,Biblioteca Popular
10,Catamarca,San Fernando del Valle de Catamarca,Bib.Pop. E. H. Mateo de Barros,"Casa 203, Flia. Palacios, Ctro. Integrador Comunitario",-28.46899,-65.778969,Biblioteca Popular
10,Catamarca,San Fernando del Valle de Catamarca,Bib.Pop. Eulalia A. de Vildoza,Esquiu 1140,-28.466417,-65.77055,Biblioteca Popular
10,Catamarca,San Fernando del Valle de Catamarca,Bib.Pop. San Luis Gonzaga,Capitán Juan Salas 2426,-28.452423,-65.744125,Biblioteca Popular
10,Catamarca,Guayamba,Bib.Pop. F. E. Casillo,Depto.El Alto,-28.35,-65.416672,Biblioteca Popular
10,Catamarca,Collagasta,Bib.Pop. María de las Nieves Medina,Destacamento Policial 0,-28.366671,-65.73333,Biblioteca Popular
10,Catamarca,La Carrera,Bib.Pop. Alfonso de Jesús Robles,Ruta Nº 9,-28.366671,-65.716667,Biblioteca Popular
10,Catamarca,Las Pirquitas,Bib.Pop. Esquiu,Av.San Martín s/n,-28.25,-65.73333,Biblioteca Popular
10,Catamarca,San Antonio,Bib.Pop. Juana R. Ahumada,San Martín y Juan A. Carrizo 0,-28.423666,-65.705433,Biblioteca Popular
10,Catamarca,San Antonio,Bib.Pop. Julio Pascual Robin,Sin Dirección,-28.009133,-65.710767,Biblioteca Popular
10,Catamarca,Balcosna,Bib.Pop. Tte.Coronel.M.D.S.Villafañe,Sin dirección,-27.883301,-65.717468,Biblioteca Popular
10,Catamarca,La Merced,Bib.Pop. Rafael Castillo,Ejército del Norte s/n,-28.152117,-65.659167,Biblioteca Popular
10,Catamarca,Mutquin,Biblioteca Popular Dr. Adán Quiroga,Bartolomé Mitre 228,-28.3148,-66.149133,Biblioteca Popular
10,Catamarca,Saujil,Bib.Pop. Pbro. Ramón Rosa Barros,Av. Señor del Milagro s/n,-28.18268,-66.233841,Biblioteca Popular
10,Catamarca,San José Norte,Bib.Pop. San Roque,Avda. de las Américas,-28.383181,-65.700989,Biblioteca Popular
10,Catamarca,Santa María,Bib.Pop. Rafael Castillo,Mitre 499,-26.6936896,-66.0518554,Biblioteca Popular
10,Catamarca,Bañado de Ovanta,Bib.Pop. Luis Leopoldo Franco,Av. 9 de Julio 0,-28.100006,-65.316681,Biblioteca Popular
10,Catamarca,Las Cañas,Bib.Pop. Santa Rosa de Lima,Local Municipal,-28.204067,-65.2144,Biblioteca Popular
10,Catamarca,Los Altos,Bib.Pop. Los Altos,Ruta 64 esq.Casa Pueblo 0,-28.04765,-65.502967,Biblioteca Popular
10,Catamarca,Pomán,Bib.Pop. Carlos Guido Spano,Gerónimo Luis de Cabrera s/n,-28.394017,-66.221067,Biblioteca Popular
10,Catamarca,El Puesto,Bib.Pop. Florentino Ameghino,Sin dirección,-27.955683,-67.633717,Biblioteca Popular
10,Catamarca,Fiambala,Bib.Pop. Dr. A. del Pino,Reverendo Padre Arnaldo Azzarelli s/n,-27.692417,-67.619483,Biblioteca Popular
10,Catamarca,El Portezuelo,Bib.Pop. Pedro Salomon Chade,Av.Polo Gimenez s/n,-28.466669,-65.633331,Biblioteca Popular
10,Catamarca,San Isidro,Bib.Mun.Pop. El motimo,Padre Esquiú,-28.455133,-65.757622,Biblioteca Popular
10,Catamarca,Santa Rosa,Bib. Pop. Dr. Ramón S. Castillo,Crisanto Gómez esq. Fortunato Rodríguez s/n 0,-28.444425,-65.702728,Biblioteca Popular
10,Catamarca,Sumalao,Bib.Pop. Segundo N. Herrera,Pedro J.Segura 0,-28.446577,-65.775665,Biblioteca Popular
22,Chaco,General Pinedo,Bib.Pub. Pop. Elba Ezquer de Quevedo,Presidente Perón s/n (calle 14) 0,-27.32445,-61.283283,Biblioteca Popular
22,Chaco,Hermoso Campo,Bib.Pop.Pub. Augusto Raúl Cortazar,Av.Pedro Graff 112,-27.60875,-61.345633,Biblioteca Popular
22,Chaco,Machagai,Bib.Pop. Rubén D. Dalla Fontana,Tucumán esq. Teodolinda Ermácora 0,-26.923667,-60.058817,Biblioteca Popular
22,Chaco,Las Breñas,Bib.Púb. Pop. Juan Bautista Alberdi,Lavalle 1463,-27.086416,-61.08588,Biblioteca Popular
22,Chaco,Las Breñas,Asoc.Amig.Bib.Pop.Esc.Tec.Nº 5 Ing. Juan Col,Mac Lean y España 0,-27.086416,-61.08588,Biblioteca Popular
22,Chaco,Las Breñas,Bib.Pop.Esc. Constancio C.Vigil,Sarmiento 0,-27.086416,-61.08588,Biblioteca Popular
22,Chaco,Las Breñas,Bib.Esc.Pop. Prof. Hugo D .Iglesia,Sarmiento 1463,-27.086416,-61.08588,Biblioteca Popular
22,Chaco,General Vedia,Bib.Pub.Pop. General Julio de Vedia,Arsenio Tascón s/n 0,-26.93298,-58.661499,Biblioteca Popular
22,Chaco,La Leonesa,Asc.Civ.Bib.Pop. La Leonesa,Ángela Fernández 55,-27.03885,-58.703083,Biblioteca Popular
22,Chaco,Las Palmas,Bib.Pub. Pop. Gaspar Benavento,San Martín 347,-27.053883,-58.678589,Biblioteca Popular
22,Chaco,Charata,Bib. Pop. Pub. Juan M. de Pueyrredón,Mitre 270,-27.216467,-61.188467,Biblioteca Popular
22,Chaco,Charata,Bib.Esc.Pop. Pedro Miguel Obligado,Liniers 48,-27.21655,-61.180333,Biblioteca Popular
22,Chaco,Charata,Bib.Esc.Pop. E.E.G.B.Nº 32 L.Roque Gondra,Vieytes,-27.211233,-61.194867,Biblioteca Popular
22,Chaco,Presidencia Roque Saenz Peña,Bib.Esc. Pop. Monseñor de Carlo,J.F.Kennedy 601,-26.793533,-60.428967,Biblioteca Popular
22,Chaco,Presidencia Roque Saenz Peña,Bib. Pop. Pub. Ana B. de Pibernus,Pringles 441,-26.78737,-60.444469,Biblioteca Popular
22,Chaco,Santa Sylvina,Asoc.Amigos de la Bib.Pub.Pop.Marta Alcira Salotti,Luis J.Candra 297,-27.833417,-61.136067,Biblioteca Popular
22,Chaco,Corzuela,Bib.Pop.Pub. Monseñor J. Alumni,H.Yrigoyen 147,-26.953133,-60.9687,Biblioteca Popular
22,Chaco,La Verde,Bib. Pop. Alejandro Maria Aguado,9 de Julio y Perrando 0,-27.128017,-59.376583,Biblioteca Popular
22,Chaco,Makalle,Bib. Pub. Pop.  Jaime Homar,Güemes s/n 0,-27.2084,-59.28745,Biblioteca Popular
22,Chaco,Juan José Castelli,Bib.Pop.Esc. Gral. Martín Güemes,Bartolomé Mitre 250,-25.95081,-60.620451,Biblioteca Popular
22,Chaco,Ciervo Petiso,Bib.Pop. Esc. Escuela Nº 421,Km.612-Escuela Nº 421 0,-26.58333,-59.633331,Biblioteca Popular
22,Chaco,General José de San Martín,Bib.Pop.Esc. D.Agueda Gomez de Tuckey,Islas Malvinas y Paso 0,-26.54025,-59.344433,Biblioteca Popular
22,Chaco,General José de San Martín,Bib. Pub. Pop. Juana P. Manso Noronha,Chile y Sarmiento 0,-26.53898,-59.34269,Biblioteca Popular
22,Chaco,General José de San Martín,Bib.Esc.Pop. El zapallar,San Lorenzo y Lavalle 0,-26.537,-59.353217,Biblioteca Popular
22,Chaco,General José de San Martín,Bib.Esc.Pop. Prim. Nº 555 D. M. Sarmiento,Venezuela,-26.542133,-59.329433,Biblioteca Popular
22,Chaco,Pampa del Indio,Bib.Pub.Pop. Fray Rafael Gobelli,Catalina Alsina 512,-26.049177,-59.942371,Biblioteca Popular
22,Chaco,Villa Angela,Bib. Pop. Pub. Almafuerte,Maipú y Mitre 0,-27.571667,-60.712967,Biblioteca Popular
22,Chaco,Villa Angela,Bib.Pop.Esc. Asoc. A. J. L. Borges,Luis Braile y Lavalle,-27.56705,-60.7166,Biblioteca Popular
22,Chaco,Villa Angela,Bib.Esc.Pop. Maestro Sarmiento,Pasteur 1073,-27.577533,-60.7012,Biblioteca Popular
22,Chaco,San Bernardo,Bib. Pub. Pop. Cervantes,Junín 540,-27.288317,-60.710433,Biblioteca Popular
22,Chaco,Presidencia de la Plaza,Asoc.Amig.Bib.Pop.Pub. José Manuel Estrada,25 de Mayo 0,-27.001741,-59.843952,Biblioteca Popular
22,Chaco,Quitilipi,Bib.Pop. Ilda Nelly Yuspa,Neuquén 1460,-26.861,-60.2137,Biblioteca Popular
22,Chaco,Quitilipi,Bib.Pub.Pop. Mayor L. J. Fontana,Neuquén 537,-26.87125,-60.211683,Biblioteca Popular
22,Chaco,Quitilipi,Bib. Pub. Pop. Humberto Benito Andolfi,Entre Ríos 190,-26.874833,-60.2145,Biblioteca Popular
22,Chaco,Barranqueras,Bib.Pub. Pop. Mariano Moreno,Laprida 5600,-27.48604,-58.932758,Biblioteca Popular
22,Chaco,Barranqueras,Bib.Pop.Esc. Juan Ramón Lestani,Paraguay 4299,-27.485218,-58.938988,Biblioteca Popular
22,Chaco,Barranqueras,Bib.Pop.Asoc.Amigos Escuela Nº 43,Av.Las Piedras 5110,-27.472333,-58.917483,Biblioteca Popular
22,Chaco,Fontana,Bib.Pub. Pop. Bartolomé E. Pisarello,Lapacho 382 0,-27.41638,-59.032291,Biblioteca Popular
22,Chaco,Puerto Vilelas,Bib.Pub. Pop. Centenario de la creación del Chaco,Hipólito Irigoyen 105,-27.51125,-58.94095,Biblioteca Popular
22,Chaco,Resistencia,Bib.Pop. Bernardino Rivadavia,C. Pellegrini 80 0,-27.452033,-58.98405,Biblioteca Popular
22,Chaco,Resistencia,Bib. Esc. Pop.  Benjamín Zorrilla,Sta.María de Oro 28,-27.45065,-58.987617,Biblioteca Popular
22,Chaco,Resistencia,Bib.Pop. Esc. Enrique Lynch Arribalzaga,A.U.Illia 1990,-27.468767,-58.97025,Biblioteca Popular
22,Chaco,Resistencia,Bib.Pop. Esc. Prisciliano Pérez,Padre Sena 245,-27.444233,-58.99955,Biblioteca Popular
22,Chaco,Resistencia,Bib.Pop. Esc. Remedios E. de San Martín,Gerardo Varela 26,-27.442369,-58.9804,Biblioteca Popular
22,Chaco,Resistencia,Bib.Pop.Tec. Gral. Manuel Belgrano,Av.Paraguay 410 0,-27.4506,-58.978617,Biblioteca Popular
22,Chaco,Resistencia,Asoc. Amigos.Bib.Pub.Pop. Prof. Leopoldo Herrera,Julio A.Roca 158,-27.450767,-58.98885,Biblioteca Popular
22,Chaco,Resistencia,Bib.Pop. Celmira G. de Cabral,Brown 1701,-27.463317,-58.9692,Biblioteca Popular
22,Chaco,Resistencia,Bib.Pop. Hipólito Yrigoyen,Monteagudo 155,-27.454617,-58.979917,Biblioteca Popular
22,Chaco,Resistencia,Bib. Pop. Juan B. Justo,López y Planes 58,-27.453033,-58.9833,Biblioteca Popular
22,Chaco,Resistencia,Bib.Pop.Esc. Dr. J. A. Torres,Av.Rivadavia 1700,-27.434183,-58.996833,Biblioteca Popular
22,Chaco,Resistencia,Bib.Pub.Pop. Profesor N. Rojas Acosta,Juan R. Lestani 522,-27.447367,-58.9731,Biblioteca Popular
22,Chaco,Resistencia,Bib. Pop. Esc. Lidia Guasti de Rodriguez,Araza 1060,-27.454073,-59.005684,Biblioteca Popular
22,Chaco,Resistencia,Asoc.Amig.Bib.Pop.Esc. Alfonsina Storni,Av.Alberdi 2200,-27.468859,-59.006149,Biblioteca Popular
22,Chaco,Resistencia,Asoc.Amigos.Bib.Pub.Pop. Gral. M. Belgrano,Ildefonso Perez 331,-27.47725,-58.953233,Biblioteca Popular
22,Chaco,Resistencia,Bib.Pub. Pop. Josefa Lema de Urdapilleta,La Cangaye 420,-27.438317,-58.993617,Biblioteca Popular
22,Chaco,Resistencia,Bib.Pop.Esc. Herminia C. Brumana,Av.Rivadavia 230,-27.445567,-58.984283,Biblioteca Popular
22,Chaco,Resistencia,Bib.Pop.Esc. El principito,Ayacucho 199,-27.449533,-58.981333,Biblioteca Popular
22,Chaco,Resistencia,Bib.Pop.Esc. Bartolomé Mitre,Av.Sarmiento 831 PA,-27.444517,-58.979217,Biblioteca Popular
22,Chaco,Resistencia,Bib.Pop.Pub. Evita,Molina 615,-27.454167,-59.000583,Biblioteca Popular
22,Chaco,Resistencia,Bib.Pop.Pub. Juan Domingo Perón,2 de Abril 0,-27.45953,-59.017551,Biblioteca Popular
22,Chaco,Resistencia,Bib.Esc.Pop. Alfredo Veirave,Mz.34 P 3 Secc.B 0,-27.451656,-58.986252,Biblioteca Popular
22,Chaco,Resistencia,Bib. Esc. Pop. Padre A. de Barzana,Av.25 de Mayo 0,-27.451656,-58.986252,Biblioteca Popular
22,Chaco,Resistencia,Bib.Pop.Esc. Gob. Manuel Obligado,La Sabana s/n 0,-27.451656,-58.986252,Biblioteca Popular
22,Chaco,Resistencia,Bib.Pub.Pop. Domingo Savio,Av. C.Primo López Piacentini 1000,-27.468617,-58.986983,Biblioteca Popular
22,Chaco,Resistencia,Bib.Esc.Pop. D.F.Sarmiento,Ameghino 485,-27.458017,-58.985783,Biblioteca Popular
22,Chaco,Villa Berthet,Bib.Pub. Pop. Dr. José Ingenieros,Moreno 59,-27.289801,-60.413002,Biblioteca Popular
22,Chaco,Capitán Solari,Bib. Pop. Esc. Nº 223 Wolf Schcolnik,Planta Urbana 0,-26.803267,-59.558633,Biblioteca Popular
22,Chaco,Colonia Elisa,Bib.Pop.Pub. D.Capozzolo,Av.San Martín 478,-26.931932,-59.519407,Biblioteca Popular
22,Chaco,Colonias Unidas,Bib.Pub.Pop. Ricardo Güiraldes,Dr. Fleming S/N 0,-26.69952,-59.633789,Biblioteca Popular
26,Chubut,Puerto Madryn,Bib.Pop. El porvenir,Alberto Williams 235,-42.764733,-65.0516,Biblioteca Popular
26,Chubut,Puerto Madryn,Bib. Pop. Agustín Pujol,Anita Jones s/n 0,-42.7549,-65.058433,Biblioteca Popular
26,Chubut,Puerto Madryn,Asoc. Civil y BiB P Gral Martín Miguel de Güemes,Luis María Campos 776,-42.767583,-65.048583,Biblioteca Popular
26,Chubut,Puerto Madryn,Bib.Pop. General Manuel Belgrano,FRancisco L. Albarracín norte 3010,-42.76,-65.037917,Biblioteca Popular
26,Chubut,Puerto Madryn,Bib.Pop. Gral. Don José Francisco de San Martín,Domecq García 306,-42.76341,-65.04061,Biblioteca Popular
26,Chubut,Puerto Madryn,BIb. Pop. D. Raúl Alfonsín,9 de julio 490,-42.769829,-65.038822,Biblioteca Popular
26,Chubut,Puerto Piramides,Bib.Pop. Asunción Cobo,Avda. de las Ballenas 595 0,-42.57156,-64.27198,Biblioteca Popular
26,Chubut,Cholila,Bib.Pop. Ruca Raqui Zuam,Avda. 15 de diciembre s/n,-42.511866,-71.430016,Biblioteca Popular
26,Chubut,Cholila,Bib. pop. Auca Lihuen de Villa El Blanco,Centro Comunitario 0,-42.5104,-71.428267,Biblioteca Popular
26,Chubut,El Hoyo,Bib.Pop. Rincón de Libros,Lote 67 0,-42.063317,-71.520083,Biblioteca Popular
26,Chubut,El Maitén,Bib.Pop. El Maitén,Guido 1014,-42.051517,-71.163817,Biblioteca Popular
26,Chubut,El Maitén,Bib. Pop. de Buenos Aires Chico-Niños Lectores,Avda. Los Pioneros 684,-42.052921,-71.174927,Biblioteca Popular
26,Chubut,Epuyén,Bib.Pop. Angélica R. Nievas,Los Picaflores s/n 0,-42.234192,-71.350708,Biblioteca Popular
26,Chubut,Lago Puelo,Bib.Pop. Lago Puelo,Av.Los Notros s/n 0,-42.0659,-71.602283,Biblioteca Popular
26,Chubut,Comodoro Rivadavia,Bib.Pop. Sofía Moll de Milton,Lamarque 585,-45.797133,-67.4246,Biblioteca Popular
26,Chubut,Comodoro Rivadavia,Bib. Pop. Jorge Troncoso,Paraguay 650,-45.830367,-67.5401,Biblioteca Popular
26,Chubut,Comodoro Rivadavia,Bib.Pub.Pop. de la Municip.de C.Rivadavia,Hipólito Yrigoyen 555,-45.86495,-67.482317,Biblioteca Popular
26,Chubut,Comodoro Rivadavia,Bib.Pop. Darío Hugo Fernández,San Martín 3355,-45.860367,-67.524667,Biblioteca Popular
26,Chubut,Comodoro Rivadavia,Bib.Pop. Elum Duham,Polonia 1782,-45.864834,-67.481476,Biblioteca Popular
26,Chubut,Comodoro Rivadavia,Bib.Pop. Astra,Symeon Savino 1120,-45.733689,-67.491656,Biblioteca Popular
26,Chubut,Esquel,Bib. Pop. Tolkeyén,Malvinas Argentinas 1850,-42.914574,-71.302231,Biblioteca Popular
26,Chubut,Trevelin,Bib. Pop. Perito Francisco Pascacio Moreno,Libertad 267,-43.07922,-71.46431,Biblioteca Popular
26,Chubut,28 de Julio,Bib.Pop. 28 de Julio,Chacra 338 - Ruta Prov.10,-43.289631,-65.492188,Biblioteca Popular
26,Chubut,Dolavon,Bib.Pop. D.F.Sarmiento,Av. Gral. Roca 188,-43.307719,-65.709568,Biblioteca Popular
26,Chubut,Gaiman,Bib.Pop. Ricardo J. Berwyn,J. C. Evans 154,-43.293938,-65.498079,Biblioteca Popular
26,Chubut,Playa Unión,Bib.Pop. Asencio Abeijon,Avda. Guillermo Rawson 1200,-43.317001,-65.044029,Biblioteca Popular
26,Chubut,Rawson,Bib.Pop. del Barrio Luis Vernet,Remedios de Escalada 937,-43.298133,-65.096567,Biblioteca Popular
26,Chubut,Rawson,Bib. Pop. Soldado Caído S. Antieco,Juan Goicochea 395,-43.292816,-65.086548,Biblioteca Popular
26,Chubut,Trelew,Bib.Pop. Agustín Alvarez,San Martín y Fontana 38 1º,-43.252483,-65.305917,Biblioteca Popular
26,Chubut,Trelew,Bib.Pop. Francisco Guerra,Senda peatonal entre Sector G y E,-43.24913,-65.307404,Biblioteca Popular
26,Chubut,Trelew,Bib.Pop. Raúl Scalabrini Ortíz,Pje.J.M.Thomas 145,-43.262547,-65.290237,Biblioteca Popular
26,Chubut,Trelew,Bib.Pop. Gonzalo Delfino,Uruguay 146,-43.254917,-65.324158,Biblioteca Popular
26,Chubut,Trelew,Bib.Pop. Rosa de Amaya,ScalabriniI Ortíz 1785,-43.253487,-65.308113,Biblioteca Popular
26,Chubut,Trelew,Bib.Pop. José Hernández,Smith 845,-43.236366,-65.301941,Biblioteca Popular
26,Chubut,Trelew,Bib.Pop. Ceferino Namuncura,Ecuador 2386,-43.251467,-65.319083,Biblioteca Popular
26,Chubut,Trelew,Bib.Pop. Barrio Progreso,Entre Ríos Norte 146,-43.255633,-65.32505,Biblioteca Popular
26,Chubut,Trelew,Bib.Pop. Manuel Porcel de Peralta,Uruguay 744,-43.261442,-65.322412,Biblioteca Popular
26,Chubut,Trelew,Bib.Pop. Benedicto Terrone,Alberdi 620,-43.25079,-65.297058,Biblioteca Popular
26,Chubut,Trelew,Bib.Pop. Kim Hue,José Berreta 1706,-43.245041,-65.285233,Biblioteca Popular
26,Chubut,Aldea Beleiro,Bib.Pop. Gob. R. González,Sin dirección,-45.401634,-70.251312,Biblioteca Popular
26,Chubut,Sarmiento,Bib.Pop. Mariano Moreno,Uruguay y San Martín 0,-45.588383,-69.06945,Biblioteca Popular
26,Chubut,Rada Tilly,Asoc. Bib. Pub. Pop. Y Mun Asencio Abeijón,Antártida Argentina 333,-45.931,-67.559667,Biblioteca Popular
26,Chubut,Tecka,Bib.Pop. Osvaldo Bayer,San Martín 0,-43.492433,-70.811883,Biblioteca Popular
26,Chubut,Gobernador Costa,Bib. Pop. Juan M. de Pueyrredón,Av. J. A. Roca  y Aguado 0,-44.04724,-70.598119,Biblioteca Popular
26,Chubut,José de San Martín,Bib.Pop. José de San Martín,JUan Bellocq y Belgrano s/n 0,-44.050083,-70.467217,Biblioteca Popular
26,Chubut,Chacay Oeste,Bib.Pop. Don Segundo Milla,Chacay Oeste,-42.436107,-66.943858,Biblioteca Popular
26,Chubut,Gan-Gan,Bib.Pop. Narlu Owen,Av.Omar A.Montenegro s/n 0,-42.521117,-68.2851,Biblioteca Popular
2,Ciudad Autónoma de Buenos Aires,Ciudad Autónoma de Buenos Aires,Asoc. Cultural y Bib. Pop. Tesis 11,Junín 165,-34.607533,-58.396416,Biblioteca Popular
2,Ciudad Autónoma de Buenos Aires,Ciudad Autónoma de Buenos Aires,Bib.Pop. Dr. Tristán J. González,P.Goyena 1579,-34.628075,-58.450001,Biblioteca Popular
2,Ciudad Autónoma de Buenos Aires,Ciudad Autónoma de Buenos Aires,Asoc.Vec. Cir.Cult. Belisario Roldán de Versailles,Gallardo 616,-34.631413,-58.525047,Biblioteca Popular
2,Ciudad Autónoma de Buenos Aires,Ciudad Autónoma de Buenos Aires,Bib.Pop. El progreso,Av.de la Riestra 5655,-34.676811,-58.474941,Biblioteca Popular
2,Ciudad Autónoma de Buenos Aires,Ciudad Autónoma de Buenos Aires,Bib.Pop. Dr. Angel M. Giménez,Suárez 1301,-34.638103,-58.370514,Biblioteca Popular
2,Ciudad Autónoma de Buenos Aires,Ciudad Autónoma de Buenos Aires,Bib. Pop. Por caminos de libros y solidaridad,Martinez Castro y Pasaje D 0,-34.642677,-58.473667,Biblioteca Popular
2,Ciudad Autónoma de Buenos Aires,Ciudad Autónoma de Buenos Aires,Bib. Pop. La Memoria de Nuestro Pueblo,Carlos Calvo 1459,-34.61995,-58.386733,Biblioteca Popular
2,Ciudad Autónoma de Buenos Aires,Ciudad Autónoma de Buenos Aires,Bib.Pop. Creando Horizontes Educativos,Albarellos 2985,-34.5771,-58.509167,Biblioteca Popular
2,Ciudad Autónoma de Buenos Aires,Ciudad Autónoma de Buenos Aires,Bib.Pop. Manuel Ugarte,Del Barco Centenera 1359,-34.634816,-58.435006,Biblioteca Popular
2,Ciudad Autónoma de Buenos Aires,Ciudad Autónoma de Buenos Aires,Bib.Pop. Juan José Castelli,Perón 1591,-34.615516,-58.397848,Biblioteca Popular
2,Ciudad Autónoma de Buenos Aires,Ciudad Autónoma de Buenos Aires,Bib. Pop. 26 de julio,Avda. Eva Perón 1800,-34.635616,-58.448483,Biblioteca Popular
2,Ciudad Autónoma de Buenos Aires,Ciudad Autónoma de Buenos Aires,Bib.Pop. Ciencia y labor,Gral.César Díaz 2453,-34.611427,-58.473377,Biblioteca Popular
2,Ciudad Autónoma de Buenos Aires,Ciudad Autónoma de Buenos Aires,Bib.Pop. William C.Morris,Güemes 4621/01 0,-34.581364,-58.423908,Biblioteca Popular
2,Ciudad Autónoma de Buenos Aires,Ciudad Autónoma de Buenos Aires,Bib.Pop. Pueyrredón sud,Bolivia 4801 0,-34.58329,-58.499573,Biblioteca Popular
2,Ciudad Autónoma de Buenos Aires,Ciudad Autónoma de Buenos Aires,Bib.Pop. El resplandor,Llerena 2727,-34.58651,-58.476261,Biblioteca Popular
2,Ciudad Autónoma de Buenos Aires,Ciudad Autónoma de Buenos Aires,Bib.Pop. Juan María Becciu,Pje.Nicolás Granada 1660,-34.602871,-58.462116,Biblioteca Popular
2,Ciudad Autónoma de Buenos Aires,Ciudad Autónoma de Buenos Aires,Bib.Pop. 25 de Mayo,Av.R.Balbín 4221 0,-34.555092,-58.49144,Biblioteca Popular
2,Ciudad Autónoma de Buenos Aires,Ciudad Autónoma de Buenos Aires,Bib.Pop. Bernardino Rivadavia,Directorio 4623,-34.647671,-58.48735,Biblioteca Popular
2,Ciudad Autónoma de Buenos Aires,Ciudad Autónoma de Buenos Aires,Bib.Pop. Juan Pablo Echagüe,Santo Tomé 2496,-34.601326,-58.481144,Biblioteca Popular
2,Ciudad Autónoma de Buenos Aires,Ciudad Autónoma de Buenos Aires,Bib.Pop. Gral. Benito Nazar,Antezana 340,-34.605183,-58.445007,Biblioteca Popular
2,Ciudad Autónoma de Buenos Aires,Ciudad Autónoma de Buenos Aires,Bib.Pop. y Cent. Cult. Alfredo Costa,Azcuenaga 718 0,-34.600857,-58.401001,Biblioteca Popular
2,Ciudad Autónoma de Buenos Aires,Ciudad Autónoma de Buenos Aires,Bib.Pop. Mariano Boedo,Maza 755 1,-34.620365,-58.415165,Biblioteca Popular
2,Ciudad Autónoma de Buenos Aires,Ciudad Autónoma de Buenos Aires,Asoc.Vec. y Bib.Pop. Villa del Parque,Baigorria 3373,-34.605793,-58.49456,Biblioteca Popular
2,Ciudad Autónoma de Buenos Aires,Ciudad Autónoma de Buenos Aires,Bib.Pop. Gral. Alvear,Avellaneda 542,-34.614349,-58.438515,Biblioteca Popular
2,Ciudad Autónoma de Buenos Aires,Ciudad Autónoma de Buenos Aires,Bib.Pop. Eurindia,Bragado 5950 0,-34.653366,-58.502693,Biblioteca Popular
2,Ciudad Autónoma de Buenos Aires,Ciudad Autónoma de Buenos Aires,Bib.Pop. Universidad Popular de Belgrano Alfredo Fazio y Bi,Céspedes 3929,-34.5834225,-58.4575173,Biblioteca Popular
2,Ciudad Autónoma de Buenos Aires,Ciudad Autónoma de Buenos Aires,Bib. Argentina para ciegos,Lezica 3909 0,-34.610844,-58.421326,Biblioteca Popular
2,Ciudad Autónoma de Buenos Aires,Ciudad Autónoma de Buenos Aires,Bib.Pop. Juan B. Rebagliati,La Facultad 1772 0,-34.652039,-58.47279,Biblioteca Popular
2,Ciudad Autónoma de Buenos Aires,Ciudad Autónoma de Buenos Aires,Bib.Pop. Juan Bautista Alberdi,Brandsen 805,-34.636627,-58.364746,Biblioteca Popular
2,Ciudad Autónoma de Buenos Aires,Ciudad Autónoma de Buenos Aires,Bib.Pop. Casa de la Cultura de Liniers,Pieres 226,-34.642502,-58.515217,Biblioteca Popular
2,Ciudad Autónoma de Buenos Aires,Ciudad Autónoma de Buenos Aires,Bib.Pop. Lectores del pueblo,San Pedrito 1026,-34.642231,-58.461655,Biblioteca Popular
2,Ciudad Autónoma de Buenos Aires,Ciudad Autónoma de Buenos Aires,Bib.Pop. Dr. Arturo Jauretche,Perú 823,-34.617542,-58.374439,Biblioteca Popular
2,Ciudad Autónoma de Buenos Aires,Ciudad Autónoma de Buenos Aires,Bib.Pop. Hijos del Barrio Piedrabuena Asociación Civil,Calle 2 de abril de 1982 6730,-34.678028,-58.491161,Biblioteca Popular
2,Ciudad Autónoma de Buenos Aires,Ciudad Autónoma de Buenos Aires,Bib. Pop. Federico Lacroze,Thompson esq. Valle 502,-34.624882,-58.439259,Biblioteca Popular
2,Ciudad Autónoma de Buenos Aires,Ciudad Autónoma de Buenos Aires,Cen. Cult. y Bib. Pop. Carlos Sanchez Viamonte,Austria 2156,-34.587597,-58.403469,Biblioteca Popular
2,Ciudad Autónoma de Buenos Aires,Ciudad Autónoma de Buenos Aires,Bib.Pop. Helena Larroque de Roffo,Simbrón 3058,-34.598461,-58.49469,Biblioteca Popular
2,Ciudad Autónoma de Buenos Aires,Ciudad Autónoma de Buenos Aires,Bib.Pop. 12 de Octubre,Calle Arengreen 1187,-34.613235,-58.448997,Biblioteca Popular
2,Ciudad Autónoma de Buenos Aires,Ciudad Autónoma de Buenos Aires,Bib. Obrera Juan B. Justo,Av.La Plata 85,-34.616176,-58.429155,Biblioteca Popular
2,Ciudad Autónoma de Buenos Aires,Ciudad Autónoma de Buenos Aires,Bib.Pop. Villa Pueyrredón Norte,Cockrane 2334,-34.57589,-58.501591,Biblioteca Popular
2,Ciudad Autónoma de Buenos Aires,Ciudad Autónoma de Buenos Aires,Bib.Pop. Alberdi,Acevedo 666,-34.596157,-58.437668,Biblioteca Popular
2,Ciudad Autónoma de Buenos Aires,Ciudad Autónoma de Buenos Aires,Bib.Pop. D.F.Sarmiento,Bucarelli 2583,-34.574226,-58.489941,Biblioteca Popular
2,Ciudad Autónoma de Buenos Aires,Ciudad Autónoma de Buenos Aires,Bib.Pop. Cornelio Saavedra,García del Río 2735,-34.549038,-58.472504,Biblioteca Popular
2,Ciudad Autónoma de Buenos Aires,Ciudad Autónoma de Buenos Aires,Bib.Pop. José Enrique Rodo,Andalgalá 2051,-34.660057,-58.509514,Biblioteca Popular
14,Córdoba,Embalse,Bib.Pop. de Embalse Teresa Sul,Hipólito Irigoyen 402,-32.20195,-64.401816,Biblioteca Popular
14,Córdoba,La Cruz,Bib.Pop. Rvdo. Félix Enrique,San Martín 301,-32.30315,-64.482883,Biblioteca Popular
14,Córdoba,Los Reartes,Bib. Pop. Restituta Albarracín de González,Avda. SAn Martín s/n 0,-31.919337,-64.576442,Biblioteca Popular
14,Córdoba,Santa Rosa de Calamuchita,Bib.Pop. Almafuerte,Córdoba 550 0,-32.066267,-64.54,Biblioteca Popular
14,Córdoba,Villa General Belgrano,Bib.Pop. Dr. Manuel Belgrano,Julio A.Roca 128,-31.981033,-64.560483,Biblioteca Popular
14,Córdoba,Villa Rumipal,Bib.Pop. Ricardo Rojas,Amadeo Sabbattini 120,-32.186817,-64.480567,Biblioteca Popular
14,Córdoba,Córdoba,Bib.Pop. Vélez Sársfield,Lima 995 0,-31.413617,-64.17,Biblioteca Popular
14,Córdoba,Córdoba,Bib.Pop. Alberdi,9 de Julio 2701,-31.40445,-64.21765,Biblioteca Popular
14,Córdoba,Córdoba,Bib.Pop. Luis J. de Tejeda,Ricardo Rojas 4331,-31.341377,-64.255127,Biblioteca Popular
14,Córdoba,Córdoba,Bib.Pop. y Ctro. de Ajedrez Los Amigos de la Cult.,Pje.Mar Chiquita 4408,-31.422,-64.128783,Biblioteca Popular
14,Córdoba,Córdoba,Bib.Pop. Joaquín V. González,Humberto 1º 150,-31.40955,-64.183583,Biblioteca Popular
14,Córdoba,Córdoba,Bib.Pop. y Ctro Juvenil Malvinas argentinas,B.Houssay 2080 0,-31.433567,-64.23235,Biblioteca Popular
14,Córdoba,Córdoba,Bib.Pop. Teniente B .Matienzo,Fleming 2413 esq. Lagunilla 0,-31.43695,-64.235767,Biblioteca Popular
14,Córdoba,Córdoba,Bib.Pop. de B.Vista y Fund. P. Milesi,Rufino Zado 633 0,-31.432297,-64.201467,Biblioteca Popular
14,Córdoba,Córdoba,Bib. Pop. Barrio Talleres,CArlos III 1713  2,-31.38825,-64.15295,Biblioteca Popular
14,Córdoba,Córdoba,Bib. Pop. República Argentina,Soconcho 3274,-31.450998,-64.158612,Biblioteca Popular
14,Córdoba,Córdoba,Bib.Pub.Pop. Nuevo milenio,Santa Rosa 1484,-31.406628,-64.203026,Biblioteca Popular
14,Córdoba,Córdoba,Bib.Pop. Alfonsina Storni,Muluches 9611,-31.31345,-64.283633,Biblioteca Popular
14,Córdoba,Córdoba,Bib. Pop. Mi jardín,Cabo Segundo Gonzalez 2153,-31.457977,-64.102539,Biblioteca Popular
14,Córdoba,Córdoba,Bib.Pop. Atahualpa,Tomas de Irovi 401,-31.39893,-64.182129,Biblioteca Popular
14,Córdoba,Córdoba,Bib.Pop. Julio Cortázar,Arroyo Diego de Torres 1332,-31.4242,-64.14315,Biblioteca Popular
14,Córdoba,Córdoba,Bib. Pop.  María Saleme,Velez Sarsfield 137,-31.410583,-64.186317,Biblioteca Popular
14,Córdoba,Córdoba,B.P. Libertad por la Integración Latinoamericana,Avda. Alem 1702,-31.384617,-64.158417,Biblioteca Popular
14,Córdoba,Córdoba,Bib.Pop. Madre Teresa de Calcuta de Bo. Parque Lic,Constancio Vigil 1015,-31.354083,-64.160367,Biblioteca Popular
14,Córdoba,Córdoba,Bib.Pop. del Bicentenario,Nivoli s/n,-31.417519,-64.182712,Biblioteca Popular
14,Córdoba,Córdoba,Bib. Pop. Casa del Pueblo,El Chaco 74,-31.409583,-64.202656,Biblioteca Popular
14,Córdoba,San Antonio de Arredondo,Bib.Pop. Alfredo Terzaga,Avda. Cura Brochero 2445  1,-31.474333,-64.528,Biblioteca Popular
14,Córdoba,Colonia Caroya,Bib.Pop. La Bicicleta,Av.San Martín 2224 1º,-31.008333,-64.076883,Biblioteca Popular
14,Córdoba,Jesús María,Bib.Pop. D.F.Sarmiento,Tucumán 595,-30.9814,-64.097633,Biblioteca Popular
14,Córdoba,La Calera,Bib.Pop. Mariano Moreno,Velez Sarfield 556,-31.345633,-64.3369,Biblioteca Popular
14,Córdoba,La Calera,Bib.Pop. y Ctro Cult. Dumesnil,Ruta Pcial. E 64 939,-31.342917,-64.338983,Biblioteca Popular
14,Córdoba,Mendiolaza,Bib.Pop. Sayana Ctro Cult. El Talar,Av. Tissera 2742,-31.2551457,-64.2695109,Biblioteca Popular
14,Córdoba,Río Ceballos,Bib.Pop. D.F.Sarmiento,San Martín 5273,-31.1579,-64.31535,Biblioteca Popular
14,Córdoba,Río Ceballos,Bib.Pop. Cdr. Enrique Carlos Aragón King,Avda. San Martín 8170,-31.160117,-64.319583,Biblioteca Popular
14,Córdoba,Unquillo,Bib.Pop. D.F.Sarmiento,Spilimbergo 0,-31.23155,-64.315167,Biblioteca Popular
14,Córdoba,Unquillo,Bib.Pop. Cawana,5 de Octubre 4099,-31.237183,-64.311967,Biblioteca Popular
14,Córdoba,Villa Allende,Bib.Pub.Mun.Pop. Libro abierto,Gral.Roca y Saenz Peña,-31.295,-64.293217,Biblioteca Popular
14,Córdoba,Cruz del Eje,Bib.Pop. Jorge Newbery,San Martín 147,-30.71865,-64.806967,Biblioteca Popular
14,Córdoba,Del Campillo,Bib. Pop. del Campillo,San Martín 417,-34.378733,-64.496117,Biblioteca Popular
14,Córdoba,Huinca Renanco,Bib.Pop. D.F.Sarmiento,San Martín 305,-34.841817,-64.37145,Biblioteca Popular
14,Córdoba,Jovita,Bib.Pop. D.F.Sarmiento,Moreno 320,-34.518333,-63.94485,Biblioteca Popular
14,Córdoba,Villa Huidobro,Bib.Pub.Mun.Pop. Nuestra Señora de Luján,Av.M.Espinosa 26 / 40 0,-34.84145,-64.58705,Biblioteca Popular
14,Córdoba,Villa Valeria,Bib. Pop. Rosario Vera Peñaloza,Dr. Osvaldo Depino 1139,-34.33926,-64.92142,Biblioteca Popular
14,Córdoba,Etruria,Bib.Pop. D.F.Sarmiento,Bv.Sarmiento 257 0,-32.939083,-63.246483,Biblioteca Popular
14,Córdoba,La Laguna,Bib.Pop. Esteban Echeverría,Gral.Paz s/n,-32.80335,-63.24615,Biblioteca Popular
14,Córdoba,La Playosa,Bib. Pop. José Hernández,Bv. Córdoba 775,-32.098567,-63.0325,Biblioteca Popular
14,Córdoba,Pasco,Bib.Pop. Dr. Raúl Scalabrini Ortíz,Belgrano 645,-32.7466,-63.342417,Biblioteca Popular
14,Córdoba,Ticino,Bib.Pop. D.F.Sarmiento,Intendente Lorenzati 348,-32.690583,-63.435633,Biblioteca Popular
14,Córdoba,Villa María,Bib.Pop. Bernardino Rivadavia,Tucumán 829,-32.414117,-63.245033,Biblioteca Popular
14,Córdoba,Villa María,Bib. Pop. Mun. Mariano Moreno,Sabattini 40,-32.41255,-63.2465,Biblioteca Popular
14,Córdoba,Villa Nueva,Bib.Pop. Luis Roberto Altamira,Dean Funes 1259,-32.435083,-63.24825,Biblioteca Popular
14,Córdoba,Dean Funes,Bib.Pop. Mariano Moreno,Italia 163 0,-30.43085,-64.349317,Biblioteca Popular
14,Córdoba,Dean Funes,Bib.Pop. José Ingenieros,Independencia 0,-30.414217,-64.36105,Biblioteca Popular
14,Córdoba,Carnerillo,Biblioteca Popular Walter Viglione,Martín Gil 134,-32.915039,-64.025581,Biblioteca Popular
14,Córdoba,General Cabrera,Bib.Pop. Jerónimo L. de Cabrera,Las Heras 859,-32.8128,-63.870433,Biblioteca Popular
14,Córdoba,La Carlota,Bib.Pop. Dr. Mota Capdevila,Av.Sarmiento 910,-33.42015,-63.2977,Biblioteca Popular
14,Córdoba,Arias,Bib.Pop. Teresita Lucchini,Av.San Martín 1065,-33.643283,-62.40345,Biblioteca Popular
14,Córdoba,Camilo Aldao,Bib.Pop. Teresa B. de Lancestremere,Leandro N. Alem 1195,-32.687067,-62.1034,Biblioteca Popular
14,Córdoba,Cavanagh,Bib.Pop.Esc. D.F.Sarmiento,Almirante Brown 454,-33.47345,-62.338833,Biblioteca Popular
14,Córdoba,Corral de Bustos - Ifflinger,Bib.Pop.Pub.Mun. Ermes Desio,Córdoba 664 - Sec.Cult. 0,-33.28245,-62.18715,Biblioteca Popular
14,Córdoba,Guatimozin,Bib.Pop. Mariano Moreno,Santa Fe 263,-33.46345,-62.437133,Biblioteca Popular
14,Córdoba,Isla Verde,Bib.Pop. Isla Verde,25 de Mayo 275,-33.238133,-62.402483,Biblioteca Popular
14,Córdoba,Los Surgentes,Ctro. Social Cultural y Bib.Pop.,Carlos Sauberán 313,-32.984933,-62.021033,Biblioteca Popular
14,Córdoba,Marcos Juárez,Bib.Pop. San Martín,Av.L.N.Alem 671,-32.6905,-62.104067,Biblioteca Popular
14,Córdoba,Marcos Juárez,Bib.Pop. Club A.y Mut.Arg.,Belgrano y Champagnat 0,-32.69675,-62.098467,Biblioteca Popular
14,Córdoba,Marcos Juárez,Bib.  Pop. Lidia Cesanelli,24 de septiembre 1085,-32.703283,-62.1085,Biblioteca Popular
14,Córdoba,Monte Buey,Bib.Pop. Juan Benitz,9 de Julio 351,-32.920233,-62.455483,Biblioteca Popular
14,Córdoba,General Levalle,Bib.Pop. Florentino Ameghino,Rivadavia 101,-34.0093,-63.923933,Biblioteca Popular
14,Córdoba,Laboulaye,Bib.Pop. Juan Bautista Alberdi,España  7 0,-34.124717,-63.38725,Biblioteca Popular
14,Córdoba,Melo,Bib. Pop. Juan Filloy,Santa Ana y España 0,-34.346617,-63.446283,Biblioteca Popular
14,Córdoba,Capilla del Monte,Bib.Pop. Mariano Moreno,Sarmiento y Rivadavia 0,-30.856383,-64.525317,Biblioteca Popular
14,Córdoba,Cosquín,Bib.Pop. Nicolás Avellaneda,Geronico 848,-31.2407,-64.46705,Biblioteca Popular
14,Córdoba,Cosquín,Bib.Pop. José Hernández,Juan Carlos Gerónico 1400,-31.24005,-64.470967,Biblioteca Popular
14,Córdoba,La Falda,Bib.Pop. D.F.Sarmiento,25 de Mayo 433,-31.091583,-64.4797,Biblioteca Popular
14,Córdoba,La Falda,Bib. Pop. Babel,Avda. España (Ex Estación Ferrocarril) 0,-31.093033,-64.4868,Biblioteca Popular
14,Córdoba,Tanti,Bib.Pop. Rosa Areal de Molina,Salta 202,-31.357483,-64.591967,Biblioteca Popular
14,Córdoba,Valle Hermoso,Bib.Pop. José Mármol,25 de Mayo y Pueyrredón 0,-31.11645,-64.481533,Biblioteca Popular
14,Córdoba,Villa Carlos Paz,Bib.Pop. José H. Porto,José H.Porto 96,-31.414517,-64.50685,Biblioteca Popular
14,Córdoba,Villa Giardino,Bib. Pop. Leopoldo Lugones,Av. San Martín 361,-31.048917,-64.490217,Biblioteca Popular
14,Córdoba,Villa Parque Siquiman,Bib.Pop. Aguas que corren,San Roque 259,-31.346683,-64.481617,Biblioteca Popular
14,Córdoba,Berrotaran,Bib.Pop. Efraín U. Bischoff,Vélez Sarsfield 343,-32.454533,-64.3853,Biblioteca Popular
14,Córdoba,Chaján,Bib.Pop. Carmen Abril de Cacciavillani,Mendoza s/n,-33.55555,-65.001617,Biblioteca Popular
14,Córdoba,Coronel Baigorria,Bib.Pop. José Hernández,Belgrano 103,-32.848933,-64.360017,Biblioteca Popular
14,Córdoba,Coronel Moldes,Bib.Pop. Ricardo Rojas,Pte.Perón 150 PA,-33.620533,-64.596283,Biblioteca Popular
14,Córdoba,Elena,Bib.Pop. Armando A.Telleria,Buteler 80 0,-32.571667,-64.39285,Biblioteca Popular
14,Córdoba,Elena,Bib.Pop. La Asunción de María,Pje. Cura Brochero 189,-32.571667,-64.39285,Biblioteca Popular
14,Córdoba,La Cautiva,Bib.Pop. Juan Bautista Alberdi,Lucas y Lázaro Nieto s/n,-33.979359,-64.081413,Biblioteca Popular
14,Córdoba,Río Cuarto,Bib.Pop. Mariano Moreno,Sobremonte 1079,-33.12765,-64.349617,Biblioteca Popular
14,Córdoba,Río Cuarto,Bib.Pop. D.F.Sarmiento,Belisario Roldán 201 0,-33.132767,-64.33415,Biblioteca Popular
14,Córdoba,Río Cuarto,Bib.Pop. Técnica - ENET Nº 1 Ambrosio Olmos,Baigorria 527 0,-33.12285,-64.342483,Biblioteca Popular
14,Córdoba,Río Cuarto,Bib.Pop. Evaristo Segat,Alberdi 575,-33.123,-64.344967,Biblioteca Popular
14,Córdoba,Río Cuarto,Bib.Pop. de los sagrados corazones,Lamadrid 1660,-33.133907,-64.347275,Biblioteca Popular
14,Córdoba,Río Cuarto,Asoc.Vec.y Bib.Pop. Santiago Coronel,José Semería 850,-33.09245,-64.335033,Biblioteca Popular
14,Córdoba,Sampacho,Bib.Pop. Alfonsina Storni,Belgrano 690,-33.382833,-64.721583,Biblioteca Popular
14,Córdoba,Vicuña Mackena,Bib.Pop. Mariano Moreno,J.A.Roca s/n,-33.912183,-64.387817,Biblioteca Popular
14,Córdoba,Capilla de Remedios,Bib.Pop. Capilla de Remedios,Sobremonte,-31.430347,-63.831554,Biblioteca Popular
14,Córdoba,La Puerta,Bib.Pop. Jorge Luis Borges- La Puerta,Bv.Belgrano 0,-30.893067,-63.254683,Biblioteca Popular
14,Córdoba,Río Primero,Bib.Pop. Presbítero G. Avila Vasquez,Pablo Robert 90,-31.333333,-63.621667,Biblioteca Popular
14,Córdoba,Villa Santa Rosa,Bib. Pop. Alejo Carmen Guzmán,San Martin 887,-31.25,-64.616669,Biblioteca Popular
14,Córdoba,Eufrasio Loza,Bib.Pop. F. Antonio Rizzuto,Bv.Córdoba Este s/n,-29.938175,-63.297504,Biblioteca Popular
14,Córdoba,Calchín,Bib.Pop.Soc.Cult. Bartolomé Mitre,9 de julio 172,-31.66865,-63.199867,Biblioteca Popular
14,Córdoba,Carrilobo,Bib.Pop. Profesor Américo Pablo Tissera,"Semana Santa s/n, Planta Baja 0",-31.866671,-63.133331,Biblioteca Popular
14,Córdoba,Oncativo,Bib.Pop. Gral. San Martín,Rivadavia 549,-31.910733,-63.681333,Biblioteca Popular
14,Córdoba,Pozo del Molle,Bib.Pop. Luis Alberto Guerberoff,Rivadavia 177,-32.01595,-62.921983,Biblioteca Popular
14,Córdoba,Río Segundo,Bib.Pop.Esc. Victor Mercante,Buenos Aires 856,-31.649233,-63.9092,Biblioteca Popular
14,Córdoba,Villa del Rosario,Bib.Pop. Villa del Rosario,Salta 770,-31.5585,-63.536767,Biblioteca Popular
14,Córdoba,Mina Clavero,Bib.Pop. Orden del colmenar,San Martín 411,-31.718083,-65.005667,Biblioteca Popular
14,Córdoba,Villa Cura Brochero,Bib. Pop. El Manantial,Belgrano 768,-31.7128059,-65.0141875,Biblioteca Popular
14,Córdoba,La Paz,Bib.Pop. D.F.Sarmiento,José Braulio Funes s/n,-32.2171,-65.049067,Biblioteca Popular
14,Córdoba,Los Hornillos,Bib.Pop. Los Hornillos,Bonnier 0,-31.9034,-64.989583,Biblioteca Popular
14,Córdoba,Luyaba,Bib. Pop. de Luyaba,Ruta Provincial 14 s/n 0,-32.1483826,-65.0613808,Biblioteca Popular
14,Córdoba,Villa de las Rosas,Bib.Pop. Villa de las Rosas,25 de Mayo 334,-31.981033,-64.560483,Biblioteca Popular
14,Córdoba,Yacanto,Bib.Pop. Doña María de la Plaza de Arias Moreno,Ruta 1 entre calle 7 y calle 3 0,-32.049999,-65.050011,Biblioteca Popular
14,Córdoba,Alicia,Bib.Pop.y Pub. José Hernández,Bv. Buenos Aires 599,-31.942583,-62.459583,Biblioteca Popular
14,Córdoba,Altos de Chipion,Bib.Pop. de Altos de Chipión,Sarmiento 402,-30.95565,-62.339733,Biblioteca Popular
14,Córdoba,Balnearia,Bib. Pop. Martín Fierro,Boulevar Belgrano 286,-31.0095,-62.667433,Biblioteca Popular
14,Córdoba,Brinkmann,Bib.Pub.Mun.Pop. M.E.M. de Chiabrando,Av.Seeber 175,-30.8685,-62.031717,Biblioteca Popular
14,Córdoba,Colonia Vignaud,Bib.Pub.Pop. de Colonia Vignaud,Independencia 536,-30.84285,-61.954167,Biblioteca Popular
14,Córdoba,Freyre,Bib.Pop. José Ingenieros,Jose Bernardo Iturraspe 692,-31.165267,-62.097583,Biblioteca Popular
14,Córdoba,La Francia,Bib.Pop. Marcela Rodriguez,Bv.Córdoba esq.P.Lencinas 0,-31.404617,-62.63385,Biblioteca Popular
14,Córdoba,La Paquita,Bib.Pop. Creciendo,20 de junio 398,-30.90665,-62.214117,Biblioteca Popular
14,Córdoba,La Tordilla,Bib.Pop.José Marcial Enrique Vaudagna,Avda. Libertador 761,-31.246867,-63.0624,Biblioteca Popular
14,Córdoba,Las Varas,Bib.Pub.Pop.Mun Jorge Luis Borges,América 274,-31.801633,-62.61595,Biblioteca Popular
14,Córdoba,Las Varillas,Bib.Pop. D.F.Sarmiento,Bv.Sarmiento 170 0,-31.86635,-62.710333,Biblioteca Popular
14,Córdoba,Las Varillas,Bib.Pop.Inf. Almafuerte,Dean Funes 600,-31.8782962,-62.715492,Biblioteca Popular
14,Córdoba,Morteros,Bib.Pop. Cultura y progreso,Mariano Moreno 16,-30.7137,-62.0026,Biblioteca Popular
14,Córdoba,Porteña,Bib.Pop. Porteña,Mitre 481,-31.01235,-62.062583,Biblioteca Popular
14,Córdoba,Sacanta,Bib.Pop. José María Paz,Belgrano 555,-31.663,-63.047783,Biblioteca Popular
14,Córdoba,San Francisco,Bib.Pop. Centro cultural y Bib.Pop.,Libertador Norte 159 0,-31.42805,-62.08485,Biblioteca Popular
14,Córdoba,San Francisco,Bib.Pop. Manuel Lainez,Almafuerte 1107,-31.417183,-62.09145,Biblioteca Popular
14,Córdoba,San Francisco,Bib. Pop. Mariano Moreno,Florencio Sánchez 667,-31.4389,-62.070367,Biblioteca Popular
14,Córdoba,Saturnino M.Laspiur,Bib.Pop.Pub.Mun. Dr. Modestino J. Lescano,Gallardo s/n 0,-31.703667,-62.484083,Biblioteca Popular
14,Córdoba,Tránsito,Bib.Pop.Mun. Quilcahuasi,República Argentina 50,-31.426867,-63.1897,Biblioteca Popular
14,Córdoba,Alta Gracia,Bib.Pop. Nicolás Avellaneda,España 26,-31.658183,-64.434167,Biblioteca Popular
14,Córdoba,Alta Gracia,Bib.Pop. D.F.Sarmiento,Prudencio Bustos 345,-31.65451,-64.428493,Biblioteca Popular
14,Córdoba,Malagueño,Bib.Pop. Suquia,De los Mineros Esq. Tucumán,-31.467367,-64.36145,Biblioteca Popular
14,Córdoba,Malagueño,Bib.Pop. San José,Gran Malvina s/n 0,-31.462733,-64.356233,Biblioteca Popular
14,Córdoba,Valle de Anisacate,Garabatos del Valle de Anisacate,Jacaranda 0,-31.738189,-64.420406,Biblioteca Popular
14,Córdoba,Villa Anisacate,Bib.Pop. Flavio Arnal Ponti,Los Chañaritos 0,-31.733532,-64.399597,Biblioteca Popular
14,Córdoba,Villa Los Aromos,Bib. Pop. La Urdimbre,Los Chañares 320,-31.735511,-64.437799,Biblioteca Popular
14,Córdoba,Villa Parque Santa Ana,Bib.Pop. Pablo Pizzurno,4 0,-31.590646,-64.355069,Biblioteca Popular
14,Córdoba,Huerta Grande,Bib.Pop. Huerta Grande,Avda. San Martín 748,-31.074733,-64.491483,Biblioteca Popular
14,Córdoba,Las Peñas Sud,Bib.Pop. Manuela R. Medina,Avda. 22 de octubre s/n y 9 de Julio 0,-32.533501,-64.099045,Biblioteca Popular
14,Córdoba,Santiago Temple,Bib. Pop. y Cent. Cult. Rayuela,Mariano Moreno 851,-31.389183,-63.419717,Biblioteca Popular
14,Córdoba,Almafuerte,Bib.Pop. Almafuerte,Av.Buenos Aires 263 0,-32.191833,-64.255617,Biblioteca Popular
14,Córdoba,James Craik,Bib. Pop. 23 de Septiembre,Bv. San Martín y Estados Unidos 0,-32.15995,-63.467817,Biblioteca Popular
14,Córdoba,Las Perdices,Bib.Pub.y Pop. Martín Fierro,Sarmiento 824,-32.6982,-63.705883,Biblioteca Popular
14,Córdoba,Oliva,bib.pop.Sociedad Recreativa y Cult. Juventud Unida,Av.Olmos 350,-32.039667,-63.567833,Biblioteca Popular
14,Córdoba,Río Tercero,Bib.Pop. Justo José de Urquíza,Alberdi 75,-32.1729,-64.110867,Biblioteca Popular
14,Córdoba,Tancacha,Bib.Pop. Poeta Lugones,Bv.Poeta Lugones 592,-32.240067,-63.9798,Biblioteca Popular
14,Córdoba,Villa Tulumba,Bib.Pop. Dr. Octavio Capdevila,Sarmiento,-30.395317,-64.127433,Biblioteca Popular
14,Córdoba,Bell Ville,Bib.Pop. Dr. Ramón J. Carcano,Córdoba y Sarmiento 398,-32.629733,-62.6915,Biblioteca Popular
14,Córdoba,Laborde,Club y Bib.Pop. Recreativo,San Martín esquina Las Heras 0,-33.153183,-62.854967,Biblioteca Popular
14,Córdoba,Laborde,Bib.Pop. Juan Bautista Alberdi,Dr. Senestrari 120,-33.155667,-62.849883,Biblioteca Popular
14,Córdoba,Monte Maiz,Bib. Pop Bartolome Mitre,San Martin 1540,-33.20485,-62.602,Biblioteca Popular
14,Córdoba,Morrison,Bib.Pop. Morrison,Cristo Rey 81,-32.5925,-62.833233,Biblioteca Popular
14,Córdoba,Pascanas,Bib.Pop. Pascanas,Rivadavia 258,-33.1247,-63.03925,Biblioteca Popular
14,Córdoba,Wenceslao Escalante,Bib.Pop. Manuel Belgrano Y Asoc.Cult.El retoño,Italia 1291,-33.171267,-62.7745,Biblioteca Popular
18,Corrientes,Bella Vista,Bib.Pop. D.F.Sarmiento,Corrientes 957 0,-28.5068795,-59.0427113,Biblioteca Popular
18,Corrientes,Corrientes,Bib.Pop. de Corrientes Dr. Porfirio A. Aquino,C.Pellegrini 1359 0,-27.465617,-58.833233,Biblioteca Popular
18,Corrientes,Corrientes,Bib.Pop. José R. Mariño,Santa Fé 847,-27.467533,-58.830317,Biblioteca Popular
18,Corrientes,Corrientes,Bib.Pop. Bartolomé Mitre,25 de Mayo 1406,-27.464633,-58.832483,Biblioteca Popular
18,Corrientes,Corrientes,Bib.Pop. Josefina Contt,Carlos Pellegrini 702,-27.46495,-58.841367,Biblioteca Popular
18,Corrientes,Corrientes,Bib.Tec.Pop. Bernardino Rivadavia,Teniente 1° Ibañez 1897,-27.4836,-58.827217,Biblioteca Popular
18,Corrientes,Corrientes,Bib.Pop.Esc. Fray J. de la Quintana,25 de Mayo 1344,-27.46455,-58.833267,Biblioteca Popular
18,Corrientes,Corrientes,Bib.Pop. Ernesto Sábato,Jujuy 1325,-27.473167,-58.828317,Biblioteca Popular
18,Corrientes,Corrientes,Bib.Pop. Arandu,Ciudad de Arequipa 3410,-27.49475,-58.8337,Biblioteca Popular
18,Corrientes,Corrientes,Bib.Pop. Ñañuva,José Darragueira 1954,-27.485183,-58.797183,Biblioteca Popular
18,Corrientes,Corrientes,Bib.Pop. Fray Luis de Bolaños,D. Lastra 820,-27.469333,-58.788567,Biblioteca Popular
18,Corrientes,Corrientes,Bib.Pop.Esc. José F.de San Martín,Av.El maestro y Cruz del eje 0,-27.471226,-58.839584,Biblioteca Popular
18,Corrientes,Corrientes,Bib. Pop. Eva Perón,Av. 3 de Abril 38,-27.473933,-58.84895,Biblioteca Popular
18,Corrientes,Corrientes,Bib.Pop. Rincón del milenium,General Paz 745 0,-27.477409,-58.842788,Biblioteca Popular
18,Corrientes,Corrientes,Bib. Pop. Coembá Porá (Lindo Amanecer,Madariaga y 6 de Mayo 0,-27.482467,-58.840983,Biblioteca Popular
18,Corrientes,Corrientes,Bib.Pop. Escritores Correntinos,Gral. Paz 3198,-27.477433,-58.84275,Biblioteca Popular
18,Corrientes,Concepción,Bib.Pop. Rector Carlos Bobsín,Capitán Arbo y Blanco 0,-28.391071,-57.893932,Biblioteca Popular
18,Corrientes,Santa Rosa,Bib.Pop. Francisco Madariaga,Avda. San Martín 804,-28.266846,-58.117367,Biblioteca Popular
18,Corrientes,Curuzú Cuatía,Bib.Pop. Rivadavia,Dr.Tomás Pozzi 560 0,-29.794233,-58.056717,Biblioteca Popular
18,Corrientes,Curuzú Cuatía,Bib.Pop. Cuatia Renda,Rivadavia 981,-29.7911132,-58.0551126,Biblioteca Popular
18,Corrientes,Empedrado,Bib.Pop. Esc. Angel Estrada,Alvear 343,-27.952583,-58.806617,Biblioteca Popular
18,Corrientes,Esquina,Bib.Pop. Dr. J. A. Ferreira,Sarmiento 485,-30.0208,-59.52965,Biblioteca Popular
18,Corrientes,Goya,Bib.Pop. D.F.Sarmiento,Mariano I.Loza 564,-29.143317,-59.2652,Biblioteca Popular
18,Corrientes,Goya,Bib. Pop.  Barrios del Sur,Chile y Pasaje Campichuelo 0,-29.145333,-59.25905,Biblioteca Popular
18,Corrientes,Goya,Bib. pop. Marta Elgul de Paris,Juana Azurduy Manzana A Casa 14 0,-29.145811,-59.258791,Biblioteca Popular
18,Corrientes,Alvear,Bib.Pop. Carlos M. de Alvear,Centenario 532 0,-29.097983,-56.552633,Biblioteca Popular
18,Corrientes,Caa Cati,Bib.Pop. Dr. Juan Manuel Rivera,Coronel Esquivel s/n 0,-27.751183,-57.6262,Biblioteca Popular
18,Corrientes,Ita Ibate,Bib.Pop. Bernardino Rivadavia,San Martín y 9 de Julio,-27.42545,-57.33775,Biblioteca Popular
18,Corrientes,Lomas de Vallejo,Bib.Pop. Leamos juntos,Sin dirección 0,-27.737125,-57.918579,Biblioteca Popular
18,Corrientes,Santa Lucía,Bib. Pop. Mariano Moreno,Belgrano y Corrientes 0,-28.989967,-59.101567,Biblioteca Popular
18,Corrientes,Mercedes,Bib.Pop. Literaria Belgrano,San Martín 650,-29.184217,-58.07195,Biblioteca Popular
18,Corrientes,Mercedes,Bib.Pop. Domingo F. Sarmiento,San Martín 1352 1º,-29.182667,-58.080983,Biblioteca Popular
18,Corrientes,Mercedes,Bib.Pop. Gral. San Martín,Alvear 565,-29.182633,-58.078867,Biblioteca Popular
18,Corrientes,Mercedes,Bib.Pop.Esc. Presbítero E. Tutak,Av.Gral.San Martín s/n Km 3 0,-29.182694,-58.078972,Biblioteca Popular
18,Corrientes,Mercedes,Bib.Pop.Esc. Isabel S. A. de Aquino,Sarmiento 540,-29.183267,-58.073733,Biblioteca Popular
18,Corrientes,Mocoreta,Bib.Pop. Mariano Moreno,Pedro Pablo Marturet 357,-30.620333,-57.965267,Biblioteca Popular
18,Corrientes,Monte Caseros,Bib.Pop. Marcelino A. Elizondo,Bergamini 273,-30.2504125,-57.6301273,Biblioteca Popular
18,Corrientes,Monte Caseros,Asoc. Bib.Pop.Esc. Dorila P. Méndez,Juan Pujol 1050 0,-30.253433,-57.63895,Biblioteca Popular
18,Corrientes,Monte Caseros,Bib.Pop.Esc. Manuel Lainez,Sarmiento 1455,-30.246663,-57.632238,Biblioteca Popular
18,Corrientes,Monte Caseros,Bib.Pop. Sin fronteras,Juan Pujol 1901,-30.25335,-57.638117,Biblioteca Popular
18,Corrientes,Monte Caseros,Bib.Pop. Villa Fedullo,Callao 0,-30.252316,-57.657611,Biblioteca Popular
18,Corrientes,Parada Labougle,Bib. Esc. Pop. Gral. Gregorio Las Heras,"La Estación, Labougle s/n",-30.31675,-57.731167,Biblioteca Popular
18,Corrientes,Paso de los Libres,Bib.Pop. D.F.Sarmiento,Madariaga 870 0,-29.710233,-57.089233,Biblioteca Popular
18,Corrientes,Paso de los Libres,Bib.Pop. Paso de los Libres,Rivadavia 1273,-29.7131958,-57.0901845,Biblioteca Popular
18,Corrientes,Tapebicuá,Bib.Pop. Ramón Barboza,Agapito Sosa y florida,-29.50615,-56.974581,Biblioteca Popular
18,Corrientes,Saladas,Bib.Mun.Pop. Gerardo Pisarello,Bartolomé Mitre y Sgto.Cabral 0,-28.255121,-58.625622,Biblioteca Popular
18,Corrientes,San Cosme,Bib.Pop. San Cosme,H.Irigóyen y Dr.Valenzuela 0,-27.370369,-58.512737,Biblioteca Popular
18,Corrientes,San Luis del Palmar,Bib.Pop.Esc. Juan Bautista Alberdi,San Martín 623,-27.5088,-58.55455,Biblioteca Popular
18,Corrientes,Chavarria,Bib.Pop.Asoc. Mario Issac Portillo,Pedro P. Quiroz s/n 0,-28.954885,-58.574455,Biblioteca Popular
18,Corrientes,San Roque,Bib.Pop. Gral. José de San Martín,Desiderio Sosa 625,-28.574167,-58.708883,Biblioteca Popular
18,Corrientes,Gobernador Virasoro,Bib.Pop. Victor Elias Navajas Centeno,Avda. Tarragó Ros 2577,-28.052167,-56.024467,Biblioteca Popular
18,Corrientes,Santo Tomé,Bib.Pop. Bernardino Rivadavia,Victor Navajas 844,-28.551983,-56.035033,Biblioteca Popular
18,Corrientes,Sauce,Bib.Pop. Almafuerte,Bartolomé Mitre 783,-30.085117,-58.786467,Biblioteca Popular
18,Corrientes,Itatí,Bib.Pop. Teresa de los Andes,"Av. San Luis del Palmar, e/Gamarra y 25 de Mayo 0",-27.271515,-58.243806,Biblioteca Popular
18,Corrientes,Ituzaingo,Asoc.Bib.Pop. Carlos Guido Spano,Buenos Aires y Belgrano 0,-27.5846,-56.68735,Biblioteca Popular
30,Entre Ríos,Arroyo Barú,Bib.Pop. Arroyo Baru,Av.  Francisco  Barú s/n 0,-31.868019,-58.446705,Biblioteca Popular
30,Entre Ríos,Colón,Bib.Pop. Fiat Lux,12 de Abril 208,-32.2205,-58.137233,Biblioteca Popular
30,Entre Ríos,Pueblo Liebig,Bib.Pop. Fábrica Colón,Centro Cívico 0,-32.151062,-58.190578,Biblioteca Popular
30,Entre Ríos,San José,Bib.Pop. Gral. Urquíza,25 de Mayo 1833,-32.209324,-58.218864,Biblioteca Popular
30,Entre Ríos,Ubajay,Bib.Pop. Ubajay,Ceibal y Los Alisos 0,-31.7925,-58.3152,Biblioteca Popular
30,Entre Ríos,Villa Elisa,Bib.Pop. Gral. Mitre,Av.Mitre 1160 0,-32.16495,-58.402933,Biblioteca Popular
30,Entre Ríos,Concordia,Bib.Pop. Olegario V. Andrade,1º de Mayo 141,-31.398083,-58.015933,Biblioteca Popular
30,Entre Ríos,Concordia,Bib.Pop. Amelia Podesta de Gorostiaga,Bolivia 581,-31.399367,-58.0084,Biblioteca Popular
30,Entre Ríos,Concordia,Bib.Pop. Carlos Reyes Miggoni,Ituzaingó 880,-31.391467,-58.02575,Biblioteca Popular
30,Entre Ríos,Concordia,Bib.Pop. D.F.Sarmiento,Laprida y Los Viñedos,-31.35825,-58.0152,Biblioteca Popular
30,Entre Ríos,Los Charrúas,Bib.Pop. Tierra de Inmigrantes,Helena L. de Roffo 1021,-31.1698,-58.184883,Biblioteca Popular
30,Entre Ríos,Diamante,Bib.Pop. Diamante,Eva Perón 628,-32.068583,-60.63675,Biblioteca Popular
30,Entre Ríos,General Ramirez,Bib.Pop. Luis Lorenzo Etchevehere,Avellaneda 26,-32.173167,-60.197317,Biblioteca Popular
30,Entre Ríos,Libertador San Martín,Bib. Pop. Estación Puiggari Asociación Civil,San Martin 415,-32.054004,-60.446073,Biblioteca Popular
30,Entre Ríos,Chajarí,Bib.Pop. Urquíza,Av.Belgrano 1375 0,-30.7571,-57.981717,Biblioteca Popular
30,Entre Ríos,Federación,Bib.Pop. Rivadavia,Av. Entre Ríos 67,-30.98515,-57.920767,Biblioteca Popular
30,Entre Ríos,Los Conquistadores,Bib. Pop. del Saber,Ex Estación del Ferrocarril 0,-30.59094,-58.468041,Biblioteca Popular
30,Entre Ríos,Santa Ana,Bib. Pop.  José Zubiaur,Cupertino Otaño 633,-30.899662,-57.931795,Biblioteca Popular
30,Entre Ríos,Conscripto Bernardi,Conscripto Bernardi,San Juan 162,-31.046874,-59.084576,Biblioteca Popular
30,Entre Ríos,Federal,Bib.Pop. D.F.Sarmiento,Paraná 460,-30.956567,-58.7789,Biblioteca Popular
30,Entre Ríos,General Galarza,Bib.Pop. Luz de provincia,López Jordan 240,-32.718333,-59.391317,Biblioteca Popular
30,Entre Ríos,Gualeguay,Bib.Pop. Carlos Mastronardi,25 de Mayo 414,-33.149633,-59.3126,Biblioteca Popular
30,Entre Ríos,Gualeguaychú,Bib.Pop. Olegario V. Andrade,Camila Nievas 78 0,-33.009717,-58.50925,Biblioteca Popular
30,Entre Ríos,Gualeguaychú,Bib.Pop. Sarmiento,San Martín 899,-33.010167,-58.516917,Biblioteca Popular
30,Entre Ríos,Gualeguaychú,Bib.Pop. Francisco H. López Jordan,25 de Mayo 1399,-33.009917,-58.525783,Biblioteca Popular
30,Entre Ríos,Gualeguaychú,Bib.Pop. Rodolfo A. García,Corrientes 223,-33.005583,-58.5234,Biblioteca Popular
30,Entre Ríos,Larroque,Bib.Pop. Juan Bautista Alberdi,Islas Malvinas 133,-33.034531,-59.007193,Biblioteca Popular
30,Entre Ríos,Pueblo General Belgrano,Bib.Pop. Manuel Belgrano,Larroque s/n 0,-33.010277,-58.514168,Biblioteca Popular
30,Entre Ríos,Urdinarrain,Bib.Pop. Urdinarrain,Av.Libertad 353 (y A.del Valle 0,-32.68605,-58.889983,Biblioteca Popular
30,Entre Ríos,Villa Paranacito,Bib. Pop. Sandor Mikler,Av. Entre Ríos 286,-33.7164,-58.65725,Biblioteca Popular
30,Entre Ríos,Bovril,Bib.Pop. D.F.Sarmiento,Presidente Perón 37,-31.343397,-59.44575,Biblioteca Popular
30,Entre Ríos,Santa Elena,Bib.Pop.Esc. Urquiza,Belgrano 457 0,-30.946933,-59.795467,Biblioteca Popular
30,Entre Ríos,Santa Elena,Bib.Pop. Santa Elena,Belgrano s/n (y Antolin J.Mauri 0,-30.939733,-59.7894,Biblioteca Popular
30,Entre Ríos,Aranguren,Bib.Pop.Genuina Leandro Alem,Raúl Uranga y Laurencena 0,-32.244333,-60.16045,Biblioteca Popular
30,Entre Ríos,Hernández,Bib.Pop. La vieja estación,Gobernadores Entrerrianos 638,-32.336117,-60.025067,Biblioteca Popular
30,Entre Ríos,Lucas Gonzalez,Bib.Pop. Gaspar Benavento,Fray J.S.María de Oro 1150,-32.3848,-59.52855,Biblioteca Popular
30,Entre Ríos,Nogoyá,Bib. Pop. Fermin Chavez,Caseros 951,-32.398567,-59.787567,Biblioteca Popular
30,Entre Ríos,Colonia Avellaneda,Bib.Pop. Presidente Avellaneda,Mariano Moreno 2690,-31.763683,-60.40985,Biblioteca Popular
30,Entre Ríos,Crespo,Bib.Pop. Orientación,Humberto A. Seri 1105,-32.0333,-60.30645,Biblioteca Popular
30,Entre Ríos,Hasenkamp,Bib.Pop. Sebastián Ger Villacampa,3 de febrero 246,-31.51215,-59.834435,Biblioteca Popular
30,Entre Ríos,Paraná,Bib.Pop. Del Paraná,Buenos Aires 256 0,-31.728933,-60.530233,Biblioteca Popular
30,Entre Ríos,Paraná,Bib.Pop. Los Aromos,División de los Andes 1131,-31.76005,-60.515817,Biblioteca Popular
30,Entre Ríos,Paraná,Bib.Pop. y Costurero Laura Vicuña,El Patí 0,-31.74132,-60.511547,Biblioteca Popular
30,Entre Ríos,Paraná,Bib.Pop. Colibrí,Santa Elena 1822,-31.745683,-60.5469,Biblioteca Popular
30,Entre Ríos,Paraná,Bib.Pop. Caminantes,Gobernador Antelo 1345,-31.762189,-60.493605,Biblioteca Popular
30,Entre Ríos,San Benito,Bib. Pop. San José de Cupertino,Quirós 1627,-31.773467,-60.4332,Biblioteca Popular
30,Entre Ríos,Seguí,Bib. Pop. Teresita Yugdar,Sargento Cabral 476,-31.956,-60.126633,Biblioteca Popular
30,Entre Ríos,Viale,Bib.Pop. Dr. Julio Vitor,Sarmiento 367,-31.868417,-60.0109,Biblioteca Popular
30,Entre Ríos,General Campos,Bib.Pop. Ser protagonistas,8 de junio 268,-31.525967,-58.402783,Biblioteca Popular
30,Entre Ríos,San Salvador,Bib. Pop. José Hernández,Ramirez y Primera Junta 0,-31.623883,-58.50115,Biblioteca Popular
30,Entre Ríos,Irazusta,Bib.Pop. J. J. de Urquiza,Arturo Illia y 2 de Abril 0,-32.927833,-58.954483,Biblioteca Popular
30,Entre Ríos,Macia,Bib.Pop. Mario Domingo Carruego,Gualeguaychu 433 0,-32.176008,-59.398034,Biblioteca Popular
30,Entre Ríos,Rosario del Tala,Bib. Pop.Julian Monzon,Roque Sáenz Peña 328,-32.2999022,-59.1404477,Biblioteca Popular
30,Entre Ríos,Basavilbaso,Bib.Pop. Luz obrera,Podesta 982,-32.3743,-58.8779,Biblioteca Popular
30,Entre Ríos,Concepción del Uruguay,Bib.Pop. El porvenir,San Martín 782,-32.485567,-58.233367,Biblioteca Popular
30,Entre Ríos,Herrera,Bib. Pop. Julián Herrera,Luis Signes 333,-32.433567,-58.633317,Biblioteca Popular
30,Entre Ríos,San Justo,Bib. Pop. San Justo,Boulevard 1° de Mayo 0,-32.445567,-58.436233,Biblioteca Popular
30,Entre Ríos,Santa Anita,Bib.Pop. Páginas Mías,San Martín 753,-32.173583,-58.78365,Biblioteca Popular
30,Entre Ríos,Villa San Marcial,Bib. Pop. Estación Cultural,Calle Pública 0,-32.1769472,-58.9244278,Biblioteca Popular
30,Entre Ríos,Villa Dominguez,Bib.Pop. D.F.Sarmiento,Rivadavia 1482,-31.986183,-58.958967,Biblioteca Popular
30,Entre Ríos,Villaguay,Bib.Pop. Bartolomé Mitre,San Martín 230,-31.867833,-59.02755,Biblioteca Popular
30,Entre Ríos,Villaguay,Bib.Pop. Primer Presidente Bernardino Rivadavia,Moreno (Escuela Sup.Nº 1) 650,-31.864033,-59.029567,Biblioteca Popular
34,Formosa,Formosa,Bib.Pop. Dr. M. Ruiz Moreno,J. M. Uriburu 241 0,-26.184,-58.166167,Biblioteca Popular
34,Formosa,Formosa,Bib.Pop. Armando de Vita y Lacerra,Av.Italia S/N 0,-26.181683,-58.222833,Biblioteca Popular
34,Formosa,Formosa,Bib.Pop. María Blanca B. de Simonotto,Francisca Zambonini de Zambrini 651 2,-26.18675,-58.17515,Biblioteca Popular
34,Formosa,Formosa,Bib. Pop. Margarita Diez,J.de los Santos 1151,-26.169817,-58.193383,Biblioteca Popular
34,Formosa,Formosa,Bib.Pop. 12 de Octubre,Cnel.José Bogado 6450,-26.192216,-58.23185,Biblioteca Popular
34,Formosa,Formosa,Bib.Pop. del Bº Gob.Emilio Tomas,Sector 19-Casa 2,-26.185202,-58.175369,Biblioteca Popular
34,Formosa,Formosa,Bib.Pop. San José de Cupertino,Manz.16-Parcelas 1.2.3 0,-26.185202,-58.175369,Biblioteca Popular
34,Formosa,Mojón de Fierro,Bib.Pop. La esperanza,Sin dirección 0,-26.031681,-58.049503,Biblioteca Popular
34,Formosa,Lucio V. Mansilla,Bib. Pop. Alberto Luis García,Basilio Nolazco s/n,-26.654268,-58.624367,Biblioteca Popular
34,Formosa,San Francisco de Laishi,Bib.Pop. San Francisco de Laishi,Paraguay 859,-26.243267,-58.630767,Biblioteca Popular
34,Formosa,Comandante Fontana,Bib.Pop. Dr. Ernesto Guevara,Fray Mamerto Esquiu s/n,-25.336333,-59.686817,Biblioteca Popular
34,Formosa,Villa General Güemes,Bib.Pop. Escritores Formoseños,Rivadavia y Fortín Yunka 0,-24.754299,-59.488682,Biblioteca Popular
34,Formosa,Clorinda,Bib.Pop.Mun. Juan Bautista Alberdi,12 de Octubre 1277,-25.288867,-57.715667,Biblioteca Popular
34,Formosa,Clorinda,Bib. Pop. Dr. Tirso Peña,Saavedra - Mzna.50B 645,-25.2805,-57.730617,Biblioteca Popular
34,Formosa,Clorinda,Bib.Pop. Prof. José F. Fernández,Misioneros Franciscanos,-25.289717,-57.72265,Biblioteca Popular
34,Formosa,Clorinda,Bib.Pop. Eloy Caniza,Bº 742 Viviendas Mon 5,-25.283535,-57.718376,Biblioteca Popular
34,Formosa,Clorinda,Bib. Pop. Dra. María Cristina Balbuena,Buenos Aires s/n 0,-25.2918,-57.70955,Biblioteca Popular
34,Formosa,Laguna Nainek,Asoc.Amig.Bib.Pop. Don Cosme D. Ruiz Diaz,H.Yrigóyen,-25.220991,-58.122639,Biblioteca Popular
34,Formosa,Palma Sola,Bib.Pop. Julio Cortázar,Zona Rural,-23.633329,-61.366661,Biblioteca Popular
34,Formosa,Riacho He He,Asoc.Bib.Pop. Félix Atilio Cabrera,Bº 100 Viviendas Casa 17-San Fco.Solano s/n,-25.36245,-58.277667,Biblioteca Popular
34,Formosa,El Colorado,Bib. Pop. Pedro Castagne,Tucumán 315,-26.30575,-59.371217,Biblioteca Popular
34,Formosa,Pirané,Bib.Pop.Pub.Mun. Don José F.de San Martín,R.Saenz Peña y San Lorenzo,-25.73355,-59.103717,Biblioteca Popular
34,Formosa,Pirané,Bib.Pub. Pop. San Antonio,Neuquén 650,-25.731883,-59.117633,Biblioteca Popular
38,Jujuy,Abra Pampa,Bib.Pop. Mariano Valle,Gobernador Tello 40,-22.72205,-65.698,Biblioteca Popular
38,Jujuy,Barrancas Abdón Castro Tolay,Bib. Pop. Crear y Ser,Senador Martiarenas s/n 0,-23.342517,-66.090467,Biblioteca Popular
38,Jujuy,Puesto del Marques,Bib.Pop. Rosario Tolaba,Soberania Nacional 0,-22.537483,-65.697783,Biblioteca Popular
38,Jujuy,Alto Comedero,Bib.Pop. Jorge Domingo Calvetti,Campero 2021,-24.232126,-65.267822,Biblioteca Popular
38,Jujuy,San Salvador de Jujuy,Bib.Pop. de Jujuy,Belgrano 652,-24.185262,-65.30219,Biblioteca Popular
38,Jujuy,San Salvador de Jujuy,Bib. Pop. Leer te ayuda a crecer,Machuca 32,-24.205803,-65.295924,Biblioteca Popular
38,Jujuy,San Salvador de Jujuy,Bib.Pop. del barrio cerro las Rosas (N,14 de Abril 20,-24.214846,-65.265228,Biblioteca Popular
38,Jujuy,San Salvador de Jujuy,Bib.Pop. Campo Verde,Mza 13 Lote 18 0,-24.185785,-65.299477,Biblioteca Popular
38,Jujuy,San Salvador de Jujuy,Bib.Pop. El futuro de los niños,Talcahuano 1906,-24.20455,-65.287483,Biblioteca Popular
38,Jujuy,Ciudad Perico,Bib.Pop. de Ciudad Perico,Av.Buenos Aires 147,-24.389238,-65.108421,Biblioteca Popular
38,Jujuy,El Carmen,Bib.Pop. Domingo T. Pérez,Sarmiento 334,-24.390083,-65.261733,Biblioteca Popular
38,Jujuy,Perico,Asoc.de Amigos Bib.Mun. y Pop. Carlos Juárez,Argañaraz 199,-24.383483,-65.115983,Biblioteca Popular
38,Jujuy,Humahuaca,Bib.Pop. Gral. Bartolomé Mitre,Entre Ríos 317,-23.205767,-65.348417,Biblioteca Popular
38,Jujuy,Humahuaca,Bib.Pop. Coronel Manuel E. Arias,Corrientes 462,-23.20645,-65.347683,Biblioteca Popular
38,Jujuy,Caimancito,Bib.Pop. José Ingenieros,Avda. Santa Fe 530,-23.740117,-64.594117,Biblioteca Popular
38,Jujuy,Libertador G.San Martín,Bib.Pop. D.F.Sarmiento,Herminio Arrieta 125,-23.81945,-64.790077,Biblioteca Popular
38,Jujuy,Libertador G.San Martín,Bib.Pop. Bartolomé Mitre,Av.Libertad esq.Independencia 0,-23.817317,-64.792333,Biblioteca Popular
38,Jujuy,Libertador G.San Martín,Bib.Pop. San Marcelino,Posta de Hornillos Mza 402 Lote 9 0,-23.81945,-64.790077,Biblioteca Popular
38,Jujuy,General Belgrano,Bib.Pop. de Palpalá,Pedro Ortíz de Zárate 137,-24.119658,-65.403984,Biblioteca Popular
38,Jujuy,Palpalá,Bib.Pop.Mun. Antonio Paleari,Mina 9 de octubre s/n 0,-24.2578,-65.215733,Biblioteca Popular
38,Jujuy,Palpalá,Bib.Pop. Dr. Héctor Tizon,Río Tercero 531,-24.260417,-65.212933,Biblioteca Popular
38,Jujuy,Río Blanco,Bib.Pop. Virgen de Río Blanco,1º de Mayo 72,-24.22765,-65.238233,Biblioteca Popular
38,Jujuy,San Antonio,Bib.Pop. Coronel Hilarion de la Quintana,Sarmiento 0,-24.367033,-65.336767,Biblioteca Popular
38,Jujuy,Arrayanal,Bib.Pop. Solidaridad,Pasaje Arrayanes s/n,-24.231657,-64.867874,Biblioteca Popular
38,Jujuy,San Pedro de Jujuy,Bib.Pop. D.F.Sarmiento,Alberdi 391,-24.2279,-64.8659,Biblioteca Popular
38,Jujuy,San Pedro de Jujuy,Bib.Pub.Pop.y Esc. Ernesto Sábato,Miguel Araoz 220,-24.23445,-64.8689,Biblioteca Popular
38,Jujuy,San Pedro de Jujuy,Bib.Pop.y C.Vecinal San Antonio de Padua,Formosa 1770,-24.221217,-64.866067,Biblioteca Popular
38,Jujuy,San Pedro de Jujuy,Bib.Pop. San José Obrero,Rivadavia esq. M. Moreno,-24.231657,-64.867874,Biblioteca Popular
38,Jujuy,San Pedro de Jujuy,Bib.Pop. San Francisco de Asís,Los Claveles 158,-24.22525,-64.870417,Biblioteca Popular
38,Jujuy,Palma Sola,Bib.Pub.Pop Palma Sola,Av.Eva Perón  s/n,-23.976456,-64.305565,Biblioteca Popular
38,Jujuy,Santa Clara,Bib.Pop. José Hernández,Av.J.J.Castro s/n esq.J.Hernández 0,-24.307772,-64.659317,Biblioteca Popular
38,Jujuy,Monterrico - San José,Bib.Pop. de Monterrico,Belgrano 652,-24.439467,-65.165783,Biblioteca Popular
38,Jujuy,San Salvador de Jujuy,Bib.Pop. y C. Cult. Niños Pájaros,"Pampa Blanca, Mza.307 Lte.13, Sector B5 0",-24.248866,-65.260088,Biblioteca Popular
38,Jujuy,Coranzulí,Bib. Pop. Maestro José Eduardo Ferretti,Avda. Gral. San Martín s/n,-23.016167,-66.3665,Biblioteca Popular
38,Jujuy,Susques,Bib. Pop. de Susques,Catamarca s/n 0,-23.399617,-66.366233,Biblioteca Popular
38,Jujuy,Tilcara,Bib.Pop. Bartolomé Mitre,Rivadavia 378,-23.577733,-65.393267,Biblioteca Popular
38,Jujuy,Purmamarca,Bib.Pop. Viltipoco,Rivadavia 0,-23.746367,-65.499,Biblioteca Popular
38,Jujuy,Volcán,Bib.Pop. 3 de Abril,Belgrano 125,-23.9169,-65.466783,Biblioteca Popular
38,Jujuy,La Quiaca,Bib.Pop. D.F.Sarmiento,Rivadavia 288,-22.104033,-65.593483,Biblioteca Popular
38,Jujuy,Yavi,Bib.Pop. La Unión Aspirante de Yavi,Reconquista 0,-22.130267,-65.461833,Biblioteca Popular
42,La Pampa,Doblas,Bib.Pop. Martín Fierro,Francisco Lizaso 512,-37.1495,-64.009483,Biblioteca Popular
42,La Pampa,Macachín,Bib.Pop. Profesor H. Eros D .N. Siri,Parodi 188,-37.134833,-63.667767,Biblioteca Popular
42,La Pampa,Miguel Riglos,Bib.Pop. Bernardino Rivadavia,Avda. San Martín 422 0,-36.85205,-63.688717,Biblioteca Popular
42,La Pampa,Rolón,Asoc. Bip. Esc.  Pop.,Libertad s/n 0,-37.167083,-63.417317,Biblioteca Popular
42,La Pampa,Tomás Manuel de Anchorena,Bib. Pop. Joaquín Anchorena,Rivadavia 267,-36.839783,-63.522067,Biblioteca Popular
42,La Pampa,La Adela,Bib.Pop. La Adela,Pje.Chubut 38,-38.98575,-64.089483,Biblioteca Popular
42,La Pampa,Anguil,Bib.Pop. Manuel P.Rodriguez Un N.H.P/la Cult.,Oliver (ex Estación del Ferrocarril) 0,-36.528617,-64.00965,Biblioteca Popular
42,La Pampa,Santa Rosa,Bib.Pop. Clemente J. Andrada,Av. San Martín (O) y Villegas 0,-36.620716,-64.295188,Biblioteca Popular
42,La Pampa,Santa Rosa,Bib.Pop. Raúl Isidoro D'Atri,Río de la Plata 1320,-36.600867,-64.2996,Biblioteca Popular
42,La Pampa,Santa Rosa,Bib. Pop. Rodolfo de Diego,Hipólito Yrigoyen 162,-36.619917,-64.289117,Biblioteca Popular
42,La Pampa,Santa Rosa,Bib.Pop. Edgar Morisoli,Victor Lordi 73,-36.627717,-64.304817,Biblioteca Popular
42,La Pampa,Santa Rosa,BIb. Pop. Teresa Pérez,Gandhi 550,-36.655567,-64.275117,Biblioteca Popular
42,La Pampa,Santa Rosa,Bib.Pop. Miguel Angel Gomez Drumell,Blanco Encalada y Corona Martinez 0,-36.603533,-64.274867,Biblioteca Popular
42,La Pampa,Santa Rosa,Bib. Pop. Malvinas Argentinas,Callaqueo esq. Giachino 0,-36.585049,-64.288675,Biblioteca Popular
42,La Pampa,Catriló,Bib. Pop. Olga Orozco,Avellaneda 351,-36.406733,-63.42545,Biblioteca Popular
42,La Pampa,Lonquimay,Bib.Pop. María Rubio de Bada,Alem 533,-36.46945,-63.6224,Biblioteca Popular
42,La Pampa,Uriburu,Bib.Pop. Noemí Gavilán de Tarquini,Estanislao Zeballos s/n 0,-36.50605,-63.860233,Biblioteca Popular
42,La Pampa,Bernardo Larroude,Bib.Pop. Chapaleufu,Pte. Illia 198,-35.024517,-63.579117,Biblioteca Popular
42,La Pampa,Ceballos,Bib.Pop. Francisco Ceballos,Lib.Gral.San Martín s/n 0,-35.290317,-63.777117,Biblioteca Popular
42,La Pampa,Coronel Hilario Lagos,Bib. Pop. La Huella,Avda. Belgrano 82,-35.02415,-63.91215,Biblioteca Popular
42,La Pampa,Intendente Alvear,Bib.Pop. Renovación,25 de Mayo 1208,-35.23165,-63.591417,Biblioteca Popular
42,La Pampa,Vértiz,Bib.Pop. Ricardo Güiraldes,Sarmiento 359,-35.427117,-63.9109,Biblioteca Popular
42,La Pampa,Conhelo,Bib. Pop. Faustino Casimiro Bustos,9 de Julio 0,-36.001083,-64.595467,Biblioteca Popular
42,La Pampa,Mauricio Mayer,Bib.Pop. Juan Ricardo Nervi,José Florez 12,-36.210083,-64.031933,Biblioteca Popular
42,La Pampa,Monte Nievas,Bib.Pop. Asoc.Ex-Alumnos Escuela Nº43 y Bib.Pop.,Gobernador Duval 271,-35.86165,-64.153883,Biblioteca Popular
42,La Pampa,Winifreda,Bib.Pop. Manuel Lej,9 de Julio 501,-36.226917,-64.232483,Biblioteca Popular
42,La Pampa,Alpachiri,Bib.Pop.Mun. Alpachiri,J.J.Urquiza 275,-37.37555,-63.774083,Biblioteca Popular
42,La Pampa,General Manuel J. Campos,Bib.Pop. María Elena Walsh,España 64,-37.460683,-63.583317,Biblioteca Popular
42,La Pampa,Guatrache,Bib.Pop. Florentino Ameghino,Sarmiento 250,-37.669783,-63.531567,Biblioteca Popular
42,La Pampa,Guatrache,Bib.Pop. Almafuerte,Sarmiento 250,-37.669783,-63.531567,Biblioteca Popular
42,La Pampa,Santa Teresa,Bib. Pop. José Barbero,San Martin 318,-37.566666,-63.416668,Biblioteca Popular
42,La Pampa,Abramo,Bib.Pop. de Abramo,Bv. Belgrano 313,-37.895033,-63.849867,Biblioteca Popular
42,La Pampa,Bernasconi,Bib.Pop. Mariano Moreno,Urquiza 477,-37.903533,-63.7497,Biblioteca Popular
42,La Pampa,General San Martín,Bib.Pop. Aristóbulo del Valle,Gob.Virasoro 231 Casilla 7 0,-37.97935,-63.6032,Biblioteca Popular
42,La Pampa,Jacinto Arauz,Bib.Pop. María E. Fernández de Falciola,Rivadavia 165,-38.083933,-63.42935,Biblioteca Popular
42,La Pampa,Cuchillo co,Bib. Pop. Walter Cazenave,Velma Toscano s/n 0,-38.334167,-64.642117,Biblioteca Popular
42,La Pampa,Carro Quemado,Bib. Pop. Carro quemado,Fermín Huarte 376,-36.475633,-65.343367,Biblioteca Popular
42,La Pampa,Luan Toro,Bib.Pop. Manuel Belgrano,Malvinas Argentinas s/n,-36.2029,-65.098833,Biblioteca Popular
42,La Pampa,Victorica,Bib.Pop. Bartolomé Mitre,Calle 17 Nº 861 0,-36.217567,-65.436617,Biblioteca Popular
42,La Pampa,Agustoni,Bib.Pop. Almafuerte,Roberto P.de Meurville 0,-35.7826,-63.3907,Biblioteca Popular
42,La Pampa,Dorila- La Puma,Bib.Pop. José Elías Rosales,Calle 11 e/3 y 4 0,-35.774733,-63.714667,Biblioteca Popular
42,La Pampa,General Pico,Bib.Pop.Mun. José Manuel Estrada,Calle 17 580,-35.663785,-63.756744,Biblioteca Popular
42,La Pampa,General Pico,Bib.Pop. Joaquín V. González,Calle 19 789,-35.66275,-63.753517,Biblioteca Popular
42,La Pampa,General Pico,Bib.Pop. Juan del Rosario Garro,Calle 7 (oeste) 1100,-35.65565,-63.7561,Biblioteca Popular
42,La Pampa,Speluzzi,Bib.Pop. Antonio Martello de Speluzzi,Av. 25 de Mayo 0,-35.548687,-63.817112,Biblioteca Popular
42,La Pampa,Colonia Baron,Bib.Pop. José Hernández,España 311,-36.152383,-63.850967,Biblioteca Popular
42,La Pampa,Miguel Cané,Bib.Pop. Bernardino Rivadavia,Sarmiento 0,-36.155633,-63.5098,Biblioteca Popular
42,La Pampa,Quemú Quemú,Bib.Pop. Héctor Raúl Tardiani,Rivadavia S/N Estacion de Tren 0,-36.056517,-63.564817,Biblioteca Popular
42,La Pampa,Villa Mirasol,Bib.Pop. Raúl Belisario Díaz,Av.San Martín 871 0,-36.07485,-63.88665,Biblioteca Popular
42,La Pampa,Caleufú,Bib.Pop. Florentino Ameghino,España 450 0,-35.5957,-64.558617,Biblioteca Popular
42,La Pampa,La Maruja,Bib.Pop. Modesto Caretto,Modesto Caretto 0,-35.671883,-64.940367,Biblioteca Popular
42,La Pampa,Parera,Bib.Pop. Libertador San Martín,Av.San Martín 386,-35.14735,-64.502317,Biblioteca Popular
42,La Pampa,Pichi Huinca,Bib.Pop. Jorge Agustín Picca,Belgrano s/n,-35.648417,-64.76825,Biblioteca Popular
42,La Pampa,Quetrequen,Bib. Pop. Bernardino Rivadavia,Conquista del desierto s/n 0,-35.056467,-64.523817,Biblioteca Popular
42,La Pampa,Rancúl,Bib.Pop. D.F.Sarmiento,San Martín 452,-35.067483,-64.685083,Biblioteca Popular
42,La Pampa,Adolfo Van Praet,Bib.Pop. José Grassi,Libertad s/n y P. Moreno 0,-35.01735,-64.0346,Biblioteca Popular
42,La Pampa,Alta Italia,Bib.Pop. Alberto Cortez,Esther de Monmany 489,-35.334933,-64.116867,Biblioteca Popular
42,La Pampa,Embajador Martini,Bib.Pop. Florentino Ameghino,Calle 2 516,-35.385767,-64.282633,Biblioteca Popular
42,La Pampa,Falucho,Bib.Pop. Mariano Moreno,Mariano Moreno 331,-35.190217,-64.105983,Biblioteca Popular
42,La Pampa,Ingeniero Luiggi,Bib.Pop.Mun. Ing. Luis Luiggi,Gob.Centeno 110,-35.389067,-64.4668,Biblioteca Popular
42,La Pampa,Maisonnave,Bib.Pop. D.F.Sarmiento,Uruguay 0,-35.04085,-64.385133,Biblioteca Popular
42,La Pampa,Ojeda,Bib. Pop. Sebastián Dalmasso,Escuela Hogar Nº 50 0,-35.305527,-64.00325,Biblioteca Popular
42,La Pampa,Realicó,Bib.Pop. Presidente Avellaneda,Sarmiento 1551,-35.038817,-64.246117,Biblioteca Popular
42,La Pampa,Eduardo Castex,Bib.Pop. San Martín,España 954,-35.91415,-64.2974,Biblioteca Popular
42,La Pampa,Quehue,Bib.Pop. Mun. Juan Río de Quehue,Jorge A.Villa s/n,-37.122767,-64.514683,Biblioteca Popular
42,La Pampa,Toay,Bib.Pop. Toay,Sarmiento esq. Roque Saenz Peña 0,-36.668133,-64.383467,Biblioteca Popular
42,La Pampa,Arata,Bib.Pop. Pedro Arata,San Martín 236,-35.6388,-64.357067,Biblioteca Popular
42,La Pampa,Trenel,Bib.Pop. Juan B. Justo,Juan B.Berisso 23 0,-35.6971,-64.136967,Biblioteca Popular
42,La Pampa,Ataliva Roca,Bib.Pop. D.F.Sarmiento,Viamonte 43,-37.0313,-64.284,Biblioteca Popular
42,La Pampa,Colonia Santa María,Bib.Esc. Pop. Alfredo Suarez Verdier,Don Bosco s/n 0,-37.49505,-64.2268,Biblioteca Popular
42,La Pampa,General Acha,Bib.Pop. Florentino Ameghino,Avellaneda 450 0,-37.377285,-64.598942,Biblioteca Popular
42,La Pampa,General Acha,Bib.Pop.Esc. Escuela Nº 164,Balcarce 173,-37.3771,-64.599633,Biblioteca Popular
46,La Rioja,Aimogasta,Bib.Pop. Pedro I. de Castro Barros,San Martín 650,-28.553954,-66.812321,Biblioteca Popular
46,La Rioja,La Rioja,Bib.Pop. Mariano Moreno,9 de Julio 59,-29.414083,-66.855033,Biblioteca Popular
46,La Rioja,La Rioja,Bib.Pop. Juan Bautista Alberdi,Velez Sarfield 1000,-29.416417,-66.861833,Biblioteca Popular
46,La Rioja,La Rioja,Bib.Inf.Pop. Tte.Coronel Marcelino Reyes,Dalmacio Velez Sarsfield 759 0,-29.41605,-66.858367,Biblioteca Popular
46,La Rioja,La Rioja,Bib.Pop. Juan Ramirez de Velazco,Hipólito Yrigoyen 91,-29.42325,-66.861017,Biblioteca Popular
46,La Rioja,La Rioja,Cen. Cult. y Bib. Pop. Ciudad de los Naranjos,Av. Ramon Navarro 1150,-29.445783,-66.862533,Biblioteca Popular
46,La Rioja,La Rioja,Bib.Pop. Darío Santillán,Colombia 2364,-29.424084,-66.877363,Biblioteca Popular
46,La Rioja,Anjullón,Bib. Pop. María Esther Brizuela de Bazán,Castro Barros  s/n 0,-28.718667,-66.928117,Biblioteca Popular
46,La Rioja,Chuquis,Bib.Pop. Pedro I. de Castro Barros,Castro Barros s/n,-28.891383,-66.972333,Biblioteca Popular
46,La Rioja,Los Molinos,Bib.Pop. Gob. Dr. B. de la Vega,Don Alvaro s/n frente a la plaza.,-28.73333,-66.933342,Biblioteca Popular
46,La Rioja,Pinchas,Bib.Pop. e Inf. Sarmiento,Ruta Nacional N° 75 0,-28.932233,-66.9649,Biblioteca Popular
46,La Rioja,Chamical,Bib.Pop. Mitre,Majul Ayan 129,-30.359083,-66.31365,Biblioteca Popular
46,La Rioja,Chilecito,Bib.Pop. Joaquín V. González,J. V. González 250 0,-29.159767,-67.509583,Biblioteca Popular
46,La Rioja,Los Sarmientos,Bib.Pop. Domingo Faustino Sarmiento,Ortíz de Ocampo 196,-29.15,-67.48333,Biblioteca Popular
46,La Rioja,Vichigasta,Bib.Pop. Vichigasta,Guillermo Iribarren s/n,-29.48456,-67.516479,Biblioteca Popular
46,La Rioja,Pagancillo,Bib.Pop. José Hernández,Av. 24 de Septiembre,-29.54775,-68.10025,Biblioteca Popular
46,La Rioja,Famatina,Bib.Pop. Pedro I. de Castro Barros,Av.J.Facundo Quiroga s/n,-28.931183,-67.517767,Biblioteca Popular
46,La Rioja,Punta de los Llanos,Bib.Pop. Gral. V. Peñaloza,Calle Nº 12 y Ruta Provincial Nº 29,-30.149761,-66.541832,Biblioteca Popular
46,La Rioja,Chañar,Bib.Pop. Juan Facundo Quiroga,Av. 25 de Mayo S/N,-30.538206,-65.960762,Biblioteca Popular
46,La Rioja,Olta,Bib.Pop. D.F.Sarmiento,Castro Barros 300,-30.6313,-66.263417,Biblioteca Popular
46,La Rioja,Villa Sanagasta,Bib.Pop. Dardo de la Vega Díaz,Carlos María Alvarez 348,-29.28785,-67.0216,Biblioteca Popular
46,La Rioja,Alpasinche,Bib.Pop. Pastor de la Colina Villafañe,Ruta Nacional Nro. 40,-28.311703,-67.059235,Biblioteca Popular
50,Mendoza,Mendoza,Bib.Pop. Juventud en acción,Ej.de los Andes Mza.30 C.5,-32.866483,-68.864367,Biblioteca Popular
50,Mendoza,Godoy Cruz,Bib.Pop. Presbítero P. C. Arce,Pje. San Cristobal 1766,-32.94225,-68.8231,Biblioteca Popular
50,Mendoza,Godoy Cruz,Bib.Pop. Casa por la memoria y la cultura popular,Dr. Luis Agote 541,-32.932096,-68.838676,Biblioteca Popular
50,Mendoza,Godoy Cruz,Bib.Pop. PABLITO GONZALEZ,Velez Sarfield  y Puerto Argentino,-32.95855,-68.832517,Biblioteca Popular
50,Mendoza,Bowen,Bib.Pop. Antonio Dimarco,Humberto Artaza 361,-34.999733,-67.512317,Biblioteca Popular
50,Mendoza,Colonia Alvear Oeste,Bib.Pop. Gral. C. M. de Alvear,Laprida 232 0,-35.0047,-67.65055,Biblioteca Popular
50,Mendoza,El Desvío,Bib.Pop. Escritores Alvearenses,"Calle ""L""  s/n 0",-32.890182,-68.844048,Biblioteca Popular
50,Mendoza,General Alvear,Bib.Pop. D.F.Sarmiento,Dr. Ricardo Piérola 267,-34.975867,-67.69285,Biblioteca Popular
50,Mendoza,Buena Nueva,Bib. Pop. Ta Te Ti,Dr. Luis Agote s/n 0,-32.893041,-68.759783,Biblioteca Popular
50,Mendoza,Dorrego,Bib.Pop. Daniel Talquenca de Guaymallén,Dorrego 2809,-32.92355,-68.832067,Biblioteca Popular
50,Mendoza,El Bermejo,Bib.Pop. El bermejo,Avellaneda 4123,-32.8696,-68.780033,Biblioteca Popular
50,Mendoza,Jesús Nazareno,Bib. Pop. Jesús Nazareno,Carrizal 5997,-32.933331,-68.76667,Biblioteca Popular
50,Mendoza,Rodeo de la Cruz,Bib.Pop. Rodeo de la cruz,Bandera de los Andes 8956,-32.922667,-68.7397,Biblioteca Popular
50,Mendoza,Algarrobo grande,Bib. Pop. Ingeniero Giagnoni,Santos Lugares 36,-33.148499,-68.486031,Biblioteca Popular
50,Mendoza,Junín,Bib.Pop. Pedro José Bustos,Fray Luis Beltran 167,-33.1448,-68.487333,Biblioteca Popular
50,Mendoza,Los Barriales,Bib.Pop. Santa Rosa,Calle Santa Teresita y Remedios de Escalada,-32.868092,-68.869087,Biblioteca Popular
50,Mendoza,El Plumerillo,Bib.Pop. Escritores Mendocinos,Democracia y Bv.Los Ceibos - Bº Ujemvi 0,-32.831944,-68.792778,Biblioteca Popular
50,Mendoza,El Resguardo,Bib. Pop. Mirta Vivante,M B C 16 0,-32.830433,-68.819717,Biblioteca Popular
50,Mendoza,Las Heras,Bib.Pop. Francisco Manino,Monseñor Verdaguer 1079,-32.853133,-68.8279,Biblioteca Popular
50,Mendoza,Las Heras,Bib.Pop. Palabras del corazón,San Juan 2305,-32.8428,-68.80505,Biblioteca Popular
50,Mendoza,Las Heras,Bib.Pop. Libros Abiertos para la sociedad,San Miguel esq. Lemos W.,-32.889883,-68.8445,Biblioteca Popular
50,Mendoza,Panquehua,Bib.Pop. del Saber del Pueblo y su Cultura,Sargento Cabral 2725,-32.833328,-68.833351,Biblioteca Popular
50,Mendoza,Costa de Araujo,Bib.Pop. Tomás Godoy Cruz,Dr. Moreno S/N 0,-32.7607,-68.394517,Biblioteca Popular
50,Mendoza,Jocoli,Bib.Pop. Francisco Montalto,Ruta 40 - Km 42,-32.503349,-68.640732,Biblioteca Popular
50,Mendoza,Tres de Mayo,Bib.Pop. Tres de Mayo,Ruta 36 Km 3,-32.666668,-68.616669,Biblioteca Popular
50,Mendoza,Villa Tulumaya,Bib.Pop. José A. Pujadas,Fray Luis Beltran 55,-32.716667,-68.566666,Biblioteca Popular
50,Mendoza,Chacras de Coria,Bib. Pop. Chacras de Coria,Viamonte 5191,-32.9924,-68.8868,Biblioteca Popular
50,Mendoza,La Carrodilla,Bib.Pop. Virgen de la Carrodilla,Manuel A. Sáenz 8251,-32.963383,-68.8435,Biblioteca Popular
50,Mendoza,Las Compuertas,Bib.Pop. Las Compuertas,Ruta Panamericana Nº 82 Km 21,-33.033329,-68.98333,Biblioteca Popular
50,Mendoza,Luján de Cuyo,Bib.Pop.Mun. Juan Bautista Alberdi,República del Líbano 418,-33.039033,-68.8859,Biblioteca Popular
50,Mendoza,Perdriel,Bib. Pop. Benito Juárez,J.F. Cobos s/n 0,-33.06605,-68.8829,Biblioteca Popular
50,Mendoza,Villa Potrerillos,Bib.Pop. Armando Tejada Gómez,Camino del Puma,-32.950741,-69.205627,Biblioteca Popular
50,Mendoza,Coquimbito,Bib.Pop. Alfonsina Storni,Pedro Bataglia 57,-32.951933,-68.7531,Biblioteca Popular
50,Mendoza,General Gutiérrez,Bib. Pop. General Gutiérrez,Carril Gómez 35,-32.956271,-68.788207,Biblioteca Popular
50,Mendoza,Rodeo del medio,Bib.Pop. Lucila Barrionuevo de Bombal,Ruta Provincial 50 4800,-32.989275,-68.68826,Biblioteca Popular
50,Mendoza,Malargüe,Bib.Pop.Mun. José Hernández,Av.Rufino Ortega 768 0,-35.474017,-69.581,Biblioteca Popular
50,Mendoza,La Libertad,Bib.Pop. Angélica Z. de Catena,Ruta Prov.Nº 62 0,-32.896774,-68.786446,Biblioteca Popular
50,Mendoza,Rivadavia,Bib.Pop. Bernardino Rivadavia,Av. España 56,-33.1842,-68.466797,Biblioteca Popular
50,Mendoza,Chilecito,Bib.Pop. Mariano Moreno,San Martín y Cisterna 0,-33.8909,-69.071183,Biblioteca Popular
50,Mendoza,Eugenio Bustos,Bib.Pop. Profesor Dionisio Chaca,Belgrano 56,-33.78155,-69.064983,Biblioteca Popular
50,Mendoza,La Consulta,Bib.Pop. Dr. Faustino B. Gil,San Martín 440,-33.7344,-69.121033,Biblioteca Popular
50,Mendoza,Pareditas,Bib. Pop. Joaquín di Genaro,Pedro Castro s/n 0,-33.941217,-69.077833,Biblioteca Popular
50,Mendoza,Villa de SAn Carlos,Bib.Pop. Maestro Pedro Azín de San Carlos,Independencia 107,-33.773846,-69.041794,Biblioteca Popular
50,Mendoza,General San Martín,Bib. Pop. Ricardo Rojas,Pirovano 100,-33.079979,-68.46946,Biblioteca Popular
50,Mendoza,Palmira,Bib.Pop. Julio A. Roca,Garibaldi 22/28 0,-33.050083,-68.561533,Biblioteca Popular
50,Mendoza,Tres Porteñas,Bib.Pop. Tres porteñas de San Martín,Bayo esq. Figueroa,-32.883331,-68.383331,Biblioteca Popular
50,Mendoza,Cuadro Nacional,Bib.Pop. Dolina Salas,Santa María de Oro y Lavalle 0,-34.617,-68.275717,Biblioteca Popular
50,Mendoza,Diamante,Bib.Pop. Francisco Peñasco,Av.Bartolomé Mitre 1233 0,-34.621892,-68.312454,Biblioteca Popular
50,Mendoza,El Toledano,Bib.Pop. Carolina Paponet de Suter,Av.Hipólito Irigoyen y El Chañaral,-34.588478,-68.373383,Biblioteca Popular
50,Mendoza,La Llave,Bib.Pop. Manuela Lara,Julio Ballofet,-34.643833,-68.00905,Biblioteca Popular
50,Mendoza,Rama Caida,Bib. Pop. Esperanza de nuestros lectores,Ejército de las Andes y Arancibia 0,-34.701383,-68.368733,Biblioteca Popular
50,Mendoza,Real del Padre,Bib.Pop. Cultura,Córdoba s/n 0,-34.841217,-67.76725,Biblioteca Popular
50,Mendoza,Salto de las Rocas,Bib.Pop. Salto de las Rosas,Sarmiento 0,-34.721317,-68.22645,Biblioteca Popular
50,Mendoza,San Rafael,Bib.Pop. Mariano Moreno,B. de Irigoyen 148,-34.615,-68.327833,Biblioteca Popular
50,Mendoza,San Rafael,Bib.Pop. Derly R. Calderón,Tirasso 300,-34.6173,-68.315733,Biblioteca Popular
50,Mendoza,San Rafael,Bib.Pop. Manuel Belgrano,Federico Cantoni S/N ex Escuela Armada Argentina,-34.6491,-68.341133,Biblioteca Popular
50,Mendoza,San Rafael,Bib.Pop. Manuel Belgrano de El Nihuil,Gral Sabio,-34.616,-68.285233,Biblioteca Popular
50,Mendoza,San Rafael,Bib.Pop. Maestro Antonio Isaac Quiroga,Ruta Provincial 160,-34.674317,-68.225467,Biblioteca Popular
50,Mendoza,Villa Atuel,Bib.Pop. Práxedes Garde de Arizu,Emilio Civit Oeste 44,-34.831483,-67.922967,Biblioteca Popular
50,Mendoza,Villa Veinticinco de Mayo,Bib.Pop. Fray F. Inalican,Los Andes 455,-34.584942,-68.554062,Biblioteca Popular
50,Mendoza,La Dormida,Bib. Pop. Marcelo Humberto Cirot,Boulevard Los Damascos 0,-33.349267,-67.912333,Biblioteca Popular
50,Mendoza,Las Catitas,Bib.Pop. Tulio Pusterla,E.Civit 104,-33.300083,-68.045117,Biblioteca Popular
50,Mendoza,Alto Verde,Bib.Pop. de Alto Verde,Ruta Provincial 50 km 1026,-33.131687,-68.335022,Biblioteca Popular
50,Mendoza,Distrito Sarmiento,Bib.Pop. Tomás Godoy Cruz,Punilla,-32.917782,-68.832092,Biblioteca Popular
50,Mendoza,Tupungato,Bib.Pop. Mirador de Las Estrellas,Dr. Ernesto Mathos 52,-33.371167,-69.147083,Biblioteca Popular
50,Mendoza,Colonia Las Rosas,Bib.Pop. Antonio Fernández,Santos Rodríguez s/n,-33.6029,-69.099683,Biblioteca Popular
50,Mendoza,Tunuyán,Bib.Pop. Segundo Manuel Esteves,Alem 670,-33.582978,-69.012129,Biblioteca Popular
50,Mendoza,Vista Flores,Bib.Pop. Vista Flores,9 de Julio 25,-33.6458,-69.152733,Biblioteca Popular
54,Misiones,25 de Mayo,Bib.Pop. Victoriano E. Cardozo,Primeros Colonizadores 140,-27.374417,-54.746133,Biblioteca Popular
54,Misiones,Santa Rita,Bib.Pop. 23 de Septiembre,Av.Los Inmigrantes s/n 0,-27.519417,-54.728317,Biblioteca Popular
54,Misiones,Azara,Bib.Pop. María Magdalena Deautier,Demetrio Terleski s/n 0,-28.060983,-55.677767,Biblioteca Popular
54,Misiones,Aristóbulo del Valle,Bib.Pop. Aristóbulo del Valle,Av.de las Américas 815,-27.097567,-54.892533,Biblioteca Popular
54,Misiones,Campo Grande,Asoc.Civ.Bib.Pop. José Hernández,Fray Luis Beltrán 0,-27.207917,-54.978983,Biblioteca Popular
54,Misiones,Pueblo Presidente Arturo U. Illia,Asoc.Bib.Pop. Arturo U. Illia,Calle pincipal 0,-27.145657,-54.873123,Biblioteca Popular
54,Misiones,Candelaria,Bib.Pop.Mun. Bernardino Rivadavia,San R.González y R.S.Peña,-27.461933,-55.745017,Biblioteca Popular
54,Misiones,Profundidad,Bib. Pop. El Urunday,Lote 1 manz - f Centro civico 0,-27.557007,-55.720448,Biblioteca Popular
54,Misiones,Santa Ana,Bib.Pop. Sarmiento,Av. M. Belgrano 450,-27.370767,-55.582017,Biblioteca Popular
54,Misiones,Santa Ana,Bib.Pop. San Martín,"Ruta Provincial 103, Lote 33",-27.3366,-55.586837,Biblioteca Popular
54,Misiones,Posadas,Bib.Pop. Posadas,Córdoba 218 0,-27.368567,-55.887667,Biblioteca Popular
54,Misiones,Posadas,Bib.Pop. El palomar del R.C.de V.URQ.,España  3056 0,-27.3775,-55.896117,Biblioteca Popular
54,Misiones,Posadas,Bib.Pop. Granadero Chepoya,Junín 2238,-27.370567,-55.898383,Biblioteca Popular
54,Misiones,Posadas,Bib. Pop. José Ramos,Av. Blas parera 6911,-27.374583,-55.926983,Biblioteca Popular
54,Misiones,Posadas,Bib.Pop. San Miguel,103,-27.36835,-55.921667,Biblioteca Popular
54,Misiones,Posadas,Bib.Pop. Sur Argentino,Península de Valdez 3950,-27.382567,-55.913433,Biblioteca Popular
54,Misiones,Posadas,Asoc.Vecinal Barrio Parque 2 de abril,calle N° 111 5677,-27.392935,-55.933882,Biblioteca Popular
54,Misiones,Concepción de la Sierra,Asoc.Civ.Bib.Pop. Bartolome Mitre,Bartolomé Mitre 385,-27.983833,-55.5207,Biblioteca Popular
54,Misiones,Eldorado,Bib.Pop. Eldorado,San Luis 195,-26.404517,-54.61085,Biblioteca Popular
54,Misiones,Almirante Brown,Bib.Pop. Jorge Luis Borges,Av.Corrientes s/n,-25.670984,-54.048664,Biblioteca Popular
54,Misiones,San Antonio,Bib.Pop.Esc. de F. Soberanía nacional,Nicolás Yapeguay 0,-26.05885,-53.732483,Biblioteca Popular
54,Misiones,El Soberbio,Bib.Pop. Gabriela Mistral,Corrientes y Lavalle-Escuela de Frontera 0,-27.296133,-54.19605,Biblioteca Popular
54,Misiones,Puerto Esperanza,Bib.Pop. Arandu Roga,Avda. 20 de junio s/n,-26.020983,-54.612667,Biblioteca Popular
54,Misiones,Puerto Iguazú,Bib.Pop.Pub. Victoria Aguirre,Victoria Aguirre 271,-25.598767,-54.575567,Biblioteca Popular
54,Misiones,Wanda,Bib.Pop. Alma Guaraní,San Martín s/n 0,-25.972017,-54.560317,Biblioteca Popular
54,Misiones,Gobernador G. Lopez,Bib.Pop. Mejor pasar,25 de Mayo s/n 0,-27.66667,-55.25,Biblioteca Popular
54,Misiones,Capiovi,Bib.Pop.Mun. Nicolás A. Petcoff,Timbo 275,-26.932917,-55.057017,Biblioteca Popular
54,Misiones,Puerto Rico,Bib.Pop. Horacio Quiroga de Puerto Rico,Estrada 70,-26.810755,-55.024839,Biblioteca Popular
54,Misiones,Montecarlo,Bib.Pop. D.F.Sarmiento,Cte. Andrecito s/n 0,-26.566765,-54.766045,Biblioteca Popular
54,Misiones,Montecarlo,Bib.Pop. Horacio Quiroga,Horacio Quiroga 1665,-26.5661,-54.761783,Biblioteca Popular
54,Misiones,Montecarlo,Bib.Pop.Tec. Roque G. de Santa Cruz,Av. El Libertador 1274,-26.570083,-54.74985,Biblioteca Popular
54,Misiones,Oberá,Bib.Pop. D.F.Sarmiento,Gobernador Barreyro 610,-27.483083,-55.118717,Biblioteca Popular
54,Misiones,Oberá,Bib. Pop. Vamos a leer,Saavedra 0,-27.485,-55.135117,Biblioteca Popular
54,Misiones,Picada Yapeyú - Colonia Guaraní,Bib.Pop. Yapeyú,Lote 105- Sección B,-27.523972,-55.160137,Biblioteca Popular
54,Misiones,Jardín América,Asoc.Bib.Pop. Ernesto Sábato,Aconcagua 460,-27.039383,-55.229917,Biblioteca Popular
54,Misiones,San Ignacio,Bib.Pop. Patricias argentinas,Irigoyen 569 0,-27.259383,-55.538867,Biblioteca Popular
54,Misiones,Mojón Grande,Bib.Pop. Del Conocimiento al Saber,Avda. San Martín y Entre Ríos 0,-27.716669,-55.166672,Biblioteca Popular
54,Misiones,San Javier,Bib.Pop. Dr. Bernardo Elvira,Roque González 798,-27.872333,-55.135783,Biblioteca Popular
54,Misiones,San Pedro,Bib. Pop. Thay Morgenstern,San Martín 826,-26.630859,-54.113159,Biblioteca Popular
54,Misiones,Puerto Piray,Bib.Pop. Oñondive,Marco Paz,-26.46607,-54.700932,Biblioteca Popular
54,Misiones,Rincón de Lopez,Bib.Pop.Esc. Aída Simonetti de Ocampo,Escuela  Nº 127,-26.937716,-54.434216,Biblioteca Popular
58,Neuquén,Aluminé,Bib.Pop. Juan Benigar,Cristian Jouvert 621,-39.237817,-70.918683,Biblioteca Popular
58,Neuquén,Aluminé,Bib.Pop.Esc. Miguel A. Camino,Villegas 472,-39.23675,-70.917067,Biblioteca Popular
58,Neuquén,Villa Pehuenia,Bib.Pop. Maestro Galeano,Sin dirección,-38.883367,-71.1727,Biblioteca Popular
58,Neuquén,San Patricio del Chañar,Bib. Pop. San Patricio del Chañar,Av. Bvard. Maiten Mza.2 Nº 48 0,-38.631433,-68.2985,Biblioteca Popular
58,Neuquén,Las Coloradas,Bib.Pop. Quintú C´Me Raquizuam (Buscando Buenos Pensamientos),Zingoni 1,-39.556067,-70.59385,Biblioteca Popular
58,Neuquén,Chos Malal,Bib.Pop. Coronel J. M. Olascoaga,25 de Mayo y Pío Gardin,-37.379867,-70.2712,Biblioteca Popular
58,Neuquén,Chos Malal,Bib.Pop. Barrio Uriburu,San Eduardo y A.Yupanqu,-37.3589,-70.269733,Biblioteca Popular
58,Neuquén,Paraje Caepe Malal,Bib.Pop. Cuenca del Curi Leuvu,Pública s/n 0,-37.1707,-70.388771,Biblioteca Popular
58,Neuquén,Tricao Malal,Bib.Pop. Martín Torres,San Martín s/n,-37.03955,-70.332133,Biblioteca Popular
58,Neuquén,Piedra del aguila,Bib.Pop. Calquin Mapu,Perito Moreno 57,-40.04655,-70.0775,Biblioteca Popular
58,Neuquén,Centenario,Bib.Pop. Jorge Fonseca,Santo Domingo 148,-38.828367,-68.141433,Biblioteca Popular
58,Neuquén,Cutral Co,Bib.Pop. Carlos H. Rodríguez,Roca 356,-38.933214,-69.231131,Biblioteca Popular
58,Neuquén,Cutral Co,Bib.Pop. Buta Ruca,"Bloque 10 P.B 1º piso, Dto C. 0",-38.9328,-69.233101,Biblioteca Popular
58,Neuquén,Cutral Co,Bib.Pop. María E. Tejada de Lastra,Nahuel Huapi y Aluminé 0,-38.9275,-69.2354,Biblioteca Popular
58,Neuquén,Cutral Co,Bib.Pop. Kimn,San Juan Bosco y Mosconi,-38.94275,-69.236483,Biblioteca Popular
58,Neuquén,Cutral Co,Bib.Pop. María Eva Duarte,Pcial.Saez y Misiones,-38.93085,-69.2163,Biblioteca Popular
58,Neuquén,Cutral Co,Bib.Pop. Ceferino Contreras,Maestros Neuquinos-Elordi,-38.938671,-69.240831,Biblioteca Popular
58,Neuquén,Neuquén,Bib.Pop. Juan Bautista Alberdi,Avda. Argentina 844,-38.952867,-68.05885,Biblioteca Popular
58,Neuquén,Neuquén,Bib.Pop. Ruca Limay,Leguizamon y G.Mistral 0,-38.971917,-68.067817,Biblioteca Popular
58,Neuquén,Neuquén,Bib.Pop. Segundo Vazquez,Pdre.Milanesio 1369,-38.944017,-68.090583,Biblioteca Popular
58,Neuquén,Neuquén,Bib.Pop. Julio Cortázar,2  Casa 1 0,-38.94928,-68.065811,Biblioteca Popular
58,Neuquén,Neuquén,Bib.Pop. Suyai Mapu,Domuyo 1620,-38.956217,-68.036433,Biblioteca Popular
58,Neuquén,Neuquén,Bib.Pop. Darío Millain,Alcorta 1372,-38.958117,-68.078583,Biblioteca Popular
58,Neuquén,Neuquén,Bib.Pop. Amaranto Suarez,San Luis 1290,-38.9688,-68.060817,Biblioteca Popular
58,Neuquén,Neuquén,Bib.Pop. Eliel Aragon,Gob. Asmar 1835,-38.937583,-68.08685,Biblioteca Popular
58,Neuquén,Neuquén,Bib.Pop. Gob. Angel Edelman,Calle 5 esq. 3 0,-38.954285,-68.075127,Biblioteca Popular
58,Neuquén,Neuquén,Bib.Pop. Homero Manzi,Winter 930,-38.965083,-68.048067,Biblioteca Popular
58,Neuquén,Neuquén,Bib.Pop. Kique Sánchez Vera,Rosario 361,-38.949565,-68.121767,Biblioteca Popular
58,Neuquén,Neuquén,Bib.Pop. Hugo M. Berbel,San Rafael esq. P. El Inca 0,-38.965217,-68.0756,Biblioteca Popular
58,Neuquén,Neuquén,Bib.Pop. Escritores Neuquinos,Fco. Armas 0,-38.960799,-68.087911,Biblioteca Popular
58,Neuquén,Neuquén,Bib.Pop. Enrique Rocca,Santa Teresa 1761,-38.949283,-68.032683,Biblioteca Popular
58,Neuquén,Neuquén,Bib.Pop. Irma Cuña,Asia 530,-38.9263,-68.0504,Biblioteca Popular
58,Neuquén,Neuquén,Bib.Pop. Gran Neuquén,Novella,-38.934467,-68.117817,Biblioteca Popular
58,Neuquén,Neuquén,Bib.Pop. Rodolfo Walsh,Beliisle 2046,-38.966817,-68.0349,Biblioteca Popular
58,Neuquén,Neuquén,Bib. Pop. Monseñor Jaime de Nevares,Batilana 1230,-38.954285,-68.075127,Biblioteca Popular
58,Neuquén,Neuquén,Bib.Pop. Libertador General José de San Martín,Río Atuel 206,-38.952417,-68.037517,Biblioteca Popular
58,Neuquén,Neuquén,Bib.Pop. Luis Topo Oliva Asociación Civil,Remigio Bosch 1665,-38.972583,-68.07665,Biblioteca Popular
58,Neuquén,Neuquén,Bib. Pop. Pehuen - Barrio Alta Barda,Los Tulipanes 1665,-38.93505,-68.070133,Biblioteca Popular
58,Neuquén,Neuquén,Bib.Pop. Huilliches,San Martín 4512,-38.950533,-68.1011,Biblioteca Popular
58,Neuquén,Neuquén,Bib. Pop. Salomón,Chajarí 2670,-38.948467,-68.11785,Biblioteca Popular
58,Neuquén,Neuquén,Bib.Pop. Abuela Bertogna de Barrio Nuevo,Lanín 440,-38.964667,-68.06555,Biblioteca Popular
58,Neuquén,Neuquén,Bib.Pop. Espacio de Libertad,San Martín 6141,-38.95531,-68.146708,Biblioteca Popular
58,Neuquén,Plaza Huincul,Bib.Pop. Hueupines,Copahue s/n,-38.93285,-69.211133,Biblioteca Popular
58,Neuquén,Plaza Huincul,Bib.Pop.Mun. Asoc.A. Bca.J. Benigar,Av.San Martín 801,-38.923517,-69.188083,Biblioteca Popular
58,Neuquén,Plaza Huincul,Bib.Pop. Valentín Sayhueque,Chaco 729,-38.93695,-69.192383,Biblioteca Popular
58,Neuquén,Plottier,Bib.Pop. Malvinas argentinas,Río Varvarco 75,-38.95085,-68.176567,Biblioteca Popular
58,Neuquén,Plottier,Bib.Pop. D.F.Sarmiento,Quimelen,-38.95433,-68.230713,Biblioteca Popular
58,Neuquén,Plottier,Bib.Pop. América,Av.San Martín 1088,-38.939733,-68.225883,Biblioteca Popular
58,Neuquén,Plottier,Bib.Pop. Carmen Mellado,Misiones 60,-38.959133,-68.22505,Biblioteca Popular
58,Neuquén,Plottier,Bib.Pop. 15 de junio,Santiago del Estero 875,-38.958596,-68.241882,Biblioteca Popular
58,Neuquén,Junín de los Andes,Bib.Pop. de Front. Dr. G Alvarez,Cnel. Suarez 420,-39.951567,-71.07015,Biblioteca Popular
58,Neuquén,San Martín de los Andes,Bib.Pop. 9 de Julio,T. G. Roca 1223,-40.15395,-71.346,Biblioteca Popular
58,Neuquén,San Martín de los Andes,Bib.Pop. 4 de Febrero,Bibliotecas populares 72,-40.14795,-71.313267,Biblioteca Popular
58,Neuquén,San Martín de los Andes,Bib.Pop. Ruca Trabun,Leopoldo Rodriguez s/n 0,-40.149917,-71.356367,Biblioteca Popular
58,Neuquén,San Martín de Los Andes,BIb. Pop. La Cascada,Bartolomé Mitre s/n 0,-40.135483,-71.297167,Biblioteca Popular
58,Neuquén,Loncopue,Bib.Pop. Loncopue,Gob.Rodriguez-M.Belgrano s/n,-38.072567,-70.61475,Biblioteca Popular
58,Neuquén,Villa La Angostura,Bib.Pop. Osvaldo Bayer,Los Maquis 33,-40.764183,-71.644683,Biblioteca Popular
58,Neuquén,Andacollo,Bib.Pop. Mariano Moreno,C.C.R.E.,-37.1804,-70.668217,Biblioteca Popular
58,Neuquén,Huingan-Có,Bib.Pop. La corona,El Cerezo y 0,-37.160867,-70.624083,Biblioteca Popular
58,Neuquén,Las Ovejas,Bib.Pop. Cerro Los Quiques,Av.Pedernera y Av.Raul Urrutia,-36.988267,-70.752267,Biblioteca Popular
58,Neuquén,El Cholar,Bib.Pop. Chochoy Mallin,Av.San Martín s/n,-37.441583,-70.643983,Biblioteca Popular
58,Neuquén,El Huecú,Bib.Pop. Bernardino Rivadavia,San Martín s/n 0,-37.64535,-70.5818,Biblioteca Popular
58,Neuquén,Octavio Pico,Bib.Pop. José Fernández,Escuela Albergue 271,-37.58945,-68.25805,Biblioteca Popular
58,Neuquén,Rincón de los Sauces,Bib.Pop.Mun. Don Elias Sapag,Neuquén 275,-37.3899,-68.926133,Biblioteca Popular
58,Neuquén,Paso Aguerre,Bib. Pop. Pedro Néstor Jaramillo,"Calle sin nombre, Manzana 5B, Lote J",-39.339533,-69.844333,Biblioteca Popular
58,Neuquén,Las Lajas,Bib.Pop. Palighuen,Av.del Trabajo s/n y Acceso Av.San Martín,-38.52665,-70.377317,Biblioteca Popular
58,Neuquén,Zapala,Bib.Pop. Elordi,Doctora de la Vega 487 0,-38.9069,-70.06625,Biblioteca Popular
58,Neuquén,Zapala,Bib.Pop. La Libroteca,Avda. 12 de julio 470,-38.898217,-70.075183,Biblioteca Popular
62,Río Negro,Ingeniero Jacobacci,Bib.Pop. Bernardino Rivadavia,Julio A.Roca 161,-41.330854,-69.547972,Biblioteca Popular
62,Río Negro,Maquinchao,Bib.Pop. Presbítero Raúl Entraigas,Independencia,-41.24875,-68.703067,Biblioteca Popular
62,Río Negro,Fuerte San Javier,Bib. Pop. Próspero Entraigas,Manzana 471 Lote 2 0,-40.751224,-63.268499,Biblioteca Popular
62,Río Negro,Guardia Mitre,Bib.Pop.Pub.Mun. J. B. Campastro,Mauricio Blanco 519,-40.43243,-63.682251,Biblioteca Popular
62,Río Negro,Viedma,Bib.Pop. Bartolomé Mitre,Colón 498 0,-40.810367,-62.992533,Biblioteca Popular
62,Río Negro,Viedma,Bib.Pop. Del niño,Harosteguy 68,-40.811909,-62.996204,Biblioteca Popular
62,Río Negro,Viedma,Bib. Pop. Pablo Neruda,French 236,-40.822333,-62.998917,Biblioteca Popular
62,Río Negro,Chimpay,Bib.Pop. Pedro Garro Vidal,Avda. Laure S/N y San Martín 0,-39.165867,-66.147567,Biblioteca Popular
62,Río Negro,Choele Choel,Bib.Pop. Nicolás Avellaneda,Nicolás Palacios 365,-39.290783,-65.660233,Biblioteca Popular
62,Río Negro,Coronel Belisle,Bib.Pop. Coronel Belisle,San Martín 0,-39.186317,-65.95446,Biblioteca Popular
62,Río Negro,Darwin,Bib.Pop. El arte es realidad,Av.Roca s/n 0,-39.202433,-65.739133,Biblioteca Popular
62,Río Negro,Lamarque,Bib.Pop. Dr. Victor Molina,Independencia 812,-39.420867,-65.70345,Biblioteca Popular
62,Río Negro,Luis Beltran,Bib.Pop. Pablo A. Pizzurno,Avellaneda 350,-39.312997,-65.759504,Biblioteca Popular
62,Río Negro,El Bolsón,Bib.Pop. D.F.Sarmiento,Av.San Martín y Roca 0 PB,-41.9639,-71.535717,Biblioteca Popular
62,Río Negro,El Bolsón,Bib.Pop. Dr. Venzano,Madre Teresa s/n- 0,-41.96777,-71.515511,Biblioteca Popular
62,Río Negro,San Carlos de Bariloche,Asoc.Bib. Asoc. Bca. Sarmiento,Centro Civico s/n 0,-41.133333,-71.3107,Biblioteca Popular
62,Río Negro,San Carlos de Bariloche,Bib.Pop. Aime Paine,Aime Paine 211,-41.129,-71.39155,Biblioteca Popular
62,Río Negro,San Carlos de Bariloche,Bib.Pop. Francisco Lera,Avda. 9 de Julio 972,-41.144089,-71.288742,Biblioteca Popular
62,Río Negro,San Carlos de Bariloche,Bib.Pop. Dr. Francisco Pascasio Moreno,"Avda. Ezequiel Bustillo Km 10,300 0",-41.109883,-71.424933,Biblioteca Popular
62,Río Negro,San Carlos de Bariloche,Bib. Pop. Ruca Quimn,B° Ada M.Elflein 0 PB,-41.150833,-71.309722,Biblioteca Popular
62,Río Negro,San Carlos de Bariloche,Bib. Pop. Jorge Luis Borges,Plaza del Barrio El Condor 0,-41.131992,-71.270312,Biblioteca Popular
62,Río Negro,San Carlos de Bariloche,Bib.Pop. Carilafquen,Parque Nacional Nahuel Huapi 314,-41.159683,-71.416816,Biblioteca Popular
62,Río Negro,General Conesa,Bib.Pop. Gral. Conesa,Julio A.Roca 368 0,-40.104072,-64.450297,Biblioteca Popular
62,Río Negro,Balsa Las Perlas,Bib. Pop. Quimun,2 53,-38.984879,-68.137589,Biblioteca Popular
62,Río Negro,El Cuy,Bib.Pop. Las Tunas,Sarmiento 0,-39.925883,-68.345033,Biblioteca Popular
62,Río Negro,Allen,Bib.Pop. Naciones americanas,R.Saenz Peña 274,-38.9791,-67.833217,Biblioteca Popular
62,Río Negro,Allen,Bib.Pop. El hogar del lector,Catamarca 313,-38.980433,-67.81165,Biblioteca Popular
62,Río Negro,Chichinales,Bib.Pop. Felisa P. de Porcel,El Fortín s/n 0,-39.115083,-66.942933,Biblioteca Popular
62,Río Negro,Cinco Saltos,Bib.Pop. Carlos Guido Spano,Av.Roca 231,-38.826883,-68.066133,Biblioteca Popular
62,Río Negro,Cinco Saltos,Bib.Pop. Mundo feliz,Fernández Oro 1342,-38.825517,-68.062133,Biblioteca Popular
62,Río Negro,Cipolletti,Bib.Pop. Bernardino Rivadavia,Mengelle 575,-38.9328,-67.983398,Biblioteca Popular
62,Río Negro,Cipolletti,Bib.Pop. Presbítero R. Entraigas,Los Alelies 232,-38.8885464,-68.0089143,Biblioteca Popular
62,Río Negro,Cipolletti,Bib. Pop. Escritores Patagónicos,Cobian 1040,-38.918333,-67.9849,Biblioteca Popular
62,Río Negro,Cipolletti,Bib.Pop. Fernando Jara,España 1740,-38.922283,-67.994033,Biblioteca Popular
62,Río Negro,Contralmirante Cordero,Bib.Pop. Isabel Cordero de Durán,Avda. Río Negro 391,-38.749761,-68.100033,Biblioteca Popular
62,Río Negro,General Fernandez Oro,Bib.Pop. Amigos del libro,Lavin 250,-38.953202,-67.92438,Biblioteca Popular
62,Río Negro,General Roca,Bib.Pop. Julio A. Roca,San Martín 875,-39.02592,-67.576368,Biblioteca Popular
62,Río Negro,General Roca,Bib.Pop. Crecer,Urquiza 2648,-39.0101,-67.58485,Biblioteca Popular
62,Río Negro,General Roca,Bib.Pop. Ruca Quilcatuve,Av.Viterbori 4695,-39.047467,-67.579767,Biblioteca Popular
62,Río Negro,General Roca,Bib.Pop. Los niños primeros,Las Glicinas y Villegas 0,-39.017519,-67.6357615,Biblioteca Popular
62,Río Negro,General Roca,Bib.Pop. Ruca Hueney,Paraná 2487-250 A y B,-39.021867,-67.553383,Biblioteca Popular
62,Río Negro,General Roca,Bib.Pop. Raihuen,Santa Cruz  Bº 827 Viv. 760,-39.01695,-67.580483,Biblioteca Popular
62,Río Negro,General Roca,Bib.Pop. Amancay,Las Retamas s/n 0,-39.05415,-67.6327,Biblioteca Popular
62,Río Negro,General Roca,Bib.Pop. El sembrador - J. Sabino Rojas,Nazareno Ercolani,-39.115356,-67.631927,Biblioteca Popular
62,Río Negro,General Roca,Bib. Pop. Lucía Epullan,Alem 2311,-39.029,-67.59715,Biblioteca Popular
62,Río Negro,General Roca,Bib. Pop. La Rivera,604 58,-39.001083,-67.621666,Biblioteca Popular
62,Río Negro,Gral. Roca,Bib.Pop. Quintun,Bartolomé Mitre 5340,-39.022765,-67.610146,Biblioteca Popular
62,Río Negro,Gral. Roca,Bib.Pop. Julio Cortázar,Neuquén 1729,-39.0252,-67.580833,Biblioteca Popular
62,Río Negro,Ingeniero L. A. Huergo,Bib.Pop. Dr. José Velasco,Sarmiento 849,-39.068133,-67.237283,Biblioteca Popular
62,Río Negro,Padre A Stefanelli,Bib.Pop. Casa de Amigos,Vinter y Rochdale-Ex.Est FF.CC 0,-39.034271,-67.533409,Biblioteca Popular
62,Río Negro,Villa Manzano-C.Grande,Bib.Pop. Alborada Mapuche,Ing.C.Cipolletti 49,-38.679067,-68.2132,Biblioteca Popular
62,Río Negro,Villa Regina,Bib.Pop. Mariano Moreno,Monseñor Esandi 44,-39.095867,-67.0812,Biblioteca Popular
62,Río Negro,Villa Regina,Bib.Pop. Ricardo Rojas,Chacra 92 Lote 4-Zona rural 0,-39.100342,-67.087799,Biblioteca Popular
62,Río Negro,Villa Regina,Bib. Pop. Malvinas Argentinas,"Ranqueles Entrada 4, Local 5 y 6 0",-39.109544,-67.086147,Biblioteca Popular
62,Río Negro,Ñorquinco,Asoc.Bib.Pop. Ñorquinco,Avda. San Martín y Pasaje s/Nombre 0,-41.849133,-70.900317,Biblioteca Popular
62,Río Negro,Río Chico,Bib.Pop. Puchincheff,San Martín,-41.717831,-70.499268,Biblioteca Popular
62,Río Negro,Río Colorado,Bib.Pop. D.F.Sarmiento,Moreno 628,-38.990783,-64.097517,Biblioteca Popular
62,Río Negro,Pilcaniyeu,Bib.Pop. Mariano Giménez,Sayhueque 0,-41.122617,-70.7214,Biblioteca Popular
62,Río Negro,Las Grutas,Bib.Pop. Comandante L. Piedrabuena,Villa Regina 589,-40.809217,-65.086933,Biblioteca Popular
62,Río Negro,Puerto San Antonio Este,Bib. Pop. Puerto del Este,Saco Viejo y 11 de octubre 0,-40.803705,-64.879176,Biblioteca Popular
62,Río Negro,San Antonio Oeste,Bib.Pop. Munic. Cincuentenario,San Martín 467,-40.7294,-64.938,Biblioteca Popular
62,Río Negro,Sierra Grande,Bib.Pop. Manuel R. Novillo,Julio Argentino Roca S/N 0,-41.607693,-65.354904,Biblioteca Popular
62,Río Negro,Dina Huapi,Bib.Pop.Asoc.Cult. Dina Huapi,Los Radales 598,-41.0782,-71.177933,Biblioteca Popular
62,Río Negro,Valcheta,Bib.Pop. Ceferino Namuncura,J.A.Roca s/n 0,-40.677417,-66.166617,Biblioteca Popular
66,Salta,Apolinario Saravia,Bib.Pop. Apolinario Saravia,Calle 12 de Octubre 170,-24.431833,-63.997267,Biblioteca Popular
66,Salta,El Quebrachal,Bib. Pop. Manuel J. Castilla de El Quebrachal,Intte.Ramón Tornero s/n 0,-25.335517,-64.0165,Biblioteca Popular
66,Salta,Las Lajitas,Bib.Pop. Padre José Lally,Belgrano,-24.724683,-64.195083,Biblioteca Popular
66,Salta,Nuestra Señora de Talavera,Bib.Pop. General Manuel Belgrano,Calle Principal,-25.4588,-63.779067,Biblioteca Popular
66,Salta,Río del Valle,Bib.Pop. Ntra.Sra.del Valle-Educ.Cult.y Soc.,Belgrano,-24.63333,-64.25,Biblioteca Popular
66,Salta,Cafayate,Bib.Pop. Cafayateña,Nuestra Sra.del Rosario 79,-26.075483,-65.977033,Biblioteca Popular
66,Salta,Salta,Bib. Pop. Gral. Lamadrid,Deán Funes 0,-24.804123,-65.423776,Biblioteca Popular
66,Salta,La Candelaria,Bib.Pop. Wiñay Huasi,Hipólito Irigoyen,-24.79509,-65.398453,Biblioteca Popular
66,Salta,La Ciénega - Municipio de San Lorenzo,Bib.Pop. Los hermanos Luna,Río Paraná,-26.109619,-64.642281,Biblioteca Popular
66,Salta,Salta,Bib.Pop. Juan Carlos Davalos,10 de Octubre 551,-24.795767,-65.424083,Biblioteca Popular
66,Salta,Salta,Bib.Pop. Campo Caseros,Caseros 1925,-24.788583,-65.429333,Biblioteca Popular
66,Salta,Salta,Bib.Pop. Macacha Güemes,Ernesto Guevara 219,-24.806202,-65.41317,Biblioteca Popular
66,Salta,Salta,Bib.Pop. Jaime Davalos,Danilo Bonari 1531,-24.811987,-65.426628,Biblioteca Popular
66,Salta,Salta,Bib. Pop. Presbítero P. F. Acuña,Delfín Huergo 850,-24.797783,-65.44035,Biblioteca Popular
66,Salta,Salta,Bib. Pop. Antonio Nella Castro,Anselmo Rojo 45,-24.8114,-65.403833,Biblioteca Popular
66,Salta,Salta,Bib.Pop. Dr. Miguel Ragone,Necochea 1625,-24.777683,-65.424067,Biblioteca Popular
66,Salta,Salta,Bib.Pop. Dr. Mariano Boedo,Mar Adriático 918,-24.827667,-65.422567,Biblioteca Popular
66,Salta,Salta,Bib.Pop. San Martín de Porres,Pavo Real 1754,-24.811846,-65.445702,Biblioteca Popular
66,Salta,Salta,Bib.Pop. Jorge Luis Borges,E.Echevarría y Mzna.213 A 0,-24.828997,-65.406906,Biblioteca Popular
66,Salta,Salta,Bib.Pop. María Ester Gauna,Mza.378 B lote 20,-24.782932,-65.412155,Biblioteca Popular
66,Salta,Salta,Bib.Pop. San Francisco Solano,Avenida Felipe Varela 1102,-24.828667,-65.396067,Biblioteca Popular
66,Salta,Salta,Bib.Pop. D.F.Sarmiento,Calle 7 Mzna 380 D Lote 4 0,-24.848469,-65.459648,Biblioteca Popular
66,Salta,Salta,Bib.Pop. Profesora Nora Godoy,Manzana 435 A 2da Etapa 0,-24.794617,-65.431833,Biblioteca Popular
66,Salta,Salta,Bib.Pop. Carlos Hugo Aparicio,Etapa 11 (Once - Manzana 1- Casa 20 0,-24.801007,-65.419638,Biblioteca Popular
66,Salta,Salta,Bib.Pop. Pablo Neruda,Carlos Outes 0,-24.8219,-65.402983,Biblioteca Popular
66,Salta,Salta,Bib.Pop. Prof. Miguel Angel Cáseres,Vevado de Cachi,-24.844383,-65.51605,Biblioteca Popular
66,Salta,Salta,Bib.Pop. Barrio Palermo I,Mza. 426 Lote 1 calle Manantial esq. Avda. Hipódro 0,-24.788217,-65.458517,Biblioteca Popular
66,Salta,Salta,Bib.Pop. Latinoamerica,12 de octubre 2200,-24.773433,-65.431133,Biblioteca Popular
66,Salta,Salta,Bib.Pop. Lola Mora,Francisco G. Arias 1158,-24.805417,-65.401267,Biblioteca Popular
66,Salta,Salta,Bib.Pop. Dr. Gustavo Cuchi Leguizamón,"Pasaje José Ingenieros, Mzna.411 B Lote 1",-24.786333,-65.457133,Biblioteca Popular
66,Salta,Salta,Bib.Pop. Cabo 1º Roberto F. Vidaurre,Calle 5 Casa 342,-24.851229,-65.461159,Biblioteca Popular
66,Salta,Salta,Bib. Pop. Marie Madeleine,Manzana 448 A Lote 24 0,-24.789283,-65.4103,Biblioteca Popular
66,Salta,Salta,Bib.Pop. Rosa Parks,Pasaje José María Lahora 2587,-24.770183,-65.43222,Biblioteca Popular
66,Salta,Salta,Bib.Pop. Casimiro Cobos,Dr. Luis Guemes 1399,-24.771004,-65.433097,Biblioteca Popular
66,Salta,San Lorenzo,Bib.Pop. Tata Sarapura,Juan Carlos Dávalos 1000,-24.727567,-65.498167,Biblioteca Popular
66,Salta,Cerrillos,Bib.Pop. José Hernandez,Presbítero Egidio Bonato 245,-24.89895,-65.4855,Biblioteca Popular
66,Salta,La Merced,Bib.Pop. Francisco Alsina,Hipólito Yrigoyen 825,-24.967267,-65.489667,Biblioteca Popular
66,Salta,Campo Santo,Bib.Pop. Bernardino Rivadavia,9 de Julio 280,-24.684783,-65.101783,Biblioteca Popular
66,Salta,El Bordo,Nueva Bib. Pop. José Hernández,San Martín 21,-24.661,-65.106167,Biblioteca Popular
66,Salta,General Güemes,Bib.Pop. D.F.Sarmiento,F.C.Rodriguez 182 0,-24.674986,-65.046371,Biblioteca Popular
66,Salta,Aguaray,Bib.Pop. José Hernández,Peatonal Rivadavia s/n 0,-22.24295,-63.735417,Biblioteca Popular
66,Salta,Embarcación,Bib.Pop.Mun. Juan Bautista Alberdi,24 de Sep. e Independencia,-23.2115,-64.09785,Biblioteca Popular
66,Salta,Tartagal,Bib.Pop. Juan Bautista Alberdi,San Martín 384,-22.515517,-63.79445,Biblioteca Popular
66,Salta,Tartagal,Bib.Pop. Amparo F. de Maidana,9 de Julio 623,-22.5204,-63.799,Biblioteca Popular
66,Salta,Vaqueros,Bib.Pop. Roberto Romero,Los Sauces 25,-24.707183,-65.405067,Biblioteca Popular
66,Salta,Vaqueros,Asoc.y Bib.Pop. El molino,Hnos. Dionisio y José Gimenez 0,-24.71843,-65.40155,Biblioteca Popular
66,Salta,La Poma,Bib.Pop. Gob. Dn. R. Romero,Belgrano esq. Modelmo Díaz,-24.716669,-66.216667,Biblioteca Popular
66,Salta,San Antonio de los Cobres,Bib.Pop. José Manuel Estrada,Av.Avellaneda esq.Pje. San Martín,-24.2193,-66.32065,Biblioteca Popular
66,Salta,El Galpón,Bib.Pop. Gral. M. M. de Güemes,Pasaje Las Flores,-25.38215,-64.654133,Biblioteca Popular
66,Salta,Metán,Bib.Pop. Marco M. de Avellaneda,José Ignacio Sierra 953 0,-25.493267,-64.969783,Biblioteca Popular
66,Salta,Seclantas,Bib.Pop. José Hernández,Abraham Cornejo,-25.331533,-66.243917,Biblioteca Popular
66,Salta,Colonia Santa Rosa,Bib.Pop. Robustiano Manero,Calle 9 de Julio 224,-23.39565,-64.427883,Biblioteca Popular
66,Salta,Hipólito Yrigoyen,Bib.Pop. Jorge Luis Borges,Avda. Guemes y 25 de Mayo 0,-23.24625,-64.27465,Biblioteca Popular
66,Salta,Pichanal,Bib.Pop. Rosa Gareca de Moreno,20 de Febrero 465,-23.324967,-64.220183,Biblioteca Popular
66,Salta,San Ramón de la Nueva Orán,Bib. Pop. Mun. Domingo Faustino Sarmiento,Hipólito Irigoyen 137 137,-23.128767,-64.320767,Biblioteca Popular
66,Salta,El Potrero,Bib.Pop. y Grupo Soc.Cult. Crecer,Mariano Moreno y Macacha Güemes,-26.049999,-64.616669,Biblioteca Popular
66,Salta,Rosario de la Frontera,Bib.Pop. D.F.Sarmiento,Melchora F.de Cornejo 521,-25.7989,-64.973233,Biblioteca Popular
66,Salta,Rosario de Lerma,Bib.Pop. Ernesto Sábato,Bogotá 271,-24.977017,-65.589367,Biblioteca Popular
66,Salta,San Carlos,Bib.Pop. Juan Calchaqui,San Martín esq. Nuestra Señora de Guadalupe,-25.89305,-65.929833,Biblioteca Popular
66,Salta,Coronel Juan Solá,Bib.Pop. Maestro Manuel Mirabal,Pasaje sin nombre 0,-23.469784,-62.886242,Biblioteca Popular
66,Salta,Salvador Mazza,Bib.Pop. María Julia Escalera de Cazón,Pastor Alonso,-22.051283,-63.688233,Biblioteca Popular
66,Salta,Santa Victoria Oeste,Bib.Pop. Santa Victoria,9 de Julio,-22.274167,-62.715833,Biblioteca Popular
70,San Juan,Villa 9 de Julio,Bib.Pop. Pedro Guerrero,Sarmiento 0,-31.491058,-68.540443,Biblioteca Popular
70,San Juan,Albardón,Bib.Pop. Emilio García y Negrete,Misiones 99,-31.4396,-68.52105,Biblioteca Popular
70,San Juan,Barreal,Bib.Pop. Consejal D.F.Gallardo,Presidente Roca,-31.652067,-69.473583,Biblioteca Popular
70,San Juan,Tamberías,BIb.Pop. Pio Cristino Gallardo,Maipú s/n 0,-31.459817,-69.422933,Biblioteca Popular
70,San Juan,Capital,Bib.Pop. Marina Vilte,25 de mayo 686,-31.531883,-68.5272,Biblioteca Popular
70,San Juan,San Juan,Bib.Pop. Bartolomé Mitre,Mendoza (Norte) 931,-31.522417,-68.52755,Biblioteca Popular
70,San Juan,San Juan,Bib.Pop. Sociedad Franklin,Laprida 63 (Este 0,-31.535433,-68.525,Biblioteca Popular
70,San Juan,San Juan,Bib.Pop. José Chirapozu,Avda. Libertador 248,-31.534567,-68.529567,Biblioteca Popular
70,San Juan,San Juan,Bib.Pop. Juan Bautista Alberdi,Santa Fe (este) 856,-31.538317,-68.513617,Biblioteca Popular
70,San Juan,San Juan,Bib.Pop. Camilo Rojo,Santa Fé (Este) 375,-31.5388,-68.520233,Biblioteca Popular
70,San Juan,San Juan,Bib.Pop. Américas,Santa Fé (Oeste) 136,-31.539167,-68.527483,Biblioteca Popular
70,San Juan,San Juan,Bib.Pop. José I. de la Roza,Gral.Acha 65/67 Sur 1° Piso 0,-31.534933,-68.52455,Biblioteca Popular
70,San Juan,San Juan,Bib.Pop. Emilio Moya Gil,Av.Argentina (N) 644,-31.524567,-68.511917,Biblioteca Popular
70,San Juan,San Juan,Bib.Pop. 10 de Octubre,Agustín Gnecco -Villa del Carril 350,-31.538117,-68.539967,Biblioteca Popular
70,San Juan,San Juan,Bib.Pop. El Eternauta,Mariano Moreno 441,-31.546883,-68.531367,Biblioteca Popular
70,San Juan,Caucete,Bib.Pop. Colón,Diagonal Sarmiento 658,-31.654117,-68.279233,Biblioteca Popular
70,San Juan,Chimbas,Bib. Pop. Paula Albarracín de Sarmiento,Justo Olmos (Norte) 1596,-31.507755,-68.546026,Biblioteca Popular
70,San Juan,chimbas,Juana Azurduy,Sarmiento Norte 185,-31.5086405,-68.5339974,Biblioteca Popular
70,San Juan,Las Flores,Bib.Pop. Las Flores,Caseros s/n 0,-30.316771,-69.200142,Biblioteca Popular
70,San Juan,Rodeo,Bib.Pop. Juan Páez Garramuno,Santo Domingo,-30.20925,-69.130117,Biblioteca Popular
70,San Juan,Jachal,Bib.Pop. D.F.Sarmiento,San Martin 702,-30.241476,-68.746696,Biblioteca Popular
70,San Juan,Villa Aberastaín,Bib.Pop. Dr. Antonino Aberastain,M. Zalazar  (O) 458,-31.652367,-68.576983,Biblioteca Popular
70,San Juan,Capitán Lazo,Bib.Pop. Roberto J. Payro,Castaño (O) 207,-31.562643,-68.5392,Biblioteca Popular
70,San Juan,Colonia Rodas,Bib.Pop. Cervantes,General Acha s/n 0,-31.582017,-68.541467,Biblioteca Popular
70,San Juan,Médano de Oro,Bib. Pop. José Manuel Estrada,Ramón Franco s/n 0,-31.62798,-68.47976,Biblioteca Popular
70,San Juan,Rawson,Bib. Pop. La sociedad de los patriotas nóveles,República del Líbano y España - Galería San Martín 0,-31.566067,-68.5346,Biblioteca Popular
70,San Juan,Rawson,Bib.Pop. Alfonsina Storni,Bahía Blanca y Paso de los Andes s/n 0,-31.560301,-68.5625,Biblioteca Popular
70,San Juan,Rawson,Bib. Pop. Sur,Dr. Ortega y Mendoza Sur 3798,-31.57898,-68.53305,Biblioteca Popular
70,San Juan,Rawson,Bib. Pop. Barrio Victoria,Capdevila 0,-31.56925,-68.564733,Biblioteca Popular
70,San Juan,Trinidad,Bib.Pop. Dr. Antonio Aguilar,Abraham Tapia (Sur) 1380,-31.549688,-68.523239,Biblioteca Popular
70,San Juan,Villa Krause,Bib. Pop. Mariano Moreno,Santa Rosa 4257,-31.582217,-68.5431,Biblioteca Popular
70,San Juan,La Bebida,Bib.Pop. Juan Rómulo Fernández,Ignacio de la Rosa 4456,-31.533331,-68.616669,Biblioteca Popular
70,San Juan,Marquesado,Bib.Pop. Constancia y acción,Av.San Martín 7195,-31.52598,-68.630959,Biblioteca Popular
70,San Juan,Rivadavia,Bib.Pop. Sociedad opinión de juventud,Rastreador Calivar 1616,-31.533317,-68.593717,Biblioteca Popular
70,San Juan,Rivadavia,Bib.Pop. Miguel Beato Tejada,Granaderos Casa 15 manzana 7 0,-31.55389,-68.652496,Biblioteca Popular
70,San Juan,Rivadavia,Bib.Pop. Argentina,R.S.Peña y Alte.Brown 0,-31.515567,-68.573767,Biblioteca Popular
70,San Juan,Rivadavia,Bib.Pop. Dr. Pablo Ramella,Plumerillo s/n (Centro Comunitario) 0,-31.518767,-68.5636,Biblioteca Popular
70,San Juan,Rivadavia,Bib.Pop. Rayos de luz,Mariano Moreno (Sur) 270,-31.533267,-68.573367,Biblioteca Popular
70,San Juan,Rivadavia,Bib.Pop. Ivonne Barud de Quattropani,Avda Ignacio de la Roza (oeste) 5442  7,-31.5424,-68.584833,Biblioteca Popular
70,San Juan,Albardón,Bib.Pop. General San Martín,Coronel Guerrero 180,-31.435283,-68.522147,Biblioteca Popular
70,San Juan,Distrito San Isidro,Bib.Pop. Padre Carlos Barbero,Santa Lucía s/n 0,-31.5,-68.333351,Biblioteca Popular
70,San Juan,Villa Alem,Bib.Pop. Presbítero J. E. Briggiler,Florida y 20 de Junio,-31.553766,-68.331566,Biblioteca Popular
70,San Juan,Santa Lucía,Bib.Pop. Rawson,Hipólito Yrigóyen (E) 2537,-31.439627,-68.463133,Biblioteca Popular
70,San Juan,Santa Lucía,Bib. Pop. José de San Martín,Necochea 1875,-31.5099,-68.5091,Biblioteca Popular
70,San Juan,Santa Lucía,Bib.Pop. Plus Ultra,Libertad (N) 1754,-31.511483,-68.499417,Biblioteca Popular
70,San Juan,Santa Lucía,Bib. Pop. Juana Manso,José Manuel Estrada 1059,-31.52035,-68.495433,Biblioteca Popular
70,San Juan,Villa Media Agua,Bib.Pop. D.F.Sarmiento,Belgrano y Martinez López 438,-31.981917,-68.426367,Biblioteca Popular
70,San Juan,Desamparados,Bib.Pop. 1 de Febrero,Av.Paula A.de Sarmiento 498,-31.529148,-68.554474,Biblioteca Popular
70,San Juan,Desamparados,Bib.Pop. Virgen del Carmen,San Lorenzo 1998,-31.521694,-68.549072,Biblioteca Popular
70,San Juan,San Juan,Bib.Pop. Mario Washington Victorio,San Luis (E) 246,-31.532717,-68.522617,Biblioteca Popular
70,San Juan,Trinidad,Bib.Pop.Pub. La escalera,Agustín Gomez 0,-31.552456,-68.52449,Biblioteca Popular
70,San Juan,Villa Aurora,Arte y Cultura de Ullum Bib. Pop. Luis Solera,"5 de Julio, Mza F Casa 8 0",-31.4736757,-68.7449527,Biblioteca Popular
70,San Juan,Astica,Bib.Pop. Antonio Ercilio Zeballos,Ruta 510 s/n 0,-30.932011,-67.384651,Biblioteca Popular
70,San Juan,Valle Fértil,Bib. POp. Domingo Faustino Sarmiento,General Acha 1062,-30.633612,-67.466393,Biblioteca Popular
70,San Juan,Zonda,Bib. Pop. Legisladores Argentinos,Ruta N° 12 Km 2,-31.549999,-68.73333,Biblioteca Popular
74,San Luis,Candelaria,Bib.Pop. D.F.Sarmiento,Loaiza s/n,-32.05975,-65.82725,Biblioteca Popular
74,San Luis,Luján,Bib.Pop. Sarmiento,Av.Centenario y San Martín 0,-32.3622568,-65.9325116,Biblioteca Popular
74,San Luis,San F.del Monte de Oro,Bib.Pop. Juan de Dios Escobar,Belgrano 467,-32.599178,-66.132202,Biblioteca Popular
74,San Luis,Nogoli,Bib.Pop.Mun. Juan W. Gez,San Martín,-32.9185,-66.32535,Biblioteca Popular
74,San Luis,Villa General Roca,Bib.Pop. Los Manantiales,Escuela Prov.84,-32.651371,-66.4673,Biblioteca Popular
74,San Luis,Concarán,Bib.Pop. Dora Ochoa de Masramon,Pringles 0,-32.562267,-65.244817,Biblioteca Popular
74,San Luis,Cortaderas,Bib.Pop. Pedro Rufino Díaz,Av. Juan Domingo Perón,-32.505583,-64.990333,Biblioteca Popular
74,San Luis,Naschel,Bib.Pop.Mun. Caminitos,Padre Rocha,-32.916,-65.37145,Biblioteca Popular
74,San Luis,Naschel,Bib.Pop. Mariano Moreno,Sin dirección,-32.916,-65.37145,Biblioteca Popular
74,San Luis,Villa del Carmen,Bib.Pub.Pop.Mun. Pajaritos,Pedernera y Padre Rocha,-32.94075,-65.03915,Biblioteca Popular
74,San Luis,Villa Larca,Bib.Pop.Mun. Serranías de V. Larca,Sin dirección,-32.617833,-64.98495,Biblioteca Popular
74,San Luis,Carolina,Bib.Pop. Lafinur el filósofo,16 de Julio,-32.812268,-66.093111,Biblioteca Popular
74,San Luis,Fraga,Bib.Pop. Remedios de Escalada de San Martín,Sarmiento y Belgrano,-33.501083,-65.791217,Biblioteca Popular
74,San Luis,La Toma,Bib.Pop. Cerros del Rosario,Av.Marmol Onix s/n 0,-33.0553,-65.62045,Biblioteca Popular
74,San Luis,Saladillo,Bib.Pop. Biblioteca Popular,Sin dirección,-33.201467,-65.853517,Biblioteca Popular
74,San Luis,Arizona,Bib.Pop.Mun. D.F.Sarmiento,Av.Santamarina s/n,-35.72375,-65.3215,Biblioteca Popular
74,San Luis,Unión,Bib.Pop.Mun. Almafuerte,Av.Antonio Dassa 685,-35.1528,-65.9455,Biblioteca Popular
74,San Luis,Juan Llerena,Bib.Pop. Hugo Arnaldo Fourcade,Avda. Celeste Filipuzzi 0,-33.272091,-65.602112,Biblioteca Popular
74,San Luis,Justo P. Daract,Bib.Pop. D.F.Sarmiento,Juan B.Justo 380,-33.855933,-65.192483,Biblioteca Popular
74,San Luis,Villa Mercedes,Bib.Pop.Mun. Juan Bautista Alberdi,Balcarce 561,-33.6824,-65.4664,Biblioteca Popular
74,San Luis,Villa Mercedes,Bib.Pop. Dr. Juan Llerena,Rafael Cortez 111,-33.682433,-65.462883,Biblioteca Popular
74,San Luis,Villa Mercedes,Bib.e Inst.Cult.Pop. Bernardino Rivadavia,Av. Mitre 1636,-33.663583,-65.458583,Biblioteca Popular
74,San Luis,Villa Mercedes,Bib.Pop. Antonio Esteban Agüero,Belgrano 123,-33.689617,-65.4692,Biblioteca Popular
74,San Luis,Villa Mercedes,Bib.Pop. Madre Cabrini,Av.Mitre 1222,-33.67105,-65.460817,Biblioteca Popular
74,San Luis,Villa Mercedes,Bib.Pop.Esc. Amalia Vercelli,Presidente Perón 675,-33.683033,-65.453,Biblioteca Popular
74,San Luis,Villa Mercedes,Bib. Pop. Barrio Obras Sanitarias,Amaro Galán 652,-33.687,-65.437183,Biblioteca Popular
74,San Luis,Villa Mercedes,Bib. Pop. Teniente Manuel Félix Origone,Almafuerte 828,-33.676783,-65.470583,Biblioteca Popular
74,San Luis,Carpintería,Bib.Pop. La casita de cuentos,Belgrano esq.San Martín 0,-32.412,-65.008833,Biblioteca Popular
74,San Luis,Los Molles,Bib.Pop.José Manuel Estrada,25 de mayo y Simeon Chirino (centro de  la Plaza) 0,-33.099998,-66.300003,Biblioteca Popular
74,San Luis,Santa Rosa de Conlara,Bib.Pop. Lafinur,Rivadavia 858,-32.343733,-65.204583,Biblioteca Popular
74,San Luis,Villa de Merlo,Bib.Pop. Antonio Esteban Agüero,Poeta Conti,-32.349239,-65.033569,Biblioteca Popular
74,San Luis,Villa de Merlo,Bib.Pop. Lugones en Piedra Blanca,Av.de los Incas 2503,-32.349239,-65.033569,Biblioteca Popular
74,San Luis,Villa de Merlo,Bib.Pop. Puertas abiertas,Calle del Cerro s/n 0,-32.343667,-65.007967,Biblioteca Popular
74,San Luis,Villa de Merlo,Bib.Pop. El Faro,Los Almendros 4,-32.348529,-65.014961,Biblioteca Popular
74,San Luis,Balde,Bib.Pop. Héroes de Malvinas,Esteban Aguero s/n,-33.3417,-66.624033,Biblioteca Popular
74,San Luis,Juana Koslay,Bib.Pop. Urbano Joaquín Nuñez,Ruta 20 - Km.7 1/2 (Comisaría 5º),-33.29255,-66.26955,Biblioteca Popular
74,San Luis,Potrero de los Funes,Bib.Pop. Urbano J. Nuñez,Los Molles 8,-33.212633,-66.228417,Biblioteca Popular
74,San Luis,San Luis,Bib.Pop.Esc. Isaac Newton,Manzana 38 0,-33.316984,-66.313554,Biblioteca Popular
74,San Luis,San Luis,Bib.Pop. Juan Pablo II,Dominicos Puntanos 735- Pquia N.Sra.de Fatima,-33.28175,-66.3369,Biblioteca Popular
74,San Luis,San Luis,Bib.Pop. Elsa I. Bornemann,Belgrano 229,-33.303617,-66.3294,Biblioteca Popular
74,San Luis,San Luis,Bib.Pop. Dos Venados,Avda. Fuerza Area 3051,-33.276817,-66.344033,Biblioteca Popular
74,San Luis,San Luis,Bib.Pop. Jacinto Guiñazu,Centenario y San Juan,-33.27945,-66.328233,Biblioteca Popular
74,San Luis,San Luis,Bib.Pop. Jorge Luis Borges,Manzana 435 Casa 27 0,-33.299561,-66.349182,Biblioteca Popular
74,San Luis,Las Chacras,Bib.Pop. Juan Pascual Pringles,J.P.Pringles s/n 0,-32.633331,-66.150002,Biblioteca Popular
74,San Luis,Salinas del Berbedero,Bib.Pop. Dr. A. Rodríguez Saa,Sin dirección 0,-33.33252,-66.63208,Biblioteca Popular
78,Santa Cruz,Caleta Olivia,Bib.Pop. El mirador,Brasil 435,-46.434681,-67.530594,Biblioteca Popular
78,Santa Cruz,Caleta Olivia,Bib.Pop.Mun. Mariano Moreno,25 de Mayo y Saavedra,-46.439617,-67.51835,Biblioteca Popular
78,Santa Cruz,Caleta Olivia,Bib.Pop. Barrio 2 de abril,Bº 2 de Abril 0,-46.445583,-67.523267,Biblioteca Popular
78,Santa Cruz,Caleta Olivia,Bib.Pop. María deL Transito Cruz,Carlos Gardel s/n,-46.445583,-67.523267,Biblioteca Popular
78,Santa Cruz,Cañadon Seco,Bib.Pop. Cañadon Seco,Barrancas 4225,-46.564317,-67.610217,Biblioteca Popular
78,Santa Cruz,Pico Truncado,Bib.Pub.Mun.Pop. Aime Paine,9 de Julio,-46.800667,-67.959317,Biblioteca Popular
78,Santa Cruz,Puerto Deseado,Bib.Pop.Mun. Florentino Ameghino,Moreno 622,-47.751033,-65.89642,Biblioteca Popular
78,Santa Cruz,Río Gallegos,Bib.Pop.Pub. Juan Hilarion Lenzi,San Martín 1200,-51.626867,-69.221283,Biblioteca Popular
78,Santa Cruz,Río Gallegos,Bib.Pop. Flora R. de Lofredo,Pje.Miranda 1215,-51.627583,-69.240633,Biblioteca Popular
78,Santa Cruz,Río Gallegos,Bib.Pop. Ush Güent,Avda. Lisandro de la Torre 426,-51.6209,-69.242983,Biblioteca Popular
78,Santa Cruz,Río Gallegos,Bib.Pop. Eva Perón,Ayacucho y Laprida,-51.639967,-69.216717,Biblioteca Popular
78,Santa Cruz,Río Gallegos,Asoc.Amig.Bib.Pop.Mun. Sofia Vicic de Cepernic,Costa Rica y Bella Vista 0,-51.64205,-69.224,Biblioteca Popular
78,Santa Cruz,Río Gallegos,Bib.Pop. Ciudad del nombre de Jesús,Mascarello 80,-51.624867,-69.2055,Biblioteca Popular
78,Santa Cruz,Río Gallegos,Bib.Pop. A. Kunfi Quiros,Los Pozos 260,-51.633033,-69.198183,Biblioteca Popular
78,Santa Cruz,Río Turbio,Bib.Mun.Pop. Guent Aike,Av.de los Mineros esq. A.Brown,-51.539233,-72.338217,Biblioteca Popular
78,Santa Cruz,El Chalten,Bib.Pop. Mujer Pionera de El Chaltén,Comandante Arrúa 188,-49.329867,-72.8904,Biblioteca Popular
78,Santa Cruz,Los Antiguos,Bib.Pop.Esc. Amigos del saber,Tehuelches,-46.545383,-71.626167,Biblioteca Popular
78,Santa Cruz,Gobernador Gregores,Bib.Pop.Esc. Libre pensamiento,Julio A.Roca 1151,-48.75115,-70.250117,Biblioteca Popular
78,Santa Cruz,Gobernador Gregores,Bib.Esc.Pop. Sur Argentino,Acceso Ruta 27,-48.752117,-70.253733,Biblioteca Popular
82,Santa Fe,Gato Colorado,Bib. Pop. Elba Irma Rosso de Bravo,Raúl Acosta s/n,-28.940317,-61.513603,Biblioteca Popular
82,Santa Fe,Tostado,Bib.Pop. 9 de Julio,J.de Garay 1247,-29.232467,-61.778333,Biblioteca Popular
82,Santa Fe,Villa Minetti,Bib. Pop. Villa Minetti,Sarmiento 856,-28.622567,-61.626167,Biblioteca Popular
82,Santa Fe,Armstrong,Bib.Pop. D.F.Sarmiento,Bv.San Martín 1544,-32.78415,-61.604883,Biblioteca Popular
82,Santa Fe,Bouquet,Bib.Pop. Bouquet,Santa Fé 193,-32.424233,-61.8911,Biblioteca Popular
82,Santa Fe,Las Parejas,Bib.Pop. José Hernández,Av. 16 982,-32.681,-61.521417,Biblioteca Popular
82,Santa Fe,Las Rosas,Bib.Pop. D.F.Sarmiento,Moreno 461,-32.471917,-61.577383,Biblioteca Popular
82,Santa Fe,Montes de Oca,Bib.Pop. Bernardino Rivadavia,Córdoba 561 0,-32.567467,-61.7694,Biblioteca Popular
82,Santa Fe,Tortugas,Bib.Pop. José Ingenieros,Urquiza 181,-32.7469,-61.820433,Biblioteca Popular
82,Santa Fe,Arequito,Bib.Pop. Bartolomé Mitre,Brig.Estanislao López 1156 0,-33.14455,-61.467083,Biblioteca Popular
82,Santa Fe,Berabevú,Bib.Pop. El Ateneo,Güemes 181 0,-33.339717,-61.864233,Biblioteca Popular
82,Santa Fe,Casilda,Bib.Pop. Carlos Casado,L.de La Torre 2369 0,-33.046867,-61.168083,Biblioteca Popular
82,Santa Fe,Casilda,Bib.Pop. D.F.Sarmiento,Dante Alighieri 2385,-33.0478,-61.167533,Biblioteca Popular
82,Santa Fe,Casilda,Bib.Pop. Manuel Belgrano,España 1983,-33.046583,-61.167217,Biblioteca Popular
82,Santa Fe,Chabas,Bib.Pop. Chabas,San Martín 1273,-33.24855,-61.360267,Biblioteca Popular
82,Santa Fe,Los Quirquinchos,Bib.Pop. Manuel Belgrano,Rivadavia 555,-33.3785,-61.71155,Biblioteca Popular
82,Santa Fe,San José de la Esquina,Bib.Pop. D.F.Sarmiento,Castellanos 775,-33.112533,-61.701333,Biblioteca Popular
82,Santa Fe,Angélica,Bib.Pop. Domingo F. Sarmiento,Pasaje Colón 85,-31.5498,-61.54265,Biblioteca Popular
82,Santa Fe,Bella Italia,Bib.Pop. Arco Iris,Rivadavia 258,-31.2797,-61.413083,Biblioteca Popular
82,Santa Fe,Clucellas,Bib.Pop. Presbítero A. Bonini,9 de Julio 132,-31.522117,-61.720383,Biblioteca Popular
82,Santa Fe,Colonia Aldao,Bib.Pop. D.F.Sarmiento,Av.D.F.Sarmiento 120 0,-30.982917,-61.74365,Biblioteca Popular
82,Santa Fe,Colonia Bicha,Bib.Pop. Alfonsina Storni de Colonia Bicha,sin nombre s/n 0,-30.854217,-61.84955,Biblioteca Popular
82,Santa Fe,Egusquiza,Bib.Pop. Ricardo Rojas,9 de Julio 0,-31.096067,-61.628483,Biblioteca Popular
82,Santa Fe,Esmeralda,Bib.Pop. Esmeralda,Libertador San Martín 286,-31.617283,-61.9316,Biblioteca Popular
82,Santa Fe,Estación Clucellas,Bib.Pop. Estación Clucellas,Defensa 199,-31.524124,-61.718407,Biblioteca Popular
82,Santa Fe,Humberto I,Bib.Pop. Mariano Moreno,Mariano Moreno (O) 183,-30.866633,-61.3502,Biblioteca Popular
82,Santa Fe,Lehmann,Bib.Pop. Héctor Miguel Reinaudi,Martín Fierro 57,-31.1253,-61.458033,Biblioteca Popular
82,Santa Fe,María Juana,Bib.Pop. María Juana,Santa Fé 242,-31.673817,-61.75125,Biblioteca Popular
82,Santa Fe,Rafaela,Bib.Pop. José Manuel Estrada,H. Irigoyen 159,-31.2541,-61.49225,Biblioteca Popular
82,Santa Fe,Rafaela,Bib.Pop. Esc. Dr. Ricardo Gutierrez,Bv.Lehmann 924,-31.244033,-61.489467,Biblioteca Popular
82,Santa Fe,Rafaela,Bib.Pop. Moseñor Antonio Brasca,Aaron Castellanos 158,-31.252633,-61.491933,Biblioteca Popular
82,Santa Fe,Ramona,Bib.Pop.Esc. José Hernández,Sarmiento 70,-31.098833,-61.893767,Biblioteca Popular
82,Santa Fe,San Vicente,Bib. Pop. Mariano Moreno,Libertad esq. Avellaneda 0,-31.695967,-61.567867,Biblioteca Popular
82,Santa Fe,Santa Clara de Saguier,Bib.Pop. Mariano Moreno,José Hernández 240 0,-31.336883,-61.8201,Biblioteca Popular
82,Santa Fe,Sunchales,Bib.Pop. Juan Bautista Alberdi,Cristóbal Colón 1284,-30.942333,-61.553133,Biblioteca Popular
82,Santa Fe,Zenón Pereyra,Bib.Pop. Rodolfo Prigioni,R.B.Prigioni 578,-31.561417,-61.89775,Biblioteca Popular
82,Santa Fe,Alcorta,Bib.Pop. Belisario Roldán,España  680 0,-33.540117,-61.123883,Biblioteca Popular
82,Santa Fe,Bombal,Bib.Pop. Bartolomé Mitre,Sarmiento 389,-33.4593,-61.320733,Biblioteca Popular
82,Santa Fe,Cañada Rica,Bib.Pop. Julio Migno,General Lonardi 401,-33.516267,-60.61225,Biblioteca Popular
82,Santa Fe,Carreras,Bib.Pop. Guido y Spano,Galvez 565 0,-33.59935,-61.3076,Biblioteca Popular
82,Santa Fe,Empalme Villa Constitución,Bib.Pop. Cervantes,A. de Arenales 183,-33.256117,-60.384633,Biblioteca Popular
82,Santa Fe,General Gelly,Bib.Pop. Rincón del Medio,San Martín,-33.59975,-60.594833,Biblioteca Popular
82,Santa Fe,Godoy,Bib.Pop. Mariano Moreno,Italia 157 0,-33.36765,-60.5098,Biblioteca Popular
82,Santa Fe,Juan B.Molina,Bib.Pop. Juan Bautista Alberdi,Sarmiento 461,-33.495055,-60.512386,Biblioteca Popular
82,Santa Fe,Juncal,Bib.Pop. Esteban Echeverría,Ledesma y Avellaneda,-33.714683,-61.051033,Biblioteca Popular
82,Santa Fe,La Vanguardia,Bib. Pop. Mafalda,Rosario de Santa Fe y San Martín 0,-33.357067,-60.655283,Biblioteca Popular
82,Santa Fe,Máximo Paz,Bib.Pop. Estudio y labor S. Pastorino,25 de Mayo 727,-33.4817,-60.957217,Biblioteca Popular
82,Santa Fe,Peyrano,Bib.Pop. Bartolomé Mitre,Dr.Brunet 231 0,-33.538217,-60.805083,Biblioteca Popular
82,Santa Fe,Sargento Cabral,Bib.Pop. Mariano Moreno,San Martín 2265,-33.430617,-60.629017,Biblioteca Popular
82,Santa Fe,Villa Constitución,Bib.Pop. Manuel Belgrano,Bv. Dorrego 1498,-33.231683,-60.33015,Biblioteca Popular
82,Santa Fe,Villa Constitución,Bib.Pop. María Perrisol,San Martín 851,-33.22545,-60.332333,Biblioteca Popular
82,Santa Fe,Villa Constitución,Bib.Pop. Nicasio Oroño,Gral.López 1331,-33.2269,-60.326517,Biblioteca Popular
82,Santa Fe,Cayasta,Bib.Pop. Manuel Lainez,Teófilo Madrejón 0,-31.200467,-60.161467,Biblioteca Popular
82,Santa Fe,Santa Rosa de Calchines,Asoc.Bib.Pop. Domingo G. Silva,Fray Antonio Rossi 488,-31.416668,-60.333332,Biblioteca Popular
82,Santa Fe,Amenabar,Bib. Pop.  D. F. Sarmiento,Rivadavia 488,-34.131097,-62.422607,Biblioteca Popular
82,Santa Fe,Carmen,Bib.Pop. D.F.Sarmiento,Belgrano 558 0,-33.730083,-61.760183,Biblioteca Popular
82,Santa Fe,Chovet,Bib.Pop. Alberto Chovet,Sarmiento 396,-33.601967,-61.607883,Biblioteca Popular
82,Santa Fe,Elortondo,Bib.Pop. D.F.Sarmiento,Belgrano 1000,-33.701183,-61.6161,Biblioteca Popular
82,Santa Fe,Firmat,Bib.Pop. Nosotros,San Martin 1148,-33.459483,-61.485633,Biblioteca Popular
82,Santa Fe,Godeken,Bib. Pop. D. F. Sarmiento,Calle 14 556,-33.402183,-61.84395,Biblioteca Popular
82,Santa Fe,Hughes,Bib.Pop. Mariano Moreno,Av.Hughes y Rivadavia-Ex-Est.Ferrocarril 0,-33.7992,-61.336733,Biblioteca Popular
82,Santa Fe,Labordeboy,Bib.Pop. Leopoldo Lugones,Av. 5 Hnas y Jr. De Ciler 0,-33.7173,-61.31335,Biblioteca Popular
82,Santa Fe,Maggiolo,Bib.Pop. Bernardino Rivadavia,Mariano Castex 541,-33.720933,-62.244717,Biblioteca Popular
82,Santa Fe,María Teresa,Bib. Pop. Mariano Moreno,6 424,-34.005201,-61.902026,Biblioteca Popular
82,Santa Fe,Melincué,Bib.Pop. Bernardino Rivadavia,Laprida 75,-33.65795,-61.4531,Biblioteca Popular
82,Santa Fe,Rufino,Bib.Pop. Mun. José Ingenieros,Santa Fé 159,-34.263083,-62.713783,Biblioteca Popular
82,Santa Fe,Rufino,Bib. Pop. Brig.Gral. E .López,Intendente Ferrari 480,-34.265367,-62.717733,Biblioteca Popular
82,Santa Fe,Rufino,"Bib.Pop.Juan B.Alberdi, C.Rec.y Cult.Unión",General López 242,-34.257567,-62.713283,Biblioteca Popular
82,Santa Fe,Sancti Spiritu,Bib.Pop. D.F.Sarmiento,Lisandro de La Torre 424 0,-34.007883,-62.23895,Biblioteca Popular
82,Santa Fe,Santa Isabel,Bib.Pop. Bernardino Rivadavia,Sarmiento 948,-33.889417,-61.695933,Biblioteca Popular
82,Santa Fe,Santa Teresa,Bib.Pop. Bernardino Rivadavia,Primera Junta 450,-33.438,-60.7907,Biblioteca Popular
82,Santa Fe,Teodelina,Bib.Pop. Casa de la Cultura,9 de Julio 259,-34.18815,-61.528083,Biblioteca Popular
82,Santa Fe,Venado Tuerto,Bib.Pop. Florentino Ameghino,Juan B. Justo 42 0,-33.751833,-61.959983,Biblioteca Popular
82,Santa Fe,Venado Tuerto,Bib.Pop. Juan Bautista Alberdi,Mitre 855,-33.74955,-61.964883,Biblioteca Popular
82,Santa Fe,Villa Cañas,Bib.Pop. D.F.Sarmiento,Calle 52 Nº 46 0,-34.000867,-61.601,Biblioteca Popular
82,Santa Fe,Wheelwright,Bib.Pop. Manuel Lainez,Urquiza 346,-33.791217,-61.21225,Biblioteca Popular
82,Santa Fe,Wheelwright,Bib.Pop. Constancio C.Vigil,Belgrano 901/903 0,-33.790983,-61.213633,Biblioteca Popular
82,Santa Fe,Avellaneda,Bib.Pop. Mariano Moreno,Calle 7 854,-29.115917,-59.6539,Biblioteca Popular
82,Santa Fe,Berna,Bib.Esc.Pop. Laura Roldan,Director Aníbal Vera s/n 0,-29.274803,-59.846016,Biblioteca Popular
82,Santa Fe,Guadalupe Norte,Bib.Pop. Julio Migno de Guadalupe Norte,Calle 19 887,-28.940683,-59.562717,Biblioteca Popular
82,Santa Fe,Ingeniero Chanourdie,Bib. Pop. Ernesto Sábato,Gral. Manuel Belgrano S/N 0,-28.759783,-59.576733,Biblioteca Popular
82,Santa Fe,Lanteri,Bib.Pop. Fortín Arenales,Bartolomé Mitre s/n 0,-28.841,-59.63865,Biblioteca Popular
82,Santa Fe,Las Garzas,15 de junio Biblioteca Popular,Santa Fe s/n 0,-28.846533,-59.500083,Biblioteca Popular
82,Santa Fe,Las Toscas,Bib.Pop. José Manuel Estrada,Calle 8 y 19 0,-28.354167,-59.259817,Biblioteca Popular
82,Santa Fe,Malabrigo,Bib.Pop. Del Centro Soc.Cosmopolita,Sarmiento 1676,-29.345633,-59.966217,Biblioteca Popular
82,Santa Fe,Reconquista,Bib.Pop.Mun. Gral. Obligado,9 de Julio 750,-29.144633,-59.647417,Biblioteca Popular
82,Santa Fe,Reconquista,Bib.Pop. Padre Leonardo Castellani,Calle 115 841,-29.186883,-59.65515,Biblioteca Popular
82,Santa Fe,San Antonio de Obligado,Bib.Pop. Fray Ermete Constanzi,Sin dirección,-28.37866,-59.263832,Biblioteca Popular
82,Santa Fe,Villa Ana,Bib.Pop. Mariano Moreno,Mercedes Longhi s/n 0,-28.492698,-59.611596,Biblioteca Popular
82,Santa Fe,Villa Ana,Bib.Pop. Mercedes de Longhi,25 de Mayo y Uruguay 0,-28.492033,-59.612267,Biblioteca Popular
82,Santa Fe,Villa Ocampo,Bib.Pop. Padre Jorge Capello,Fray Mamerto Esquiú 1256,-28.4894,-59.35585,Biblioteca Popular
82,Santa Fe,Bustinza,Bib.Pop. Pablo A. Pizzurno,San Martín 479,-32.736583,-61.291017,Biblioteca Popular
82,Santa Fe,Bustinza,Bib.Pop. Alfonsina Storni,Camino de la Posta 340,-32.738183,-61.288567,Biblioteca Popular
82,Santa Fe,Cañada de Gómez,Bib.Pop. Bernardino Rivadavia,Moreno 232,-32.818467,-61.396,Biblioteca Popular
82,Santa Fe,Cañada de Gómez,Bib.Pop.Inf. Pablo A. Pizzurno,Irigoyen 272 0,-32.81825,-61.39425,Biblioteca Popular
82,Santa Fe,Cañada de Gómez,Bib.Pop. D.F.Sarmiento,Rivadavia 449,-32.818867,-61.387867,Biblioteca Popular
82,Santa Fe,Carcarañá,Bib.Pop. Pablo A. Pizzurno,Meyer y Av.La Plata 0,-32.859983,-61.147717,Biblioteca Popular
82,Santa Fe,Carrizales-Clarke,Bib.Pop. Pablo A. Pizzurno,Avda. Centenario 576,-32.509117,-61.027567,Biblioteca Popular
82,Santa Fe,Correa,Bib. Pop. Caja de Créditos Correa,24 de septiembre 1115,-32.8477,-61.252933,Biblioteca Popular
82,Santa Fe,Oliveros,Bib.Pop. José Pedroni,Mitre 536,-32.574117,-60.852667,Biblioteca Popular
82,Santa Fe,Salto Grande,Bib.Pop. Mariano Moreno,Porteña 354,-32.667167,-61.086717,Biblioteca Popular
82,Santa Fe,Serodino,Bib. Pop. Manuel Belgrano,Mariano Moreno 0,-32.60655,-60.949967,Biblioteca Popular
82,Santa Fe,Totoras,Bib.Pop. D.F.Sarmiento,9 de Julio 1121,-32.584367,-61.169067,Biblioteca Popular
82,Santa Fe,Villa Eloisa,Bib.Esc. Pop. Constancio C. Vigil,Libertad y 20 de Junio 0,-32.961346,-61.551355,Biblioteca Popular
82,Santa Fe,Arroyo Leyes,Bib.Pop. Amanecer,60 Ruta Provincial Nº 1 Km.14 0,-31.50169,-60.510983,Biblioteca Popular
82,Santa Fe,Emilia,Bib.Pop. Gob. Mariano Cabal,General Paz s/n,-31.059317,-60.74585,Biblioteca Popular
82,Santa Fe,Laguna Paiva,Bib.Pop. Juan Bautista Alberdi,Alberdi 1150,-31.306617,-60.659967,Biblioteca Popular
82,Santa Fe,Laguna Paiva,Bib. Pop. Villa Talleres,Avellaneda 2680,-31.302717,-60.653767,Biblioteca Popular
82,Santa Fe,San José del Rincón,Bib.Pop. Domingo Guzmán Silva,San Martín 1401,-31.60505,-60.572483,Biblioteca Popular
82,Santa Fe,Santa Fe,Bib.Pop. Bartolomé Mitre,4 de Enero 1433,-31.65795,-60.715467,Biblioteca Popular
82,Santa Fe,Santa Fe,Bib.Pop. Mariano Moreno,M. Candiotti 3341 0,-31.6385,-60.69607,Biblioteca Popular
82,Santa Fe,Santa Fe,Bib.Pop.Ped. D.F.Sarmiento,San Martín 2839,-31.6429,-60.705583,Biblioteca Popular
82,Santa Fe,Santa Fe,Bib.Pop. D.F.Sarmiento,25 de Mayo 3762,-31.63345,-60.701817,Biblioteca Popular
82,Santa Fe,Santa Fe,Bib.Pop. Hogar del maestro,San Martín 1621,-31.656733,-60.7097,Biblioteca Popular
82,Santa Fe,Santa Fe,Bib. Pop. Centro Español,San Martín 2219,-31.650067,-60.707717,Biblioteca Popular
82,Santa Fe,Santa Fe,Bib.Pop. Mateo Booz,Pedro Ferre 2928,-31.625583,-60.7047,Biblioteca Popular
82,Santa Fe,Santa Fe,Bib.Pop. Pablo A. Pizzurno de Santa Fe,Bv. Galvez 950,-31.63935,-60.685067,Biblioteca Popular
82,Santa Fe,Santa Fe,Bib.Pop. Emilio Zola,Marcial Candioti y Rosa Castro 2901,-31.643583,-60.696817,Biblioteca Popular
82,Santa Fe,Santa Fe,Bib. Pop. Bica,Vieytes 2554,-31.601833,-60.693783,Biblioteca Popular
82,Santa Fe,Santa Fe,Bib.Pop. Elena Verón,"Manzana 5 Avda. Demetrio Gómez, T. 6 0 1 6",-31.672712,-60.696135,Biblioteca Popular
82,Santa Fe,Santa Fe,Bib.Pop. Osvaldo Bayer,Javier de la Rosa 1063,-31.602883,-60.675633,Biblioteca Popular
82,Santa Fe,Santa Fe,Bib.Pop. Santafesina,Luis Leloir 1100 1 105,-31.637533,-60.659017,Biblioteca Popular
82,Santa Fe,Santa Fe,Bib.Pop. Juglares sin Fronteras,"Los Talas s/n, Ruta Pcial N° 1 Km 1.5 0",-31.646567,-60.710033,Biblioteca Popular
82,Santa Fe,Santa Fe,Bib. Pop. Amilcar Renna,Ayacucho 3999,-31.593267,-60.710483,Biblioteca Popular
82,Santa Fe,Santa Fe,De Las orillas,Calle principal 400 mts al oeste 0,-31.6704517,-60.6154426,Biblioteca Popular
82,Santa Fe,Santo Tome,Bib.Pop. José Hernández,7 de Marzo 2524,-31.666183,-60.7676,Biblioteca Popular
82,Santa Fe,Elisa,Bib.Pop. Dr. Ricardo D. G. Alcacer,Jacinto L.Arauz 340,-30.698433,-61.047217,Biblioteca Popular
82,Santa Fe,Franck,Bib. Pop. Mariano Moreno,Rivadavia 2062,-31.587183,-60.937817,Biblioteca Popular
82,Santa Fe,Humboldt,Bib.Pop. Beck Herzog,Av.San Martín 1638,-31.399983,-61.081933,Biblioteca Popular
82,Santa Fe,Humboldt,Bib.Pop. Juan Bautista Alberdi,Zona Rural Oeste 0,-31.25,-61.483334,Biblioteca Popular
82,Santa Fe,Las Tunas,"Bib. Pop. ""José Hernández""",San Martín y San Roque 0,-31.5719135,-60.9956758,Biblioteca Popular
82,Santa Fe,Matilde,Bib. Pop. Walter Gunziger,Boulevard San Martín s/n 0,-32.972221,-60.684032,Biblioteca Popular
82,Santa Fe,Nuevo Torino,Bib.Pop. Nuevo Torino,M. Moreno s/n 0,-31.34595,-61.23675,Biblioteca Popular
82,Santa Fe,Pilar,Bib.Pop. de Pilar,Lehmann 1341,-31.441683,-61.260917,Biblioteca Popular
82,Santa Fe,Progreso,Bib.Pop.María Emilia Divo,J.M. Estrada s/n 0,-31.143967,-60.989167,Biblioteca Popular
82,Santa Fe,Providencia,"Bib. Pop. ""Ángela Peralta Pino""",Nuestra Sra. de los Dolores 695,-30.9837158,-61.019156,Biblioteca Popular
82,Santa Fe,Sa Pereira,Bib.Pop. Eduardo de Sa Pereira,Santa Rosa 720,-31.570583,-61.379367,Biblioteca Popular
82,Santa Fe,San Carlos Centro,Bib.Pop. Centro Rivadavia,Wuthrich 27,-31.72605,-61.090583,Biblioteca Popular
82,Santa Fe,San Carlos Norte,Bib. Pop. y Pub. George Baud,Rivadavia 347,-31.671874,-61.076075,Biblioteca Popular
82,Santa Fe,San Carlos Sud,Bib.Pop. Gottfried Keller,San Martín 559,-31.756633,-61.100283,Biblioteca Popular
82,Santa Fe,San Jerónimo Norte,Bib. Pop. Mariano Moreno,Belgrano 467,-31.553283,-61.07835,Biblioteca Popular
82,Santa Fe,Santo Domingo,Bib.Pop. Domingo Faustino Sarmiento,Av. De las Américas 447,-31.12,-60.88705,Biblioteca Popular
82,Santa Fe,Sarmiento,Bib.Pop. D.F.Sarmiento,José Hernández 1413,-31.058783,-61.1667,Biblioteca Popular
82,Santa Fe,Acebal,Bib. Pop. Nº 1800 José Malet,Bulevar Centenario 402,-33.2404,-60.834116,Biblioteca Popular
82,Santa Fe,Alvarez,Bib.Pop. Carlos Guido Spano,Bv.San Martín 461 0,-33.129633,-60.800683,Biblioteca Popular
82,Santa Fe,Alvarez,Bib.Pop.Inf. 25 de Mayo,Nicolás N.Alvarez 781,-33.12855,-60.804817,Biblioteca Popular
82,Santa Fe,Arroyo Seco,Bib.Pop. Bernardino Rivadavia,Belgrano 514 0,-33.157933,-60.511067,Biblioteca Popular
82,Santa Fe,Coronel Bogado,Bib.Pop. Mariano Moreno,Eleuterio Varela 565 0,-33.31495,-60.60115,Biblioteca Popular
82,Santa Fe,Coronel Domínguez,Bib.Pop. El buen saber,Domínguez 526,-33.186233,-60.720967,Biblioteca Popular
82,Santa Fe,General Lagos,Bib. Mun. y Pop. Ferdinando Ricci,San Martín 361,-33.112133,-60.562733,Biblioteca Popular
82,Santa Fe,Ibarlucea,Bib.Pop.Julio Migno de Ibarlucea,San Martín 1078,-32.85235,-60.7863,Biblioteca Popular
82,Santa Fe,Rosario,Bib.Pop. Escuela de la A.de Muj.de Ros.,Buenos Aires 1290 0,-32.953633,-60.634333,Biblioteca Popular
82,Santa Fe,Rosario,Bib.Pop.Ped.Inf. Eudoro Díaz,Santa Fe 917,-32.940616,-60.6627,Biblioteca Popular
82,Santa Fe,Rosario,Bib.Pop. Estímulo al estudio,Av.Alberdi 1030,-32.91595,-60.685,Biblioteca Popular
82,Santa Fe,Rosario,Bib.Pop. Amor al estudio,Junin 1680,-32.92685,-60.687333,Biblioteca Popular
82,Santa Fe,Rosario,Bib.Pop. Libertad,Juan José Paso 2309,-32.91945,-60.687133,Biblioteca Popular
82,Santa Fe,Rosario,Bib.Pop.Pub. Aristóbulo del Valle,Pasaje Zinni 5349,-32.998717,-60.628467,Biblioteca Popular
82,Santa Fe,Rosario,Bib.Pop. Proa,Constitución 429,-32.935717,-60.672767,Biblioteca Popular
82,Santa Fe,Rosario,Bib.Pop. Amor a la verdad,Junin 1584,-32.926867,-60.68575,Biblioteca Popular
82,Santa Fe,Rosario,Bib.Pop.Inf. Mitre,Ayacucho 1728 0,-32.9597,-60.629733,Biblioteca Popular
82,Santa Fe,Rosario,Bib.Pop. Juan Bautista Alberdi,Zelaya 2089,-32.894183,-60.696367,Biblioteca Popular
82,Santa Fe,Rosario,Bib.Pop. Homero,Velez Sarfield 902,-32.924933,-60.676817,Biblioteca Popular
82,Santa Fe,Rosario,Bib.Pop. Dr. A. Franzini Herrera,La Paz 2927,-32.959733,-60.6676,Biblioteca Popular
82,Santa Fe,Rosario,Bib.Pop. Solidaridad social,Paraguay 2545,-32.965983,-60.648867,Biblioteca Popular
82,Santa Fe,Rosario,Bib. Pop. Mun. Arg. Dr. Juan Alvarez,Pte.Roca 731,-32.944417,-60.644867,Biblioteca Popular
82,Santa Fe,Rosario,Bib.Pop. Constancio C. Vigil,Alem 3078,-32.974876,-60.63498,Biblioteca Popular
82,Santa Fe,Rosario,Bib.Pop. Alvaro Flores Estrada - Ctro Asturiano,San Luis 644,-32.950117,-60.6325,Biblioteca Popular
82,Santa Fe,Rosario,Bib.Pop. Mariano Moreno,J.J.Paso 2490,-32.9196,-60.691033,Biblioteca Popular
82,Santa Fe,Rosario,Bib.Pop. Alfonsina Storni,Ovidio Lagos 367,-32.937233,-60.660233,Biblioteca Popular
82,Santa Fe,Rosario,Bib. Pop. La Florida,Mina Clavero 885,-32.883933,-60.696933,Biblioteca Popular
82,Santa Fe,Rosario,Bib.Pop. Centro cultural Rosario,La Rioja 1065 1º,-32.939683,-60.662133,Biblioteca Popular
82,Santa Fe,Rosario,Bib.Pop. Roberto Fontanarrosa,Esteco 778,-32.907345,-60.69669,Biblioteca Popular
82,Santa Fe,Rosario,"Centro Educación, Comunicación y Bib. Pop.Cachilo",Virasoro 5606,-32.9613,-60.6991,Biblioteca Popular
82,Santa Fe,Rosario,Bib. Pop. Primera Ambiental y Ecológica de Rosario,Regimiento XI 195,-32.998333,-60.63425,Biblioteca Popular
82,Santa Fe,Rosario,Bib.Pop. Casa de Luxemburgo,Pasco 4624,-32.950933,-60.68965,Biblioteca Popular
82,Santa Fe,Rosario,Bib.Pop. Dr. Lisandro de la Torre,24 de setiembre 3703,-32.9739,-60.682183,Biblioteca Popular
82,Santa Fe,Rosario,Bib. Pop. Gastón Gori,Juan José Paso 7990,-32.9208,-60.734833,Biblioteca Popular
82,Santa Fe,Rosario,Bib. Pop. Pocho Lepratti,Chacabuco 3085,-32.972783,-60.6281,Biblioteca Popular
82,Santa Fe,Rosario,Asoc.Civ.Bib.Pop. Raíces y Alas,Av. Abanderado Grandoli 3677,-32.98535,-60.6282,Biblioteca Popular
82,Santa Fe,Rosario,Bib. Pop. para el Desarrollo Social,Marco Polo 331,-33.010633,-60.63925,Biblioteca Popular
82,Santa Fe,Soldini,Bib. Pop. José Pedroni,Bgdier. Estanislao López 505,-33.01575,-60.753417,Biblioteca Popular
82,Santa Fe,Uranga,Bib. Pop. Amor a la patria,Tucumán 10,-33.261583,-60.705483,Biblioteca Popular
82,Santa Fe,Ambrosetti,Bib.Pop. José Hernández,Mauricio Stucky 339,-30.017783,-61.5765,Biblioteca Popular
82,Santa Fe,Arrufo,Asoc.Civ.Bib.Pop. Miguel Angel Sosa,25 de mayo 652,-30.2333,-61.730917,Biblioteca Popular
82,Santa Fe,Ceres,Bib.Pop.D.F.Sarmiento,Av. de Mayo 238,-29.880533,-61.944017,Biblioteca Popular
82,Santa Fe,Colonia Bossi,Bib. Pop. Teresa de Calcuta,Irico Pussetto 457,-30.667534,-61.78792,Biblioteca Popular
82,Santa Fe,Colonia Rosa,Biblioteca Popular Gaston Bianchi,Santa Rosa de Lima 401,-30.2995397,-61.9844664,Biblioteca Popular
82,Santa Fe,Hersilia,Bib.Pop. Juan Bautista Alberdi,Mitre y Zibechi 0,-30.004233,-61.836467,Biblioteca Popular
82,Santa Fe,Moisés Ville,Bib.Pop. Barón Hirsch,Moreno 243,-30.715233,-61.469783,Biblioteca Popular
82,Santa Fe,San Cristóbal,Bib.Pop. San Martín,Alvear 646,-30.31085,-61.23295,Biblioteca Popular
82,Santa Fe,San Guillermo,Club Union Cultural y Deportivo y Bib. Pop.,Urquiza 43,-30.35945,-61.9181,Biblioteca Popular
82,Santa Fe,Suardi,Bib.Pop. D.F. Sarmiento,Mariano Moreno y 25 de Mayo 0,-30.5332,-61.960033,Biblioteca Popular
82,Santa Fe,Villa Trinidad,Bib.Pop.  Alas,Falucho 572,-30.213217,-61.879267,Biblioteca Popular
82,Santa Fe,Colonia Durán,Bib.Pop. Compartir,Ruta Provincial 87s-Mza.0010 0,-30.583191,-59.949638,Biblioteca Popular
82,Santa Fe,Romang,Bib.Pop. Despertar,Brigadier López 1793,-29.49705,-59.754733,Biblioteca Popular
82,Santa Fe,San Javier,Bib.Pop. Julio Migno,Independencia 1757,-30.581283,-59.929767,Biblioteca Popular
82,Santa Fe,Barrancas,Bib.Pop. de Barrancas,Alem 714,-32.233583,-60.983033,Biblioteca Popular
82,Santa Fe,Coronda,Bib.Pop. Coronel José Rodríguez,España  1815 0,-31.974183,-60.915533,Biblioteca Popular
82,Santa Fe,Desvío Arijón,Bib. Pop. Los Libros y el Río,Almirante Brown y Córdoba,-31.833783,-60.87145,Biblioteca Popular
82,Santa Fe,Díaz,Bib.Pop. del Bicentenario,Avda. Buenos Aires 700,-32.37075,-61.086517,Biblioteca Popular
82,Santa Fe,Galvez,Bib.Pop. Dr. Andrés Egaña,Rivadavia 791,-32.02985,-61.21895,Biblioteca Popular
82,Santa Fe,Maciel,Bib.Pop. Dr. Pedro S. Alcacer,Salta 661,-32.4568,-60.89315,Biblioteca Popular
82,Santa Fe,San Genaro Norte,Bib.Pop. Rivadavia,San Martín y Chavarri,-32.363467,-61.34175,Biblioteca Popular
82,Santa Fe,Gobernador Crespo,Bib.Pop. Estanislao Zeballos,Estanislao Zeballos 165,-30.359583,-60.403283,Biblioteca Popular
82,Santa Fe,La Criolla,Bib. Pop. Luis Landriscina,Santa Fe 278,-30.22505,-60.3658,Biblioteca Popular
82,Santa Fe,Marcelino Escalada,Bib.Pop. Florentino Ameghino,Maipú s/n,-30.579283,-60.466533,Biblioteca Popular
82,Santa Fe,San Justo,Bib.Pop. Mariano Moreno,Gral. Urquiza 2441 0,-30.789667,-60.5896,Biblioteca Popular
82,Santa Fe,San Martín Norte,Bib.Esc.Pop. San Martín Norte (Escuela de la Familia Agrícola N,Pública,-30.346,-60.305133,Biblioteca Popular
82,Santa Fe,Videla,Bib. Pop. Miguel A. Fabellotti,Independencia 250,-30.944433,-60.652724,Biblioteca Popular
82,Santa Fe,Aldao,Bib.Pub.Com.y Pop. Bartolomé Mitre,G.Lagomarsino 345,-32.703633,-60.815217,Biblioteca Popular
82,Santa Fe,Capitán Bermudez,Bib.Pub.Mun.Pop. Dr. Lisandro de la Torre,25 de Mayo esq.Jujuy,-32.826933,-60.71685,Biblioteca Popular
82,Santa Fe,Estación Timbúes,Bib.Pop. Sarmiento,Mitre 540,-32.668633,-60.7939,Biblioteca Popular
82,Santa Fe,Luis Palacios,Bib.Pop. Almafuerte,Juan XXIII s/n,-32.789667,-60.903483,Biblioteca Popular
82,Santa Fe,Pujato,Bib.Pop. Bernardino Rivadavia,Lisandro de la Torre 596,-33.0182,-61.0438,Biblioteca Popular
82,Santa Fe,Ricardone,Bib.Pop.Pub. Los paraisos,San Lorenzo y Rivadavia,-32.774283,-60.78545,Biblioteca Popular
82,Santa Fe,San Lorenzo,Bib.Esc.Pop. D.F.Sarmiento,Belgrano 720,-32.746933,-60.735467,Biblioteca Popular
82,Santa Fe,Cañada Rosquín,Bib.Pop. Juan Bautista Alberdi,Mariano Moreno 515,-32.055033,-61.60365,Biblioteca Popular
82,Santa Fe,Carlos Pellegrini,Bib.Pop. José Mármol,25 de Mayo 901,-32.048517,-61.781467,Biblioteca Popular
82,Santa Fe,Colonia Belgrano / Wildermuth,Bib.Pop. Bartolomé Mitre,Av.Sarmiento 928,-31.909833,-61.400867,Biblioteca Popular
82,Santa Fe,El Trébol,Bib.Pop. Domingo Piccolo,Bv.América 1161,-32.198083,-61.700217,Biblioteca Popular
82,Santa Fe,Landeta,Bib.Pop. de Landeta,Lisandro de La Torre 1191,-32.014493,-62.058801,Biblioteca Popular
82,Santa Fe,Las Petacas,Bib.Pop. Carlos Jewell,Calle 7 403,-31.823717,-62.108667,Biblioteca Popular
82,Santa Fe,Los Cardos,Bib. Pop. Alejandría,Pje. Luis M. de la Vega 384,-32.323059,-61.632042,Biblioteca Popular
82,Santa Fe,María Susana,Bib.Pop. Bartolomé Mitre,Urquiza 530,-32.264367,-61.902717,Biblioteca Popular
82,Santa Fe,Piamonte,Bib.Pop. San Martín,Sarmiento 1301,-32.141133,-61.9806,Biblioteca Popular
82,Santa Fe,San Jorge,Bib.Pop. Rivadavia,Av.San Martín 1023 0,-31.8978,-61.860167,Biblioteca Popular
82,Santa Fe,San Martín de las Escobas,Bib.Pop. Juan Bautista Alberdi,San Martín 1190,-31.859267,-61.569983,Biblioteca Popular
82,Santa Fe,Sastre,Bib.Pop. Gral. José de San Martín,9 de Julio 1729,-31.76855,-61.828367,Biblioteca Popular
82,Santa Fe,Eusebia,Bib.Pop. Jose Hernández,Estanislao López 122,-30.947217,-61.854267,Biblioteca Popular
82,Santa Fe,Felicia,Bib. Pop. Felicia,Pedro Palacios 586,-31.245017,-61.21355,Biblioteca Popular
82,Santa Fe,Monje,Bib. Pop. Alfonsina Storni,Dr. Francisco  Caminos 399,-32.358817,-60.94015,Biblioteca Popular
82,Santa Fe,Nelson,Bib.Pop. Martín Fierro,Sin dirección,-31.26575,-60.7622,Biblioteca Popular
82,Santa Fe,Villada,Asoc.Civ.Bib.Pop. Mariano Moreno de Villada,San Miguel 376,-33.347738,-61.445417,Biblioteca Popular
82,Santa Fe,Calchaquí,Bib.Pop. Angel José Medina,Bvd. Belgrano -ex Estación del Ferrocarril 0,-29.88935,-60.289017,Biblioteca Popular
82,Santa Fe,Espin,Bib.Pop.Dependiente E.E.T.P.I. Nº 8211,Zona Rural,-29.539617,-60.2221,Biblioteca Popular
82,Santa Fe,Fortín Olmos,Bib. Pop. Sofia Barat,JUan Domingo Perón  s/n 0,-28.783333,-61.683334,Biblioteca Popular
82,Santa Fe,Garabato,Bib.Pop. José Pedroni,Francisco Anello S/Nº 0,-28.951719,-60.13641,Biblioteca Popular
82,Santa Fe,La Gallareta,Bib.Pop. Tanino,Rivadavia s/n 0,-29.585767,-60.378117,Biblioteca Popular
82,Santa Fe,Margarita,Bib.Pop. de Margarita,Colon 2101,-29.69265,-60.251283,Biblioteca Popular
82,Santa Fe,Tartagal,"Bib. Pop. Tartagal, mi pueblo",Pública s/n 0,-28.671217,-59.8455,Biblioteca Popular
82,Santa Fe,Vera,Bib.Pop. Dr. Allende Lezama,San Martín 1631,-29.465367,-60.211617,Biblioteca Popular
86,Santiago del Estero,Vuelta De La Barranca,Bib. Pop. Profesor Víctor HUgo Olivares,Independencia Prolongacion,-27.840593,-64.226585,Biblioteca Popular
86,Santiago del Estero,Campo Gallo,Bib.Pop. de Campo Gallo,Alberdi esq. Rivadavia,-26.584169,-62.85004,Biblioteca Popular
86,Santiago del Estero,Villa Atamisqui,Bib.Pop. Padre Alberto Ciupke,Av. 25 de Mayo,-28.497133,-63.8152,Biblioteca Popular
86,Santiago del Estero,Colonia Dora,Bib.Pop. Bartolomé Mitre,Buenos Aires s/n,-28.602017,-62.950883,Biblioteca Popular
86,Santiago del Estero,Herrera,Bib.Pop. Alfonso Nassif,Av.San Martín 35,-28.483783,-63.067433,Biblioteca Popular
86,Santiago del Estero,Villa Maillín,Bib. Pop. Hna. María Pía Bettini,Pbro. José Benavídez s/n 0,-28.482617,-63.276633,Biblioteca Popular
86,Santiago del Estero,Clodomira,Bib.Pop. Mariano Moreno,República 545,-27.568517,-64.138867,Biblioteca Popular
86,Santiago del Estero,La Banda,Bib.Pop. Bernardino Rivadavia,Saenz Peña 72,-27.733233,-64.241967,Biblioteca Popular
86,Santiago del Estero,La Banda,Bib.Pop. Juan Bautista Alberdi,Alberdi y Soler 0,-27.732627,-64.245729,Biblioteca Popular
86,Santiago del Estero,La Banda,Bib.Pop. Absalon Rojas,Lavalle 245,-27.7368,-64.239017,Biblioteca Popular
86,Santiago del Estero,La Banda,Bib.Pop. Narciso Laprida,Laprida 434,-27.727483,-64.239183,Biblioteca Popular
86,Santiago del Estero,La Banda,Bib.Pop. Conrado Juarez,Rivadavia Norte 7,-27.731817,-64.23735,Biblioteca Popular
86,Santiago del Estero,La Banda,Bib.Pop. Carlos Pellegrini,Pellegrini 540,-27.729533,-64.235567,Biblioteca Popular
86,Santiago del Estero,La Banda,Bib.Pop. Domingo A. Bravo,Elordi y Catamarca 196,-27.72475,-64.244467,Biblioteca Popular
86,Santiago del Estero,La Banda,Bib.Pop. Luis O. Orieta,J.B.Justo y Magallanes 0,-27.745633,-64.26185,Biblioteca Popular
86,Santiago del Estero,La Banda,Bib.Pop. San Martín,Amadeo Jacques 75,-27.742283,-64.25315,Biblioteca Popular
86,Santiago del Estero,La Banda,Bib.Pop. Río dulce,Francia 450,-27.735836,-64.243752,Biblioteca Popular
86,Santiago del Estero,La Banda,Bib.Pop. Fortunato Júarez Barrios Miski Mayu y Parque Indus,Eva Perón 28,-27.766392,-64.239555,Biblioteca Popular
86,Santiago del Estero,La Banda,Bib.Pop. Ada Nilda Alderete,Añatuya esq. Sumanpa,-27.735836,-64.243752,Biblioteca Popular
86,Santiago del Estero,Bandera,Bib.Pop. Manuel Belgrano,Mitre s/n 0,-28.88485,-62.265867,Biblioteca Popular
86,Santiago del Estero,Santiago del Estero,Bib.Pop. Florentino Ameghino,Hipólito Irigoyen 1427,-27.773683,-64.2718,Biblioteca Popular
86,Santiago del Estero,Santiago del Estero,Bib.Pop. D.F.Sarmiento,Libertad 674,-27.788867,-64.2626,Biblioteca Popular
86,Santiago del Estero,Santiago del Estero,Bib.Pop. Gob. Eduardo Miguel,Balcarce 500,-27.7983,-64.245933,Biblioteca Popular
86,Santiago del Estero,Santiago del Estero,Bib.Pop. Juan Bautista Alberdi,Arenales 450,-27.776717,-64.266733,Biblioteca Popular
86,Santiago del Estero,Santiago del Estero,Bib.Pop. Agustín Alvarez,Independencia 652,-27.793067,-64.253833,Biblioteca Popular
86,Santiago del Estero,Santiago del Estero,Bib.Pop. Pedro Firmo Unzaga,Unzaga esq. Jujuy 0,-27.7805,-64.257483,Biblioteca Popular
86,Santiago del Estero,Santiago del Estero,Bib.Pop. Dr. Manuel Gorostiaga,San Martín 581,-27.7943,-64.2661,Biblioteca Popular
86,Santiago del Estero,Santiago del Estero,"Asoc, Cult. y Vecinal y Bib.Pop Ricardo Rojas",Ríoja 247,-27.795333,-64.259033,Biblioteca Popular
86,Santiago del Estero,Santiago del Estero,Bib.Pop. Francisca Jacques,Av. Belgrano Sud 3234,-27.814767,-64.248617,Biblioteca Popular
86,Santiago del Estero,Santiago del Estero,Bib.Pop. Miguel Martín de Güemes,Av.Colón (oeste) 185,-27.790333,-64.269917,Biblioteca Popular
86,Santiago del Estero,Santiago del Estero,Bib.Pop. Esteban Echeverría,Av.Belgrano (Norte) s/n,-27.765617,-64.280217,Biblioteca Popular
86,Santiago del Estero,Santiago del Estero,Bib.Pop. Francisco de Aguirre,Sarmiento 911,-27.79595,-64.270617,Biblioteca Popular
86,Santiago del Estero,Santiago del Estero,Bib.Pop. Jorge W. Abalos,Romualdo Helman 158,-27.80835,-64.305117,Biblioteca Popular
86,Santiago del Estero,Santiago del Estero,Bib.Pop. Segundo M. Arce,San Juan 2195,-27.807917,-64.283167,Biblioteca Popular
86,Santiago del Estero,Santiago del Estero,Bib.Pop. Juan F. Bianchi,José F.Castiglione 276,-27.81125,-64.244683,Biblioteca Popular
86,Santiago del Estero,Santiago del Estero,Bib. Pop. Club de maestros,Pedro León Gallo 1492,-27.80095,-64.2748,Biblioteca Popular
86,Santiago del Estero,Santiago del Estero,Bib.Pop. M. E. R. Vargas de Basualdo,Octavio Coco 162,-27.778217,-64.278133,Biblioteca Popular
86,Santiago del Estero,Santiago del Estero,Bib. Esc. Pop. Siglo XXI,Belgrano s/n 0,-27.780306,-64.269611,Biblioteca Popular
86,Santiago del Estero,Santiago del Estero,Bib.Pop. Dr. Orestes di Lullo,Ing. Tomás Lucio 1860,-27.822752,-64.278503,Biblioteca Popular
86,Santiago del Estero,Santiago del Estero,Bib.Pop. José Mármol,Avda. Moreno (Norte) 436,-27.784967,-64.26965,Biblioteca Popular
86,Santiago del Estero,Santiago del Estero,Bib.Pop. Dr. Raúl Dargoltz,Sara Rigourd 1147,-27.77025,-64.300033,Biblioteca Popular
86,Santiago del Estero,Santiago del Estero,Bib.Pop. Andrés Chazarreta,Andrés Chazarreta esq. La Teresita,-27.8167,-64.25515,Biblioteca Popular
86,Santiago del Estero,Santiago del Estero,Bib.Pop. Dr. Bernardo Canal Feijoo,Pedro Rizolo s/n 0,-27.811217,-64.277433,Biblioteca Popular
86,Santiago del Estero,Santiago del Estero,Bib.Pop. Mariano Moreno,"Andres Chazarreta, Mza 7 Lote 18 Sector B 0",-27.78442,-64.267281,Biblioteca Popular
86,Santiago del Estero,Santiago del Estero,Bib.Pop. Shunko,Pasco 55,-27.82107,-64.247973,Biblioteca Popular
86,Santiago del Estero,Frías,Bib.Pop. D.F.Sarmiento,Rivadavia (Norte) 50,-28.6369,-65.130217,Biblioteca Popular
86,Santiago del Estero,Villa La Punta,Bib.Pop. Juan Carlos Infante del Castaño,Brigadier Juan Felipe Ibarra s/n 0,-28.366671,-64.78334,Biblioteca Popular
86,Santiago del Estero,Ojo de Agua,Bib.Pop. Julio Bustamante,Hipólito Yrigóyen 368,-27.783443,-64.282616,Biblioteca Popular
86,Santiago del Estero,Pampa de los Guanacos,Bib.Pop. Alberto J. Montenegro,San José de Calasanz,-26.228283,-61.837217,Biblioteca Popular
86,Santiago del Estero,Añatuya,Bib.Pop. Almafuerte,Maipú y J.J.Paso 0,-28.457983,-62.833667,Biblioteca Popular
86,Santiago del Estero,Añatuya,Bib.Pop. de Añatuya,Sarmiento 150,-28.461383,-62.83685,Biblioteca Popular
86,Santiago del Estero,Los Juries,Bib. Pop. Alfonsina Storni,Sarmiento prolongación s/n 0,-28.46475,-62.109333,Biblioteca Popular
86,Santiago del Estero,Pozo Hondo,Bib. Pop. Mariano Moreno,Gaspar Juarez s/n 0,-27.16665,-64.491233,Biblioteca Popular
86,Santiago del Estero,Suncho Corral,Bib.Pop. Jorge Luis Borges,25 de Mayo,-27.935783,-63.432167,Biblioteca Popular
86,Santiago del Estero,Loreto,Bib.Pop. Eduardo Miguel,Juan Domingo Perón 132,-28.302667,-64.1795,Biblioteca Popular
86,Santiago del Estero,Sol de Julio,Bib.Pop. José María Lami Hernández,Pública,-29.5658,-63.45905,Biblioteca Popular
86,Santiago del Estero,Nueva esperanza,Bib. Pop. San Roque,Libertad y Francisco de Aguirre,-26.199233,-64.2399,Biblioteca Popular
86,Santiago del Estero,Sumampa,Bib.Pop. Sumampa,20 de Junio 0,-29.384183,-63.473217,Biblioteca Popular
86,Santiago del Estero,Pozo del arbolito,Bib.Pop. D.F.Sarmiento,Sin dirección,-27.78442,-64.267281,Biblioteca Popular
86,Santiago del Estero,Termas de Río Hondo,Bib.Pop. Manuel Belgrano,Juan B.Alberdi 429,-27.495667,-64.8641,Biblioteca Popular
86,Santiago del Estero,Termas de Río Hondo,Bib.Pop. Ricardo Rojas,Caseros 132,-27.495983,-64.860967,Biblioteca Popular
86,Santiago del Estero,Villa Río Hondo,Bib.Pop. Mariano Moreno,San Francisco Solano y Av Belgrano S/N 0,-27.59185,-64.918883,Biblioteca Popular
86,Santiago del Estero,Selva,Bib.Pop. Juan Bautista Marozzi,San Martín 0,-29.7666,-62.04805,Biblioteca Popular
86,Santiago del Estero,Colonia El Simbolar,Bib. Pop. El Algarrobal,Manzana 10 Casa 10 0,-27.652012,-64.191699,Biblioteca Popular
86,Santiago del Estero,Estación Beltran,Bib.Pop. San Martín,España  59 0,-27.829512,-64.061714,Biblioteca Popular
86,Santiago del Estero,Fernandez,Bib.Pop. Almafuerte,9 de Julio 265,-27.926614,-63.895002,Biblioteca Popular
86,Santiago del Estero,Forres,Bib.Pop. José Hernández,Soler 0,-27.872617,-63.975167,Biblioteca Popular
94,"Tierra del Fuego, Antártida e Islas del Atlántico Sur",Río Grande,Bib.Pop. Eduardo Schmidt (h,Av. San Martín 438,-53.787183,-67.699633,Biblioteca Popular
94,"Tierra del Fuego, Antártida e Islas del Atlántico Sur",Río Grande,Bib.Pop. Infanto Juvenil,Pioneros Fueguinos 880,-53.765033,-67.725917,Biblioteca Popular
94,"Tierra del Fuego, Antártida e Islas del Atlántico Sur",Río Grande,Bib.Pop. Mariano Moreno,Avda. Juan Domingo Perón 301 B,-53.7957,-67.707733,Biblioteca Popular
94,"Tierra del Fuego, Antártida e Islas del Atlántico Sur",Río Grande,Bib.Pop. Kau Kren de la Dcion. Pcial. de Juventud,Prefectura Naval Argentina 439,-53.770117,-67.72475,Biblioteca Popular
94,"Tierra del Fuego, Antártida e Islas del Atlántico Sur",Río Grande,Asoc.Civ. Nuestra Biblioteca Popular,Patagonia 470,-53.77305,-67.7274,Biblioteca Popular
94,"Tierra del Fuego, Antártida e Islas del Atlántico Sur",Río Grande,Bib. Pop. Leonor María Piñeiro,José Romero 3096,-53.77055,-67.738,Biblioteca Popular
94,"Tierra del Fuego, Antártida e Islas del Atlántico Sur",Tolhuin,Bib.Pop. Malvinas argentinas,Co.Jeujepen y Av.de los Shelknam 415,-54.510133,-67.196733,Biblioteca Popular
94,"Tierra del Fuego, Antártida e Islas del Atlántico Sur",Ushuaia,Bib.Pop. D.F.Sarmiento,San Martín 1589,-54.239551,-67.247314,Biblioteca Popular
94,"Tierra del Fuego, Antártida e Islas del Atlántico Sur",Ushuaia,Bib.Pop. Alfonsina Storni,Chubut y O.del Sur 0,-54.820133,-68.3472,Biblioteca Popular
90,Tucumán,San Miguel de Tucuman,BP Patria Grande,Avda. Independencia 1698,-26.84548,-65.224079,Biblioteca Popular
90,Tucumán,San Miguel de Tucumán,Bib.Pop. Alberdi,9 de Julio 162,-26.833333,-65.205533,Biblioteca Popular
90,Tucumán,San Miguel de Tucumán,Bib.Pop. A. M. Garmendia de Frías,Las Heras 25 0,-26.831883,-65.20195,Biblioteca Popular
90,Tucumán,San Miguel de Tucumán,Bib.Pop. Miguel Lillo,Alvarez Thomas 0,-26.79005,-65.23565,Biblioteca Popular
90,Tucumán,San Miguel de Tucumán,Bib.Pop.Inf. Belgrano,Libertad 660,-26.83595,-65.225517,Biblioteca Popular
90,Tucumán,San Miguel de Tucumán,Bib.Pop. Justo José de Urquíza,Venezuela 1338,-26.802617,-65.2113,Biblioteca Popular
90,Tucumán,San Miguel de Tucumán,Bib.Pop. Gral. Belgrano,25 de Mayo 1358,-26.812433,-65.200317,Biblioteca Popular
90,Tucumán,San Miguel de Tucumán,Bib.Pop. Dr. Antonio Torres,Las Heras 50,-26.83225,-65.202,Biblioteca Popular
90,Tucumán,San Miguel de Tucumán,Bib.Pop. El saber ciudadano,Ayacucho 3000,-26.869967,-65.219817,Biblioteca Popular
90,Tucumán,Tucumán,BIb. Pop. Osvaldo Bayer,Don Bosco 2955,-26.816733,-65.251516,Biblioteca Popular
90,Tucumán,Colombres,Bib.Pop. Leopoldo Lugones,Santa María de Oro y Pje. Juan XXIII 0,-26.9,-65.099998,Biblioteca Popular
90,Tucumán,Delfín Gallo,Bib.Pop. 24 de Septiembre,Calle sin nombre,-26.839717,-65.094333,Biblioteca Popular
90,Tucumán,La Florida,Bib.Pop. Juan Pablo II,Avda. Eudoro Araoz (CIC) 0,-26.819487,-65.095144,Biblioteca Popular
90,Tucumán,Las Cejas,Bib.Pop. Marco M. Avellaneda,Sarmiento,-26.89,-64.740867,Biblioteca Popular
90,Tucumán,Famailla,Bib.Pop. Manuel Lainez,Bartolomé Mitre 265,-27.053533,-65.4056,Biblioteca Popular
90,Tucumán,Famailla,Bib. Pop. Batalla de Famailla,Manzana 1 A Casa12 0,-27.056439,-65.39937,Biblioteca Popular
90,Tucumán,La Madrid,Bib.Pop. La Madrid,25 de Mayo,-27.64825,-65.248283,Biblioteca Popular
90,Tucumán,Juan Bautista Alberdi,Bib.Pop. Belgrano,Av.Miguel M.Campero 277,-27.585183,-65.618917,Biblioteca Popular
90,Tucumán,La Cocha,Bib.Pop. 25 de Mayo,San Martín 147,-27.773417,-65.588683,Biblioteca Popular
90,Tucumán,Chilcal-Condor Huasi,Bib.Pop. Padre Saravia,Estafeta El Chical 0,-27.193927,-65.310293,Biblioteca Popular
90,Tucumán,Santa Rosa de Leales,Bib.Pop. Almafuerte,Belgrano s/n,-27.137683,-65.2615,Biblioteca Popular
90,Tucumán,Villa Leales,Bib.Pop. Ernesto E. Padilla,Ernesto Padilla s/n 0,-27.200001,-65.300003,Biblioteca Popular
90,Tucumán,Monteros,Bib.Pop. Bartolomé Mitre,Lamadrid 10/20,-27.165333,-65.498167,Biblioteca Popular
90,Tucumán,Monteros,Bib. Pop. Obrera M.Luisa Bufo de Ferro,Crisostomo Alvarez 227,-27.16885,-65.498117,Biblioteca Popular
90,Tucumán,Monteros,Bib.Pop. Isauro y A. Arancibia,Las Piedras 853,-27.174067,-65.512517,Biblioteca Popular
90,Tucumán,Río Seco,Bib.Pop. Carlos N. Vergara,Inmaculada Concepción 77,-27.26965,-65.557633,Biblioteca Popular
90,Tucumán,Santa Lucía,Bib.Pop. Santa Lucía,Marcos Avellaneda s/n 0,-27.094133,-65.5348,Biblioteca Popular
90,Tucumán,Aguilares,Bib.Pop. Ricardo Rojas,J. B. Alberdi 1021,-27.434533,-65.616183,Biblioteca Popular
90,Tucumán,Los Sarmientos,Bib.Pop. Alfonsina Storni Los Sarmientos,Sarmiento,-27.41495,-65.691283,Biblioteca Popular
90,Tucumán,Concepción,Bib.Pop. Nicolás Avellaneda,San Martín 1650,-27.345067,-65.59515,Biblioteca Popular
90,Tucumán,Trancas,Bib.Pop. Mariano Moreno,25 de Mayo (2ª Cuadra) 646,-26.232083,-65.280183,Biblioteca Popular
90,Tucumán,Amaicha del Valle,Bib.Pop. Amado Juarez,San Martín S/N (a 10 mts. de Plaza San Martín al Oeste) 0,-26.946846,-65.285706,Biblioteca Popular
90,Tucumán,El Mollar,Bib.Pop. Manuel Aldonate,Sin dirección,-26.94025,-65.706033,Biblioteca Popular
90,Tucumán,Tafi Viejo,Bib.Pop. Ing. A. Pasquini,Belgrano 253,-26.733183,-65.259567,Biblioteca Popular
90,Tucumán,Tafi Viejo,Bib.Pop. Juan Bautista Alberdi,Bolivar 324,-26.727683,-65.257883,Biblioteca Popular
90,Tucumán,Tafi Viejo,Bib.Pop. Hipólito Yrigoyen,Congreso 422,-26.735717,-65.256517,Biblioteca Popular
90,Tucumán,Villa M.Moreno-Las Talitas,Bib.Pop. Manuel Lizondo Borda,4 s/n 0,-26.776849,-65.21021,Biblioteca Popular
90,Tucumán,Yerba Buena,Bib.Pop. La Randa,Charcas 835,-26.82215,-65.3062,Biblioteca Popular
2,Ciudad Autónoma de Buenos Aires,Ciudad Autonoma de Buenos Aires,Oihoy Casa Abierta,14 De Julio 426,-34.5883775,-58.4647175,Centro Cultural
2,Ciudad Autónoma de Buenos Aires,Ciudad Autonoma de Buenos Aires,Carpe Diem,15 De Noviembre De 1889 1774,-34.63153195,-58.39009233,Centro Cultural
2,Ciudad Autónoma de Buenos Aires,Ciudad Autonoma de Buenos Aires,Casa Cultural Victor Jara,24 De Noviembre 2273,-34.63710058,-58.40917746,Centro Cultural
2,Ciudad Autónoma de Buenos Aires,Ciudad Autonoma de Buenos Aires,El Tanque Cultural,Acassuso 6930,-34.53719,-58.51744842,Centro Cultural
2,Ciudad Autónoma de Buenos Aires,Ciudad Autonoma de Buenos Aires,Espacio Cultural Urbano,Acevedo 460,-34.5975936,-58.4399856,Centro Cultural
2,Ciudad Autónoma de Buenos Aires,Ciudad Autonoma de Buenos Aires,Emergente Club Almagro,Francisco Acuña de Figueroa 1030,-34.59883224,-58.42205133,Centro Cultural
2,Ciudad Autónoma de Buenos Aires,Ciudad Autonoma de Buenos Aires,La Casa De Teresa Israel,Francisco Acuña de Figueroa 795,-34.60177576,-58.42229637,Centro Cultural
2,Ciudad Autónoma de Buenos Aires,Ciudad Autonoma de Buenos Aires,Centro Cultural La Grieta,Adolfo Alsina 2143,-34.61175374,-58.39672426,Centro Cultural
2,Ciudad Autónoma de Buenos Aires,Ciudad Autonoma de Buenos Aires,Centro Cultural Raices,Agrelo 3045,-34.61724004,-58.40879856,Centro Cultural
2,Ciudad Autónoma de Buenos Aires,Ciudad Autonoma de Buenos Aires,Alcarajo Centro Cultural,Agrelo 4019,-34.61897073,-58.42285749,Centro Cultural
2,Ciudad Autónoma de Buenos Aires,Ciudad Autonoma de Buenos Aires,Centro Cultural Atlantix,Aguero 1215,-34.59548671,-58.40947801,Centro Cultural
2,Ciudad Autónoma de Buenos Aires,Ciudad Autonoma de Buenos Aires,Cc Molokai,Agüero 250,-34.6068255,-58.41257968,Centro Cultural
2,Ciudad Autónoma de Buenos Aires,Ciudad Autonoma de Buenos Aires,Mi Casa,Aguero 793,-34.60074593,-58.41086341,Centro Cultural
2,Ciudad Autónoma de Buenos Aires,Ciudad Autonoma de Buenos Aires,Espacio Cafferana 86,Agustín Cafferena 86,-34.62967546,-58.35704516,Centro Cultural
2,Ciudad Autónoma de Buenos Aires,Ciudad Autonoma de Buenos Aires,La Casona De Los Amigos,Alberdi. Juan Bautista Av. 2020,-34.62974973,-58.45670688,Centro Cultural
2,Ciudad Autónoma de Buenos Aires,Ciudad Autonoma de Buenos Aires,La Casa De Luca Prodan,Alsina. Adolfo 451,-34.6101508,-58.3726318,Centro Cultural
2,Ciudad Autónoma de Buenos Aires,Ciudad Autonoma de Buenos Aires,Club 921,Alsina. Adolfo 921,-34.6106232,-58.3794506,Centro Cultural
2,Ciudad Autónoma de Buenos Aires,Ciudad Autonoma de Buenos Aires,Centro Cultural Mamita,Alvarez Thomas Av. 487,-34.5808477,-58.4497989,Centro Cultural
2,Ciudad Autónoma de Buenos Aires,Ciudad Autonoma de Buenos Aires,Espacio Simona,Alvarez Thomas Av. 661,-34.58019285,-58.45156953,Centro Cultural
2,Ciudad Autónoma de Buenos Aires,Ciudad Autonoma de Buenos Aires,Casa Jache,Aranguren. Juan F.. Dr. 213,-34.610917,-58.4340863,Centro Cultural
2,Ciudad Autónoma de Buenos Aires,Ciudad Autonoma de Buenos Aires,Centro Cultural Che Pugliese,Araoz 234,-34.60100673,-58.43891824,Centro Cultural
2,Ciudad Autónoma de Buenos Aires,Ciudad Autonoma de Buenos Aires,Casa De Arcos,Arcos 2889,-34.55303781,-58.46014493,Centro Cultural
2,Ciudad Autónoma de Buenos Aires,Ciudad Autonoma de Buenos Aires,Centro Cultural Manuel Ugarte,Argerich 3128,-34.60028,-58.49233,Centro Cultural
2,Ciudad Autónoma de Buenos Aires,Ciudad Autonoma de Buenos Aires,Espacio Cultural Resurgimiento,Artigas. Jose Gervasio. Gral. 2262,-34.6065356,-58.4781477,Centro Cultural
2,Ciudad Autónoma de Buenos Aires,Ciudad Autonoma de Buenos Aires,Teatrarte,Asuncion 4168,-34.6017702,-58.5125116,Centro Cultural
2,Ciudad Autónoma de Buenos Aires,Ciudad Autonoma de Buenos Aires,"Centro Cultural ""MALVINAS ARGENTINAS""",Av. de los Corrales 7228,-34.66761,-58.50566,Centro Cultural
2,Ciudad Autónoma de Buenos Aires,Ciudad Autonoma de Buenos Aires,Centro Cultural Din,Avalos 1090,-34.58721112,-58.47453153,Centro Cultural
2,Ciudad Autónoma de Buenos Aires,Ciudad Autonoma de Buenos Aires,El Cultural Masala,Avalos 1210,-34.58617946,-58.47624287,Centro Cultural
2,Ciudad Autónoma de Buenos Aires,Ciudad Autonoma de Buenos Aires,La Instalacion,Avalos 1238,-34.5859273,-58.4764826,Centro Cultural
2,Ciudad Autónoma de Buenos Aires,Ciudad Autonoma de Buenos Aires,Dumont,Ayacucho 920,-34.5983856,-58.3959801,Centro Cultural
2,Ciudad Autónoma de Buenos Aires,Ciudad Autonoma de Buenos Aires,Estación De Los Deseos,Bacacay 1626,-34.62252853,-58.45414202,Centro Cultural
2,Ciudad Autónoma de Buenos Aires,Ciudad Autonoma de Buenos Aires,Espacio Cultural Dinamo,Baldomero Fernández Moreno 1565,-34.6328174,-58.4477471,Centro Cultural
2,Ciudad Autónoma de Buenos Aires,Ciudad Autonoma de Buenos Aires,Fundacion Hastinapura,"Beiro, Av.  4915",-34.6106786,-58.5197803,Centro Cultural
2,Ciudad Autónoma de Buenos Aires,Ciudad Autonoma de Buenos Aires,E.C.U Espacio Cultural Uocra,Belgrano Av. 1870,-34.61397365,-58.39267616,Centro Cultural
2,Ciudad Autónoma de Buenos Aires,Ciudad Autonoma de Buenos Aires,Casa Belgrado,"Belgrano, Av.  2915",-34.61485563,-58.40754174,Centro Cultural
2,Ciudad Autónoma de Buenos Aires,Ciudad Autonoma de Buenos Aires,CENTRO CULTURAL ASOCIACIÓN MUTUAL HOMERO MANZI,"Belgrano, Av. 3540",-34.6158,-58.41623,Centro Cultural
2,Ciudad Autónoma de Buenos Aires,Ciudad Autonoma de Buenos Aires,Besares Club De Cultura,Besares 1840,-34.5425479,-58.4654744,Centro Cultural
2,Ciudad Autónoma de Buenos Aires,Ciudad Autonoma de Buenos Aires,Espacio Cultural Centro Comunitario Juanito Laguna,Besares 3923,-34.55139,-58.4857,Centro Cultural
2,Ciudad Autónoma de Buenos Aires,Ciudad Autonoma de Buenos Aires,Asociacion Civil Centro Cultural Deodoro Roca,Billinghurst 385,-34.60594312,-58.4160237,Centro Cultural
2,Ciudad Autónoma de Buenos Aires,Ciudad Autonoma de Buenos Aires,Kowalski Club De Cultura,Billinghurst 835,-34.6003432,-58.41500326,Centro Cultural
2,Ciudad Autónoma de Buenos Aires,Ciudad Autonoma de Buenos Aires,Ritmos Sabrosos,Boedo Av. 1886,-34.63585049,-58.41609015,Centro Cultural
2,Ciudad Autónoma de Buenos Aires,Ciudad Autonoma de Buenos Aires,Centro Cultural Gran Sur,Boedo Av. 1993,-34.63732637,-58.41627989,Centro Cultural
2,Ciudad Autónoma de Buenos Aires,Ciudad Autonoma de Buenos Aires,La Madriguera,"Boedo, Av. 1223",-34.6197976,-58.416599,Centro Cultural
2,Ciudad Autónoma de Buenos Aires,Ciudad Autonoma de Buenos Aires,Centro Cultural El Surco,"Boedo, Av. 830",-34.62296575,-58.41619125,Centro Cultural
2,Ciudad Autónoma de Buenos Aires,Ciudad Autonoma de Buenos Aires,Bolivar 852,Bolivar 852,-34.61779897,-58.37302588,Centro Cultural
2,Ciudad Autónoma de Buenos Aires,Ciudad Autonoma de Buenos Aires,Espacio Boliv.ar,Bolivar y Mexico,-34.6075682,-58.4370894,Centro Cultural
2,Ciudad Autónoma de Buenos Aires,Ciudad Autonoma de Buenos Aires,Dragon,Bonpland 1690,-34.5834781,-58.4375735,Centro Cultural
2,Ciudad Autónoma de Buenos Aires,Ciudad Autonoma de Buenos Aires,Casa Cultural Pepa Noia,Brasil 444,-34.62545476,-58.37180888,Centro Cultural
2,Ciudad Autónoma de Buenos Aires,Ciudad Autonoma de Buenos Aires,Paprika,Bulnes 1757,-34.59135925,-58.41467442,Centro Cultural
2,Ciudad Autónoma de Buenos Aires,Ciudad Autonoma de Buenos Aires,Espacio Moebius,Bulnes 658,-34.603951,-58.4181696,Centro Cultural
2,Ciudad Autónoma de Buenos Aires,Ciudad Autonoma de Buenos Aires,El Desparrame,Cabildo Av. 592,-34.5710718,-58.4428989,Centro Cultural
2,Ciudad Autónoma de Buenos Aires,Ciudad Autonoma de Buenos Aires,"Escuela Popular de Arte ""Esther Ballestrino""",Caboto 1379,-34.63515,-58.3542,Centro Cultural
2,Ciudad Autónoma de Buenos Aires,Ciudad Autonoma de Buenos Aires,Casa Cultural De Anibal Troilo Multiespacio Cultural,Cabrera. Jose A. 2937,-34.5969269,-58.4080563,Centro Cultural
2,Ciudad Autónoma de Buenos Aires,Ciudad Autonoma de Buenos Aires,Casa De La Provincia De Buenos Aires,Callao Av. 237,-34.60632522,-58.39204795,Centro Cultural
2,Ciudad Autónoma de Buenos Aires,Ciudad Autonoma de Buenos Aires,CAMARGO 1020 ESPACIO DE ARTE,Camargo 1020,-34.59623,-58.44494,Centro Cultural
2,Ciudad Autónoma de Buenos Aires,Ciudad Autonoma de Buenos Aires,Club Premier,Campichuelo 472,-34.6119034,-58.4352041,Centro Cultural
2,Ciudad Autónoma de Buenos Aires,Ciudad Autonoma de Buenos Aires,Auditorio ATE Capital,Carlos Calvo 1378,-34.61992773,-58.38545103,Centro Cultural
2,Ciudad Autónoma de Buenos Aires,Ciudad Autonoma de Buenos Aires,Ideas Descabelladas,Carlos Calvo 3776,-34.62466944,-58.41828734,Centro Cultural
2,Ciudad Autónoma de Buenos Aires,Ciudad Autonoma de Buenos Aires,Centro Kultural Trivenchi,Caseros Av. 1712,-34.63312224,-58.38611955,Centro Cultural
2,Ciudad Autónoma de Buenos Aires,Ciudad Autonoma de Buenos Aires,Espacio Cultural Del Sur,Caseros Av. 1750,-34.63331362,-58.38681247,Centro Cultural
2,Ciudad Autónoma de Buenos Aires,Ciudad Autonoma de Buenos Aires,Centro Cultural El Cantaro,Caseros Av. 2516,-34.63575986,-58.39769363,Centro Cultural
2,Ciudad Autónoma de Buenos Aires,Ciudad Autonoma de Buenos Aires,El Mas Aca Club Cultural,Caseros Av. 514,-34.6268633,-58.3728321,Centro Cultural
2,Ciudad Autónoma de Buenos Aires,Ciudad Autonoma de Buenos Aires,Centro Cultural G.I.T.,Castro Barros 1046,-34.6250525,-58.418944,Centro Cultural
2,Ciudad Autónoma de Buenos Aires,Ciudad Autonoma de Buenos Aires,Centro Cultural Comunarte,CASTRO BARROS 236,-34.615067,-58.420163,Centro Cultural
2,Ciudad Autónoma de Buenos Aires,Ciudad Autonoma de Buenos Aires,La Conversa,Castro Barros 809,-34.62139651,-58.41941886,Centro Cultural
2,Ciudad Autónoma de Buenos Aires,Ciudad Autonoma de Buenos Aires,Sigue La Polilla,Castro Barros 878,-34.6224465,-58.41925243,Centro Cultural
2,Ciudad Autónoma de Buenos Aires,Ciudad Autonoma de Buenos Aires,Fundación Naum Knop,Catamarca 1747,-34.63076659,-58.40222567,Centro Cultural
2,Ciudad Autónoma de Buenos Aires,Ciudad Autonoma de Buenos Aires,Cátulo. Casa Cultural,Cátulo Castillo 2480,-34.63226,-58.39836,Centro Cultural
2,Ciudad Autónoma de Buenos Aires,Ciudad Autonoma de Buenos Aires,Universidad Popular de Belgrano Alfredo Fazio y Biblioteca Popular,Céspedes 3929,-34.5836,-58.45774,Centro Cultural
2,Ciudad Autónoma de Buenos Aires,Ciudad Autonoma de Buenos Aires,Dottore Malatesta,Chacabuco 917,-34.6187692,-58.37589,Centro Cultural
2,Ciudad Autónoma de Buenos Aires,Ciudad Autonoma de Buenos Aires,Espacio Cultural Eureka,Charcas 4335,-34.58344181,-58.42336841,Centro Cultural
2,Ciudad Autónoma de Buenos Aires,Ciudad Autonoma de Buenos Aires,La Arena,Charcas 5058,-34.5789274,-58.4296485,Centro Cultural
2,Ciudad Autónoma de Buenos Aires,Ciudad Autonoma de Buenos Aires,Centro Cultural Traicionalista El Fortin De Celia Rocha,Chascomus 5240,-34.6516615,-58.49384325,Centro Cultural
2,Ciudad Autónoma de Buenos Aires,Ciudad Autonoma de Buenos Aires,Espacio Cultural Benigno,Chiclana Av. 3045,-34.6309704,-58.407166,Centro Cultural
2,Ciudad Autónoma de Buenos Aires,Ciudad Autonoma de Buenos Aires,CECAM - Centro Cultural de las Artes del Movimiento,Chile 2958,-34.61896,-58.40723,Centro Cultural
2,Ciudad Autónoma de Buenos Aires,Ciudad Autonoma de Buenos Aires,Cangrejos Centro Cultural,Ciudad De La Paz 123,-34.57575682,-58.43925945,Centro Cultural
2,Ciudad Autónoma de Buenos Aires,Ciudad Autonoma de Buenos Aires,CENTRO DE DESARROLLO DEL TANGO Y LA CULTURA RIOPLATENSE,Cochabamba 2536,-34.62506987,-58.40081501,Centro Cultural
2,Ciudad Autónoma de Buenos Aires,Ciudad Autonoma de Buenos Aires,Centro Arzuano Mellidense - Cam -,Cochabamba 3245,-34.6263472,-58.4110983,Centro Cultural
2,Ciudad Autónoma de Buenos Aires,Ciudad Autonoma de Buenos Aires,CASA DE LA CULTURA LOS COMPADRES DEL HORIZONTE,COMBATE DE LOS POZOS 1986,-34.6096004,-58.3933913,Centro Cultural
2,Ciudad Autónoma de Buenos Aires,Ciudad Autonoma de Buenos Aires,Conservatorio Grassi Urquiza,Combatientes De Malvinas Av. 3562,-34.57836845,-58.47698396,Centro Cultural
2,Ciudad Autónoma de Buenos Aires,Ciudad Autonoma de Buenos Aires,Latinoamericana Comunicacion Capacitacion Cultura,Congreso 2361,-34.555143,-58.4620021,Centro Cultural
2,Ciudad Autónoma de Buenos Aires,Ciudad Autonoma de Buenos Aires,Complejo Artmedia,Córdoba 6271,-34.59106732,-58.44816642,Centro Cultural
2,Ciudad Autónoma de Buenos Aires,Ciudad Autonoma de Buenos Aires,Feliza Cultura Arcoiris,Córdoba Av. 3271,-34.5978731,-58.4128445,Centro Cultural
2,Ciudad Autónoma de Buenos Aires,Ciudad Autonoma de Buenos Aires,Vuela El Pez,Córdoba Av. 4379,-34.5955917,-58.4277851,Centro Cultural
2,Ciudad Autónoma de Buenos Aires,Ciudad Autonoma de Buenos Aires,El Arbol Cultural (Sas) / La Casa Del Arbol,"Córdoba, Av. 5217/9",-34.5778077,-58.4289714,Centro Cultural
2,Ciudad Autónoma de Buenos Aires,Ciudad Autonoma de Buenos Aires,Centro Cultural Chilavert Recupera,Coronel Martiniano Chilavert 1136,-34.64208882,-58.4243536,Centro Cultural
2,Ciudad Autónoma de Buenos Aires,Ciudad Autonoma de Buenos Aires,Azucar De Artes Y Danzas Argentinas Afro Y Centroamericanas,Corrientes Av. 3330,-34.60418654,-58.4123952,Centro Cultural
2,Ciudad Autónoma de Buenos Aires,Ciudad Autonoma de Buenos Aires,Fundacion Hastinapura,Corrientes Av. 4608,-34.6023287,-58.43031006,Centro Cultural
2,Ciudad Autónoma de Buenos Aires,Ciudad Autonoma de Buenos Aires,La Quince Espacio Cultural,Corrientes Av. 5426,-34.59794553,-58.44100774,Centro Cultural
2,Ciudad Autónoma de Buenos Aires,Ciudad Autonoma de Buenos Aires,Centro Cultural de la Cooperación - CCC -,"Corrientes, Av. 1543",-34.604146,-58.388526,Centro Cultural
2,Ciudad Autónoma de Buenos Aires,Ciudad Autonoma de Buenos Aires,Centro Cultural Buda Bar,Costa Rica 4659,-34.5883184,-58.4266971,Centro Cultural
2,Ciudad Autónoma de Buenos Aires,Ciudad Autonoma de Buenos Aires,Espacio Valeu,Costa Rica 4929,-34.5864932,-58.4294274,Centro Cultural
2,Ciudad Autónoma de Buenos Aires,Ciudad Autonoma de Buenos Aires,Shambala,Costa Rica 5673,-34.5820934,-58.4353197,Centro Cultural
2,Ciudad Autónoma de Buenos Aires,Ciudad Autonoma de Buenos Aires,Centro Cultural Plan B,De Los Incas Av. 4544,-34.58176899,-58.47485696,Centro Cultural
2,Ciudad Autónoma de Buenos Aires,Ciudad Autonoma de Buenos Aires,Espacio Cultural Defensa,Defensa 535,-34.61414852,-58.37186686,Centro Cultural
2,Ciudad Autónoma de Buenos Aires,Ciudad Autonoma de Buenos Aires,Centro Cultural de la Memoria Haroldo Conti,"Del Libertador, Av. 8151",-34.5400103,-58.46397707,Centro Cultural
2,Ciudad Autónoma de Buenos Aires,Ciudad Autonoma de Buenos Aires,Beethoven Cafe Bar,Directorio Av. 964,-34.62912038,-58.44085667,Centro Cultural
2,Ciudad Autónoma de Buenos Aires,Ciudad Autonoma de Buenos Aires,Espacio Cultural Chacra De Los Remedios,Directorio Av. Y Lacarra,-34.6412976,-58.4799277,Centro Cultural
2,Ciudad Autónoma de Buenos Aires,Ciudad Autonoma de Buenos Aires,Munar,Don Pedro De Mendoza Av 1555,-34.63753384,-58.35672898,Centro Cultural
2,Ciudad Autónoma de Buenos Aires,Ciudad Autonoma de Buenos Aires,Casa Brandon,Drago. Luis Maria 236,-34.6019197,-58.4368654,Centro Cultural
2,Ciudad Autónoma de Buenos Aires,Ciudad Autonoma de Buenos Aires,Espacio37,El Salvador 4607,-34.590003,-58.4261291,Centro Cultural
2,Ciudad Autónoma de Buenos Aires,Ciudad Autonoma de Buenos Aires,"ANDUMA, ESPACIO CULTURAL",Escalada de San Martín 4553,-34.5999606,-58.4495972,Centro Cultural
2,Ciudad Autónoma de Buenos Aires,Ciudad Autonoma de Buenos Aires,La Paternal Espacio Proyecto,Espinosa 2672,-34.60060512,-58.46946284,Centro Cultural
2,Ciudad Autónoma de Buenos Aires,Ciudad Autonoma de Buenos Aires,Casa Dasein,Estado De Israel Av. 4116,-34.59790803,-58.42370978,Centro Cultural
2,Ciudad Autónoma de Buenos Aires,Ciudad Autonoma de Buenos Aires,Centro Cultural El Ph,Estado De Palestina 738,-34.6021319,-58.4256151,Centro Cultural
2,Ciudad Autónoma de Buenos Aires,Ciudad Autonoma de Buenos Aires,Espacio Saoco,Estado De Palestina 933,-34.59987689,-58.42519259,Centro Cultural
2,Ciudad Autónoma de Buenos Aires,Ciudad Autonoma de Buenos Aires,Cdca,Estados Unidos 425,-34.61843822,-58.37180302,Centro Cultural
2,Ciudad Autónoma de Buenos Aires,Ciudad Autonoma de Buenos Aires,Otra Historia,Estomba 851,-34.5834109,-58.4647887,Centro Cultural
2,Ciudad Autónoma de Buenos Aires,Ciudad Autonoma de Buenos Aires,Club Cultural Malvinas Argentinas,Eva Perón 1930,-34.660961,-58.4839289,Centro Cultural
2,Ciudad Autónoma de Buenos Aires,Ciudad Autonoma de Buenos Aires,Despierta,Federico Lacroze 3578,-34.58121458,-58.45130354,Centro Cultural
2,Ciudad Autónoma de Buenos Aires,Ciudad Autonoma de Buenos Aires,Casa De Cultura Y Politica Sofia Yussen - Casa Sofia,Fitz Roy 1327,-34.58732097,-58.43978931,Centro Cultural
2,Ciudad Autónoma de Buenos Aires,Ciudad Autonoma de Buenos Aires,Buenos Aires Dance Club,Florida 550,-34.6016927,-58.37535414,Centro Cultural
2,Ciudad Autónoma de Buenos Aires,Ciudad Autonoma de Buenos Aires,Enjambre,Francisco Acuña De Figueroa  1656,-34.5922385,-58.4207377,Centro Cultural
2,Ciudad Autónoma de Buenos Aires,Ciudad Autonoma de Buenos Aires,Xua Espacio Cultural,Freire 1424,-34.57309,-58.45717,Centro Cultural
2,Ciudad Autónoma de Buenos Aires,Ciudad Autonoma de Buenos Aires,El Emergente Abasto,Gallo 333,-34.60471385,-58.41326264,Centro Cultural
2,Ciudad Autónoma de Buenos Aires,Ciudad Autonoma de Buenos Aires,Casa Colombo,Gallo 557,-34.60277234,-58.41280358,Centro Cultural
2,Ciudad Autónoma de Buenos Aires,Ciudad Autonoma de Buenos Aires,ESQUINA REBELDE,Gallo 769,-34.60073653,-58.41227039,Centro Cultural
2,Ciudad Autónoma de Buenos Aires,Ciudad Autonoma de Buenos Aires,Otro Lado,Gallo 769,-34.60076339,-58.41233674,Centro Cultural
2,Ciudad Autónoma de Buenos Aires,Ciudad Autonoma de Buenos Aires,La Brecha,"Garay, Juan De Av. 2900",-34.62925567,-58.40533161,Centro Cultural
2,Ciudad Autónoma de Buenos Aires,Ciudad Autonoma de Buenos Aires,Dulce,General Juan G.Lemos 299,-34.5882529,-58.4495569,Centro Cultural
2,Ciudad Autónoma de Buenos Aires,Ciudad Autonoma de Buenos Aires,Cumaco,Godoy Cruz 1725,-34.58736814,-58.43364317,Centro Cultural
2,Ciudad Autónoma de Buenos Aires,Ciudad Autonoma de Buenos Aires,Centro Cultural De La Ciencia - C3,Godoy Cruz 2270,-34.58298315,-58.42904505,Centro Cultural
2,Ciudad Autónoma de Buenos Aires,Ciudad Autonoma de Buenos Aires,Espacio Cultural Juan Rodo,Godoy Cruz 2655,-34.57925887,-58.42570636,Centro Cultural
2,Ciudad Autónoma de Buenos Aires,Ciudad Autonoma de Buenos Aires,Laboratorio De Festival,Gorriti 5741,-34.58381806,-58.43866223,Centro Cultural
2,Ciudad Autónoma de Buenos Aires,Ciudad Autonoma de Buenos Aires,Club Social Y Deportivo Yupanqui,Guamini 4512,-34.6840483,-58.481586,Centro Cultural
2,Ciudad Autónoma de Buenos Aires,Ciudad Autonoma de Buenos Aires,Jungla Habitat Cultural,Guardia Vieja 3580,-34.60191277,-58.41500159,Centro Cultural
2,Ciudad Autónoma de Buenos Aires,Ciudad Autonoma de Buenos Aires,Ladran Sancho,Guardia Vieja 3811,-34.60088501,-58.41807338,Centro Cultural
2,Ciudad Autónoma de Buenos Aires,Ciudad Autonoma de Buenos Aires,Vibra,Guardia Vieja 4085,-34.60051171,-58.42191103,Centro Cultural
2,Ciudad Autónoma de Buenos Aires,Ciudad Autonoma de Buenos Aires,The Monkeys,Guatemala 4462,-34.58810727,-58.42226396,Centro Cultural
2,Ciudad Autónoma de Buenos Aires,Ciudad Autonoma de Buenos Aires,El Quetzal,Guatemala 4516,-34.58775,-58.42278,Centro Cultural
2,Ciudad Autónoma de Buenos Aires,Ciudad Autonoma de Buenos Aires,Fundacion Hastinapura,Guayaquil 777,-34.6216606,-58.43913,Centro Cultural
2,Ciudad Autónoma de Buenos Aires,Ciudad Autonoma de Buenos Aires,Fundacion Hastinapura,Guemes 2981,-34.5919628,-58.408611,Centro Cultural
2,Ciudad Autónoma de Buenos Aires,Ciudad Autonoma de Buenos Aires,El Donn,Guemes 3825,-34.58703857,-58.4158694,Centro Cultural
2,Ciudad Autónoma de Buenos Aires,Ciudad Autonoma de Buenos Aires,Work,Gurruchaga 1830,-34.5878449,-58.4270201,Centro Cultural
2,Ciudad Autónoma de Buenos Aires,Ciudad Autonoma de Buenos Aires,Espacio Pichuco,Hipólito Yrigoyen 3824,-34.61472933,-58.42070797,Centro Cultural
2,Ciudad Autónoma de Buenos Aires,Ciudad Autonoma de Buenos Aires,Asociacion Calabresa Mutual Y Cultural,Hipolito Yrigoyen 3950,-34.61478784,-58.42241823,Centro Cultural
2,Ciudad Autónoma de Buenos Aires,Ciudad Autonoma de Buenos Aires,Feeling Multiespacio,Honduras 4648,-34.5912141,-58.4264688,Centro Cultural
2,Ciudad Autónoma de Buenos Aires,Ciudad Autonoma de Buenos Aires,Centro Cultural Richards,Honduras 5272,-34.58704309,-58.43263082,Centro Cultural
2,Ciudad Autónoma de Buenos Aires,Ciudad Autonoma de Buenos Aires,Mango,Honduras 5275,-34.58699954,-58.43261607,Centro Cultural
2,Ciudad Autónoma de Buenos Aires,Ciudad Autonoma de Buenos Aires,Congo Club Cultural,Honduras 5329,-34.5865949,-58.433119,Centro Cultural
2,Ciudad Autónoma de Buenos Aires,Ciudad Autonoma de Buenos Aires,La Herreria,Hugo. Victor 960,-34.63041412,-58.50968474,Centro Cultural
2,Ciudad Autónoma de Buenos Aires,Ciudad Autonoma de Buenos Aires,Casona Cultural Humahuaca,Humahuaca 3508,-34.60292999,-58.41450437,Centro Cultural
2,Ciudad Autónoma de Buenos Aires,Ciudad Autonoma de Buenos Aires,Urda Espacio Cultural,Humahuaca 4130,-34.60174118,-58.42287978,Centro Cultural
2,Ciudad Autónoma de Buenos Aires,Ciudad Autonoma de Buenos Aires,Celia Blanco,Humberto 1° 1783,-34.6215005,-58.3913064,Centro Cultural
2,Ciudad Autónoma de Buenos Aires,Ciudad Autonoma de Buenos Aires,Escape,Humberto 1° 623,-34.6207397,-58.3746888,Centro Cultural
2,Ciudad Autónoma de Buenos Aires,Ciudad Autonoma de Buenos Aires,Fundacion Mercedes Sosa,Humberto 1º 378,-34.6207092,-58.3732735,Centro Cultural
2,Ciudad Autónoma de Buenos Aires,Ciudad Autonoma de Buenos Aires,Chela,Iguazú 451,-34.64293841,-58.40599408,Centro Cultural
2,Ciudad Autónoma de Buenos Aires,Ciudad Autonoma de Buenos Aires,Centro Cultural Leopoldo Gonzalez,Independencia 446,-34.61727359,-58.37232433,Centro Cultural
2,Ciudad Autónoma de Buenos Aires,Ciudad Autonoma de Buenos Aires,Auditorio CTA Capital,Independencia 766,-34.61739352,-58.37688753,Centro Cultural
2,Ciudad Autónoma de Buenos Aires,Ciudad Autonoma de Buenos Aires,Jj Circuito Cultural,Jaures. Jean 347,-34.60598804,-58.40963211,Centro Cultural
2,Ciudad Autónoma de Buenos Aires,Ciudad Autonoma de Buenos Aires,Tano Cabrón,Jean Jaures 715,-34.60182,-58.40778,Centro Cultural
2,Ciudad Autónoma de Buenos Aires,Ciudad Autonoma de Buenos Aires,Espacio EK' arte.movimiento,Jorge Newbery y Guevara,-34.58693,-58.45021,Centro Cultural
2,Ciudad Autónoma de Buenos Aires,Ciudad Autonoma de Buenos Aires,Centro Cultural De La India Güngur,José A. Cabrera 4175,-34.59562834,-58.42456571,Centro Cultural
2,Ciudad Autónoma de Buenos Aires,Ciudad Autonoma de Buenos Aires,Espacio Cultural Marco Del Pont,Jose Gervasio. Gral. Artigas 202,-34.62744037,-58.46495333,Centro Cultural
2,Ciudad Autónoma de Buenos Aires,Ciudad Autonoma de Buenos Aires,La Escalera Espacio De Arte,Juan B. Justo 889,-34.5806999,-58.4289234,Centro Cultural
2,Ciudad Autónoma de Buenos Aires,Ciudad Autonoma de Buenos Aires,Doup,Juan B. Justo Av. 2261,-34.5925845,-58.443625,Centro Cultural
2,Ciudad Autónoma de Buenos Aires,Ciudad Autonoma de Buenos Aires,Centro Cultural Nuestra América,Juan Domingo Peron 3390,-34.60724854,-58.41455153,Centro Cultural
2,Ciudad Autónoma de Buenos Aires,Ciudad Autonoma de Buenos Aires,Centro Cultural Teatro Fray Mocho,Juan Domingo Peron 3644,-34.606844,-58.417838,Centro Cultural
2,Ciudad Autónoma de Buenos Aires,Ciudad Autonoma de Buenos Aires,Casailda,Julián Alvarez 1861,-34.5904491,-58.4207049,Centro Cultural
2,Ciudad Autónoma de Buenos Aires,Ciudad Autonoma de Buenos Aires,Chana - Usina Juan Gelman,Julian Alvarez Y Warnes,-34.60305477,-58.4399486,Centro Cultural
2,Ciudad Autónoma de Buenos Aires,Ciudad Autonoma de Buenos Aires,Centro Cultural Recoleta,Junin 1930,-34.587068,-58.391788,Centro Cultural
2,Ciudad Autónoma de Buenos Aires,Ciudad Autonoma de Buenos Aires,Casa Rock,Justo. Juan B. Av. 1477,-34.5851021,-58.4345889,Centro Cultural
2,Ciudad Autónoma de Buenos Aires,Ciudad Autonoma de Buenos Aires,Gorriti Art Center,Justo. Juan B. Av. 1617,-34.58610296,-58.43594605,Centro Cultural
2,Ciudad Autónoma de Buenos Aires,Ciudad Autonoma de Buenos Aires,El Ceibo - Espacio Cultural,Justo. Juan B. Av. 5495,-34.61590149,-58.47393853,Centro Cultural
2,Ciudad Autónoma de Buenos Aires,Ciudad Autonoma de Buenos Aires,Espacio Sueños,La Plata Av. 1255,-34.62993155,-58.42619158,Centro Cultural
2,Ciudad Autónoma de Buenos Aires,Ciudad Autonoma de Buenos Aires,Centro Barrial y Cultural La Bonavena,La Rioja 1763,-34.63146451,-58.40636439,Centro Cultural
2,Ciudad Autónoma de Buenos Aires,Ciudad Autonoma de Buenos Aires,La Confiteria,Lacroze. Federico Av. 2963,-34.5754115,-58.448152,Centro Cultural
2,Ciudad Autónoma de Buenos Aires,Ciudad Autonoma de Buenos Aires,Espacio La Tribu,Lambare 873,-34.60464264,-58.4304482,Centro Cultural
2,Ciudad Autónoma de Buenos Aires,Ciudad Autonoma de Buenos Aires,Centro Cultural No Me Olvides,Lavalleja 1008,-34.59722399,-58.42885145,Centro Cultural
2,Ciudad Autónoma de Buenos Aires,Ciudad Autonoma de Buenos Aires,Espacio Marechal,Leopoldo Marechal 1160,-34.60500244,-58.43976591,Centro Cultural
2,Ciudad Autónoma de Buenos Aires,Ciudad Autonoma de Buenos Aires,Espacio Cultural Almagro,Llavalle 3946,-34.59852713,-58.42129426,Centro Cultural
2,Ciudad Autónoma de Buenos Aires,Ciudad Autonoma de Buenos Aires,Deira,Lope De Vega Av. 964,-34.63004784,-58.50406263,Centro Cultural
2,Ciudad Autónoma de Buenos Aires,Ciudad Autonoma de Buenos Aires,Espacio Salvo,Luis Viale 89,-34.60211973,-58.44385231,Centro Cultural
2,Ciudad Autónoma de Buenos Aires,Ciudad Autonoma de Buenos Aires,Luzuriaga Club Social,Luzuriaga 348,-34.6382908,-58.3884594,Centro Cultural
2,Ciudad Autónoma de Buenos Aires,Ciudad Autonoma de Buenos Aires,Poncho Club Cultural,Marechal. Leopoldo 1219,-34.604266,-58.440146,Centro Cultural
2,Ciudad Autónoma de Buenos Aires,Ciudad Autonoma de Buenos Aires,ARQUEOTERRA,Mariano Acha 1964,-34.57472,-58.47503,Centro Cultural
2,Ciudad Autónoma de Buenos Aires,Ciudad Autonoma de Buenos Aires,Wara Wara,Martinez Rosas 969,-34.59987657,-58.44836801,Centro Cultural
2,Ciudad Autónoma de Buenos Aires,Ciudad Autonoma de Buenos Aires,Galpon Cultural El Hueco,Maturín 2439,-34.59992301,-58.4609152,Centro Cultural
2,Ciudad Autónoma de Buenos Aires,Ciudad Autonoma de Buenos Aires,Casa Maza,Maza 1160,-34.62494556,-58.41465448,Centro Cultural
2,Ciudad Autónoma de Buenos Aires,Ciudad Autonoma de Buenos Aires,La Minga Club Cultural,Maza 1165,-34.62503,-58.41485,Centro Cultural
2,Ciudad Autónoma de Buenos Aires,Ciudad Autonoma de Buenos Aires,Las Mil Y Un Artes Centro Cultural,Medrano 645,-34.60254744,-58.42079997,Centro Cultural
2,Ciudad Autónoma de Buenos Aires,Ciudad Autonoma de Buenos Aires,Batacazo Cultural,Medrano Av. 627,-34.6027045,-58.4208235,Centro Cultural
2,Ciudad Autónoma de Buenos Aires,Ciudad Autonoma de Buenos Aires,Espacio Cultural Lineas De Fuga,Melincue 4276,-34.60992549,-58.50551937,Centro Cultural
2,Ciudad Autónoma de Buenos Aires,Ciudad Autonoma de Buenos Aires,Centro Cultural La Estrada,Mexico 2849,-34.6176116,-58.4060916,Centro Cultural
2,Ciudad Autónoma de Buenos Aires,Ciudad Autonoma de Buenos Aires,Bonus Truck,Mexico 3659,-34.6198109,-58.4174445,Centro Cultural
2,Ciudad Autónoma de Buenos Aires,Ciudad Autonoma de Buenos Aires,Cacuca,Moldes 807,-34.57182844,-58.44874333,Centro Cultural
2,Ciudad Autónoma de Buenos Aires,Ciudad Autonoma de Buenos Aires,Casa Clorinda,Monroe 4831,-34.5723509,-58.4831042,Centro Cultural
2,Ciudad Autónoma de Buenos Aires,Ciudad Autonoma de Buenos Aires,Nueva Caledonia,"Montes De Oca, Manuel Av.",-34.63943042,-58.37453077,Centro Cultural
2,Ciudad Autónoma de Buenos Aires,Ciudad Autonoma de Buenos Aires,La Paz Arriba,Montevideo 421,-34.60398484,-58.38936315,Centro Cultural
2,Ciudad Autónoma de Buenos Aires,Ciudad Autonoma de Buenos Aires,Cultural Moran,Moran. Pedro 2147,-34.587331,-58.4875811,Centro Cultural
2,Ciudad Autónoma de Buenos Aires,Ciudad Autonoma de Buenos Aires,Estacion de los Deseos,Morelos 109,-34.62385126,-58.45354333,Centro Cultural
2,Ciudad Autónoma de Buenos Aires,Ciudad Autonoma de Buenos Aires,La Cazona De Flores,Moron 2453,-34.6223035,-58.4666805,Centro Cultural
2,Ciudad Autónoma de Buenos Aires,Ciudad Autonoma de Buenos Aires,Hunterbier De Pezzano Roberto Ariel,Newbery. Jorge Av. 3519,-34.5829884,-58.4490341,Centro Cultural
2,Ciudad Autónoma de Buenos Aires,Ciudad Autonoma de Buenos Aires,Leon Leon,Nicaragua 4432,-34.5894925,-58.4236136,Centro Cultural
2,Ciudad Autónoma de Buenos Aires,Ciudad Autonoma de Buenos Aires,Casa Rodolfo Walsh,Nicaragua 4441,-34.5893633,-58.4236025,Centro Cultural
2,Ciudad Autónoma de Buenos Aires,Ciudad Autonoma de Buenos Aires,Cultural Vivvo,Nicaragua 4462,-34.58929626,-58.42389613,Centro Cultural
2,Ciudad Autónoma de Buenos Aires,Ciudad Autonoma de Buenos Aires,Centro Cultural Sofía Gempel Arte,Nogoya 3455,-34.60520891,-58.49596924,Centro Cultural
2,Ciudad Autónoma de Buenos Aires,Ciudad Autonoma de Buenos Aires,Espacio Cultural Que Tren Que Tren,Olazábal 1784,-34.5662754,-58.4685789,Centro Cultural
2,Ciudad Autónoma de Buenos Aires,Ciudad Autonoma de Buenos Aires,Multiespacio La Comunidad Del Sotano / Comunidad Multiespacio,Oroño. Nicasio 2480,-34.5982899,-58.4598137,Centro Cultural
2,Ciudad Autónoma de Buenos Aires,Ciudad Autonoma de Buenos Aires,Laboratori Estudio,Otero 233,-34.59279208,-58.45260284,Centro Cultural
2,Ciudad Autónoma de Buenos Aires,Ciudad Autonoma de Buenos Aires,Laborando,Otero 246,-34.59282265,-58.45284663,Centro Cultural
2,Ciudad Autónoma de Buenos Aires,Ciudad Autonoma de Buenos Aires,Multiespacio Korova,Paraguay 4667,-34.583414,-58.425783,Centro Cultural
2,Ciudad Autónoma de Buenos Aires,Ciudad Autonoma de Buenos Aires,Club De Musica,Paraguay 5519,-34.5768242,-58.4341985,Centro Cultural
2,Ciudad Autónoma de Buenos Aires,Ciudad Autonoma de Buenos Aires,Stand Up Club,Paraná 1021,-34.5968,-58.38824,Centro Cultural
2,Ciudad Autónoma de Buenos Aires,Ciudad Autonoma de Buenos Aires,Centro Cultural de España en Buenos Aires,Paraná 1159,-34.59507,-58.38823,Centro Cultural
2,Ciudad Autónoma de Buenos Aires,Ciudad Autonoma de Buenos Aires,La Scala De San Telmo,Pasaje Giuffra 371,-34.6178073,-58.3712137,Centro Cultural
2,Ciudad Autónoma de Buenos Aires,Ciudad Autonoma de Buenos Aires,La Casa Roja,Pasaje Honorio Leguizamon 3726,-34.5678665,-58.48770251,Centro Cultural
2,Ciudad Autónoma de Buenos Aires,Ciudad Autonoma de Buenos Aires,Area 623,Pasco 623,-34.61645,-58.39779,Centro Cultural
2,Ciudad Autónoma de Buenos Aires,Ciudad Autonoma de Buenos Aires,Multiespacio Pasco,Pasco 689,-34.61715189,-58.39769011,Centro Cultural
2,Ciudad Autónoma de Buenos Aires,Ciudad Autonoma de Buenos Aires,ESPACIO EL ZONKO,"Pavón, Av. 2552",-34.6301615,-58.4158891,Centro Cultural
2,Ciudad Autónoma de Buenos Aires,Ciudad Autonoma de Buenos Aires,Ame Triglav,Peralta 1458,-34.62175967,-58.52928097,Centro Cultural
2,Ciudad Autónoma de Buenos Aires,Ciudad Autonoma de Buenos Aires,Asoc. Civil La Bombocova,Perdriel 449,-34.63848045,-58.38665846,Centro Cultural
2,Ciudad Autónoma de Buenos Aires,Ciudad Autonoma de Buenos Aires,Centro Cultural Adan Buenos Aires,Peron. Eva Av. 1400,-34.63287073,-58.44471219,Centro Cultural
2,Ciudad Autónoma de Buenos Aires,Ciudad Autonoma de Buenos Aires,Espacio Cultural San Andres,Peru 352,-34.61221242,-58.37471016,Centro Cultural
2,Ciudad Autónoma de Buenos Aires,Ciudad Autonoma de Buenos Aires,Clasico Fernandez,Piedras 1020,-34.61997003,-58.3772266,Centro Cultural
2,Ciudad Autónoma de Buenos Aires,Ciudad Autonoma de Buenos Aires,El Universal,Pje. Pablo Soria 4940,-34.5894264,-58.4323086,Centro Cultural
2,Ciudad Autónoma de Buenos Aires,Ciudad Autonoma de Buenos Aires,Centro Cultural Vamos A Andar,Pres. Ramón Castillo Av,-34.5801613,-58.3830649,Centro Cultural
2,Ciudad Autónoma de Buenos Aires,Ciudad Autonoma de Buenos Aires,REDUCI- MUTUALIDAD ITALIANA DE EX COMBATIENTES,Presidente Luis Sáenz Peña 1442,-34.625387,-58.38705786,Centro Cultural
2,Ciudad Autónoma de Buenos Aires,Ciudad Autonoma de Buenos Aires,Club Cultural Matienzo,Pringles 1249,-34.59732357,-58.42630148,Centro Cultural
2,Ciudad Autónoma de Buenos Aires,Ciudad Autonoma de Buenos Aires,Estudio Kalo,Puán 481,-34.62827,-58.44682,Centro Cultural
2,Ciudad Autónoma de Buenos Aires,Ciudad Autonoma de Buenos Aires,Espacio Pujol,Pujol 1110,-34.60973823,-58.45120406,Centro Cultural
2,Ciudad Autónoma de Buenos Aires,Ciudad Autonoma de Buenos Aires,IMPA Centro Cultural IMPA La Fábrica,Querandíes 4290,-34.611258,-58.427187,Centro Cultural
2,Ciudad Autónoma de Buenos Aires,Ciudad Autonoma de Buenos Aires,El Taller De Jacinto Espacio De Arte,Quinquela Martin. Benito 1201,-34.6427011,-58.3673207,Centro Cultural
2,Ciudad Autónoma de Buenos Aires,Ciudad Autonoma de Buenos Aires,Oceanario Club Cultural,Remedios de Escalada de San Martín 332,-34.60013055,-58.44977626,Centro Cultural
2,Ciudad Autónoma de Buenos Aires,Ciudad Autonoma de Buenos Aires,Complejo Cultural Sanidad,Republica Bolivariana De Venezuela 2255,-34.6149751,-58.3986715,Centro Cultural
2,Ciudad Autónoma de Buenos Aires,Ciudad Autonoma de Buenos Aires,Rincon Casa Cultural,Rincon 1330,-34.62457711,-58.39468162,Centro Cultural
2,Ciudad Autónoma de Buenos Aires,Ciudad Autonoma de Buenos Aires,Jaciento Oviedo,Riobamba 434,-34.60406026,-58.39394799,Centro Cultural
2,Ciudad Autónoma de Buenos Aires,Ciudad Autonoma de Buenos Aires,Planta Alta,Rivadavia Av. 7609,-34.6313889,-58.472555,Centro Cultural
2,Ciudad Autónoma de Buenos Aires,Ciudad Autonoma de Buenos Aires,Ter,Rivadavia Av. 8535,-34.6341842,-58.4838443,Centro Cultural
2,Ciudad Autónoma de Buenos Aires,Ciudad Autonoma de Buenos Aires,El Puente,Rivadavia Av. 9810,-34.6379429,-58.50231866,Centro Cultural
2,Ciudad Autónoma de Buenos Aires,Ciudad Autonoma de Buenos Aires,EspecialCultural Bar,"Rivadavia, Av. 1261",-34.60854,-58.38431,Centro Cultural
2,Ciudad Autónoma de Buenos Aires,Ciudad Autonoma de Buenos Aires,Espacio Cultural Tinta Roja,Roque Pérez 2910,-34.56119622,-58.47404239,Centro Cultural
2,Ciudad Autónoma de Buenos Aires,Ciudad Autonoma de Buenos Aires,La Chilinga,Ruiz Huidobro 4228,-34.5408086,-58.4639935,Centro Cultural
2,Ciudad Autónoma de Buenos Aires,Ciudad Autonoma de Buenos Aires,Comunes,,-34.61092523,-58.3887254,Centro Cultural
2,Ciudad Autónoma de Buenos Aires,Ciudad Autonoma de Buenos Aires,Casa Epuyen,,-34.6075682,-58.4370894,Centro Cultural
2,Ciudad Autónoma de Buenos Aires,Ciudad Autonoma de Buenos Aires,Casa Safiras,,-34.6075682,-58.4370894,Centro Cultural
2,Ciudad Autónoma de Buenos Aires,Ciudad Autonoma de Buenos Aires,Centro Cultural Maleza,,-34.6075682,-58.4370894,Centro Cultural
2,Ciudad Autónoma de Buenos Aires,Ciudad Autonoma de Buenos Aires,"La Peatonal, Espacio Cultural",,-34.6075682,-58.4370894,Centro Cultural
2,Ciudad Autónoma de Buenos Aires,Ciudad Autonoma de Buenos Aires,Zugarra Casa Cultural,,-34.61092523,-58.3887254,Centro Cultural
2,Ciudad Autónoma de Buenos Aires,Ciudad Autonoma de Buenos Aires,MAGMA,,-34.61092523,-58.3887254,Centro Cultural
2,Ciudad Autónoma de Buenos Aires,Ciudad Autonoma de Buenos Aires,Polo Bandoneon,Saenz Av. 1480,-34.65823322,-58.41605657,Centro Cultural
2,Ciudad Autónoma de Buenos Aires,Ciudad Autonoma de Buenos Aires,La Muda,Salta 611,-34.6156,-58.38326,Centro Cultural
2,Ciudad Autónoma de Buenos Aires,Ciudad Autonoma de Buenos Aires,921 Casa Cultural,San José De Calasanz 921,-34.63015128,-58.43685772,Centro Cultural
2,Ciudad Autónoma de Buenos Aires,Ciudad Autonoma de Buenos Aires,El Tipografico,San Juan Av. 3246,-34.62494295,-58.41114731,Centro Cultural
2,Ciudad Autónoma de Buenos Aires,Ciudad Autonoma de Buenos Aires,Fundacion Hastinapura,San Juan Av. 3679,-34.6255219,-58.4173197,Centro Cultural
2,Ciudad Autónoma de Buenos Aires,Ciudad Autonoma de Buenos Aires,La Bisagra,"San Juan, Av. 1826",-34.6228981,-58.3940945,Centro Cultural
2,Ciudad Autónoma de Buenos Aires,Ciudad Autonoma de Buenos Aires,Cusca Risun,San Lorenzo 365,-34.6166016,-58.3711252,Centro Cultural
2,Ciudad Autónoma de Buenos Aires,Ciudad Autonoma de Buenos Aires,Alter Ego,San Martin Av. 5759,-34.5965288,-58.4975951,Centro Cultural
2,Ciudad Autónoma de Buenos Aires,Ciudad Autonoma de Buenos Aires,Saldias Polo Cultural,San Pedro De Jujuy,-34.5743652,-58.400907,Centro Cultural
2,Ciudad Autónoma de Buenos Aires,Ciudad Autonoma de Buenos Aires,Otro Divague Espacio De Arte,Sanchez De Bustamante 136,-34.6080303,-58.4147202,Centro Cultural
2,Ciudad Autónoma de Buenos Aires,Ciudad Autonoma de Buenos Aires,Arte Xxi,Sanchez De Bustamante 158,-34.6077147,-58.4147429,Centro Cultural
2,Ciudad Autónoma de Buenos Aires,Ciudad Autonoma de Buenos Aires,Amarama Patio Cultural,Sanchez de Bustamante 543,-34.6035528,-58.4143322,Centro Cultural
2,Ciudad Autónoma de Buenos Aires,Ciudad Autonoma de Buenos Aires,Casa Gatica,Sanchez De Bustamante 551,-34.60347338,-58.41436226,Centro Cultural
2,Ciudad Autónoma de Buenos Aires,Ciudad Autonoma de Buenos Aires,Caff - Club Atletico Fernandez Fierro,Sanchez De Bustamante 722,-34.6015264,-58.4141308,Centro Cultural
2,Ciudad Autónoma de Buenos Aires,Ciudad Autonoma de Buenos Aires,Cultural Titi Rossi,Sanchez De Loria 695,-34.61800623,-58.41283561,Centro Cultural
2,Ciudad Autónoma de Buenos Aires,Ciudad Autonoma de Buenos Aires,Naranja Verde,"Santa Fe, Av. 1284",-34.59580508,-58.38538704,Centro Cultural
2,Ciudad Autónoma de Buenos Aires,Ciudad Autonoma de Buenos Aires,Cc Amigos De Eladia Blasquez,"Santa Fe, Av. 5362",-34.57537897,-58.435167,Centro Cultural
2,Ciudad Autónoma de Buenos Aires,Ciudad Autonoma de Buenos Aires,Casa El Mate,Santiago Del Estero 638,-34.61593732,-58.38435892,Centro Cultural
2,Ciudad Autónoma de Buenos Aires,Ciudad Autonoma de Buenos Aires,Centro Cultural San Martin,Sarmiento 1551,-34.6053678,-58.388585,Centro Cultural
2,Ciudad Autónoma de Buenos Aires,Ciudad Autonoma de Buenos Aires,Panda Rojo Espacio Cultural,Sarmiento 3096,-34.6067529,-58.40991132,Centro Cultural
2,Ciudad Autónoma de Buenos Aires,Ciudad Autonoma de Buenos Aires,Ciudad Cultural Konex,Sarmiento 3125,-34.606676,-58.410406,Centro Cultural
2,Ciudad Autónoma de Buenos Aires,Ciudad Autonoma de Buenos Aires,Centro Cultural Macedonia,Sarmiento 3632,-34.6057005,-58.41655138,Centro Cultural
2,Ciudad Autónoma de Buenos Aires,Ciudad Autonoma de Buenos Aires,Swing City,Scalabrini Ortiz 103,-34.60134246,-58.44096221,Centro Cultural
2,Ciudad Autónoma de Buenos Aires,Ciudad Autonoma de Buenos Aires,Ifa,Scalabrini Ortiz. Raul Av. 326,-34.5994928,-58.43835,Centro Cultural
2,Ciudad Autónoma de Buenos Aires,Ciudad Autonoma de Buenos Aires,Centro Cultural De Arte Y Movimiento - Baila Ba!,Scalabrini Ortiz. Raul Av. 540,-34.5981175,-58.4362014,Centro Cultural
2,Ciudad Autónoma de Buenos Aires,Ciudad Autonoma de Buenos Aires,Club Boddah,Serrano 1291,-34.59009247,-58.43216464,Centro Cultural
2,Ciudad Autónoma de Buenos Aires,Ciudad Autonoma de Buenos Aires,Asociacion Ucrania De Cultura Provista En La Republica Argentina,Soler 5039,-34.5843509,-58.4281124,Centro Cultural
2,Ciudad Autónoma de Buenos Aires,Ciudad Autonoma de Buenos Aires,Soria,Soria 5148,-34.5881733,-58.4323366,Centro Cultural
2,Ciudad Autónoma de Buenos Aires,Ciudad Autonoma de Buenos Aires,Sociedad Luz,Suarez 1301,-34.6381033,-58.3707579,Centro Cultural
2,Ciudad Autónoma de Buenos Aires,Ciudad Autonoma de Buenos Aires,Centro Ana Frank,Superí 2647,-34.56282,-58.47082,Centro Cultural
2,Ciudad Autónoma de Buenos Aires,Ciudad Autonoma de Buenos Aires,Tacuari Tango,Tacuari 1557,-34.62646866,-58.37759987,Centro Cultural
2,Ciudad Autónoma de Buenos Aires,Ciudad Autonoma de Buenos Aires,Tierra Violeta,Tacuari 538,-34.61450077,-58.3789243,Centro Cultural
2,Ciudad Autónoma de Buenos Aires,Ciudad Autonoma de Buenos Aires,La Casa,Tarija 3900,-34.62930985,-58.41928893,Centro Cultural
2,Ciudad Autónoma de Buenos Aires,Ciudad Autonoma de Buenos Aires,Cooperativa Cultural Qi,Thames 240,-34.5976238,-58.446262,Centro Cultural
2,Ciudad Autónoma de Buenos Aires,Ciudad Autonoma de Buenos Aires,La Senda,Thorne 493,-34.63038,-58.45058,Centro Cultural
2,Ciudad Autónoma de Buenos Aires,Ciudad Autonoma de Buenos Aires,Centro Cultural El Sueñero,Tomas Liberti 1133,-34.63160182,-58.3695674,Centro Cultural
2,Ciudad Autónoma de Buenos Aires,Ciudad Autonoma de Buenos Aires,Centro Cultural 25 De Mayo,Triunvirato 4444,-34.5761768,-58.48356807,Centro Cultural
2,Ciudad Autónoma de Buenos Aires,Ciudad Autonoma de Buenos Aires,Escash Espacio Cultural,Triunvirato 5786,-34.56522926,-58.49548772,Centro Cultural
2,Ciudad Autónoma de Buenos Aires,Ciudad Autonoma de Buenos Aires,Espacio Cultural Domus Artis,"Triunvirato, Av.   4307",-34.5772614,-58.4815295,Centro Cultural
2,Ciudad Autónoma de Buenos Aires,Ciudad Autonoma de Buenos Aires,Centro Cultural Nueva Uriarte,Uriarte 1289,-34.58968043,-58.43536079,Centro Cultural
2,Ciudad Autónoma de Buenos Aires,Ciudad Autonoma de Buenos Aires,Centro Cultural Ernesto Sabato,Uriburu 763,-34.620198,-58.410106,Centro Cultural
2,Ciudad Autónoma de Buenos Aires,Ciudad Autonoma de Buenos Aires,Espacio Dos Puntos,Uruguay 1223,-34.59421623,-58.38724711,Centro Cultural
2,Ciudad Autónoma de Buenos Aires,Ciudad Autonoma de Buenos Aires,Flores Solidario,Varela 336,-34.63354,-58.46356,Centro Cultural
2,Ciudad Autónoma de Buenos Aires,Ciudad Autonoma de Buenos Aires,La Turba,Varela Av. 503,-34.63557136,-58.46293421,Centro Cultural
2,Ciudad Autónoma de Buenos Aires,Ciudad Autonoma de Buenos Aires,Morris,Vega. Niceto. Cnel. Av. 5642,-34.58648247,-58.43981873,Centro Cultural
2,Ciudad Autónoma de Buenos Aires,Ciudad Autonoma de Buenos Aires,El Galpon,Vega. Niceto. Cnel. Av. 5976,-34.58399114,-58.44338857,Centro Cultural
2,Ciudad Autónoma de Buenos Aires,Ciudad Autonoma de Buenos Aires,Chau Che Clu,Velez Sarsfield Av. 216,-34.63680291,-58.39003747,Centro Cultural
2,Ciudad Autónoma de Buenos Aires,Ciudad Autonoma de Buenos Aires,Oliverio Girondo,Vera 574,-34.59845732,-58.43830128,Centro Cultural
2,Ciudad Autónoma de Buenos Aires,Ciudad Autonoma de Buenos Aires,Centro Cultural Borges- Fund.Para Artes,Viamonte 525,-34.599926,-58.374208,Centro Cultural
2,Ciudad Autónoma de Buenos Aires,Ciudad Autonoma de Buenos Aires,Espacio Cultural Garcia,Vidal 3801,-34.54904524,-58.47320258,Centro Cultural
2,Ciudad Autónoma de Buenos Aires,Ciudad Autonoma de Buenos Aires,Cazadores De Arte,Villaroel 1438,-34.59167808,-58.44619488,Centro Cultural
2,Ciudad Autónoma de Buenos Aires,Ciudad Autonoma de Buenos Aires,Espacio Inboccalupo,Virrey Arredondo 2493,-34.5680166,-58.4517116,Centro Cultural
2,Ciudad Autónoma de Buenos Aires,Ciudad Autonoma de Buenos Aires,"DYNART, Espacio de arte",Vuelta de Obligado 3587,-34.54854,-58.46684,Centro Cultural
2,Ciudad Autónoma de Buenos Aires,Ciudad Autonoma de Buenos Aires,Mojitos De Cuba,Yerbal 1655,-34.6241042,-58.4537702,Centro Cultural
2,Ciudad Autónoma de Buenos Aires,Ciudad Autonoma de Buenos Aires,Centro Politico Cultural El Hormiguero,Yrigoyen. Hipolito 1440,-34.61002739,-58.3868399,Centro Cultural
2,Ciudad Autónoma de Buenos Aires,Ciudad Autonoma de Buenos Aires,Galpon Cultural Piedrabuenarte,Zuviria 6654,-34.6759324,-58.4935744,Centro Cultural
6,Buenos Aires,Adolfo Alsina,Centro Cultural de Adolfo Alsina,Mitre y Urquiza,-34.66271,-58.36525,Centro Cultural
6,Buenos Aires,Alberti,Centro Cultural Poeta Barbieri,Almirante Brown 46,-35.03033,-60.27897,Centro Cultural
6,Buenos Aires,Almirante Brown,"Espacio y Casa Cultural ""El Refugio""",Adolfo Alsina 1655,-34.82188,-58.37794,Centro Cultural
6,Buenos Aires,Almirante Brown,Centro Cultural de Adrogue - Sala Bárbara Mujica,Castelli 953,-34.80112,-58.388018,Centro Cultural
6,Buenos Aires,Almirante Brown,La Casa Espacio de Debate y Cultura,Collet 1021,-34.79776,-58.33402,Centro Cultural
6,Buenos Aires,Almirante Brown,Los Bemoles,"Espora, Av. 4417",-34.83805,-58.38202,Centro Cultural
6,Buenos Aires,Almirante Brown,Casa Municipal de la Cultura de Almte. Brown,Esteban Adrogué 1224,-34.79862,-58.3901,Centro Cultural
6,Buenos Aires,Almirante Brown,El Derrumblé,Eugenio de Burzaco 716,-34.82629,-58.39286,Centro Cultural
6,Buenos Aires,Almirante Brown,Arte en Movimiento,Jorge Santiago Bynnón 1719,-34.79524,-58.3847,Centro Cultural
6,Buenos Aires,Almirante Brown,Centro Cultural Lanza Sabaris,Juan B. Azopardo 53,-34.79811,-58.38357,Centro Cultural
6,Buenos Aires,Almirante Brown,Casa Elefante,Pellegrini 970,-34.8244444,-58.3905395,Centro Cultural
6,Buenos Aires,Almirante Brown,Deshoras Club de Música y Artes,Roca 757,-34.8266,-58.39191,Centro Cultural
6,Buenos Aires,Claypole,LA CASA,Rodolfo Collet 1021,-34.79763246,-58.33443378,Centro Cultural
6,Buenos Aires,Longchamps,Centro de Participación Comunitaria del Suburbio,Alsina 355,-34.85632,-58.39119,Centro Cultural
6,Buenos Aires,Longchamps,Casa De Chamigos,Hipolito Yrigoyen 18015,-34.85774,-58.39221,Centro Cultural
6,Buenos Aires,Avellaneda,Centro Cultural Florentino Ameghino,25 de Mayo 851,-34.65575,-58.35612,Centro Cultural
6,Buenos Aires,Avellaneda,Centro Cultural Bella Vista,Almafuerte 559,-34.65737168,-58.36132393,Centro Cultural
6,Buenos Aires,Avellaneda,Centro Cultural La Casa del Flaco,Barcelo 537,-34.69488,-58.34119,Centro Cultural
6,Buenos Aires,Avellaneda,Asociación Cultural y Folklórica Martín Fierro,Bartolomé Mitre 2226,-34.67202,-58.35187,Centro Cultural
6,Buenos Aires,Avellaneda,Barracas al Sud,"Bartolomé Mitre, Av. 366",-34.65908,-58.36909,Centro Cultural
6,Buenos Aires,Avellaneda,Centro Cultural A Cielo Abierto,"Bartolomé Mitre, Av. y Maipú",-34.659001,-58.369878,Centro Cultural
6,Buenos Aires,Avellaneda,Sociedad de Fomento Bartolomé Mitre,Belgrano 6468,-34.70705,-58.3186,Centro Cultural
6,Buenos Aires,Avellaneda,Centro Cultural Justo Lynch,Bragado 5709,-34.698025,-58.320735,Centro Cultural
6,Buenos Aires,Avellaneda,Centro Cultural Patas Arriba,Brandsen 1517,-34.6695,-58.36089,Centro Cultural
6,Buenos Aires,Avellaneda,Centro Cultural La Curtiembre,Brandsen 3461,-34.68593,-58.34315,Centro Cultural
6,Buenos Aires,Avellaneda,Centro Cultural Hogares La Paz,Campichuelo 6757,-34.72228,-58.33049,Centro Cultural
6,Buenos Aires,Avellaneda,Hugo Caruso,Colón 450,-34.6634132,-58.3711633,Centro Cultural
6,Buenos Aires,Avellaneda,Sociedad de Fomento Villa J. Nuñez,Colonia 3800,-34.6808,-58.33654,Centro Cultural
6,Buenos Aires,Avellaneda,Sociedad de Fomento y Cultura Gral. Lavalle,Constitucion 627,-34.6663808,-58.3707007,Centro Cultural
6,Buenos Aires,Avellaneda,Sociedad de Fomento y Cultura Barrio Agüero,Crisólogo Larralde 114,-34.66974,-58.37887,Centro Cultural
6,Buenos Aires,Avellaneda,Sociedad de Fomento Villa Argentina,De la Serna 2022,-34.69227,-58.36384,Centro Cultural
6,Buenos Aires,Avellaneda,El Semillero - Fábrica de Arte,Debenedetti 3450,-34.67474,-58.34411,Centro Cultural
6,Buenos Aires,Avellaneda,Sociedad de Fomento Villa Mercado,Elizalde 1132,-34.68207,-58.36671,Centro Cultural
6,Buenos Aires,Avellaneda,Sociedad de Fomento Villa Echenagucia,Elizalde 1545,-34.68546,-58.37092,Centro Cultural
6,Buenos Aires,Avellaneda,Sociedad de Fomento Martin de Guemes,Emilio Berisso 1201,-34.67274,-58.36637,Centro Cultural
6,Buenos Aires,Avellaneda,Sociedad de Fomento Villa Bernasconi,Emilio Zola 3967,-34.6842,-58.33601,Centro Cultural
6,Buenos Aires,Avellaneda,Sociedad de Fomento y Cultura Juan Bautista Alberdi,Estanislao Zeballos 5652,-34.69758,-58.32101,Centro Cultural
6,Buenos Aires,Avellaneda,Surdanza,Estanislao Zeballos 5824,-34.68958,-58.33166,Centro Cultural
6,Buenos Aires,Avellaneda,Sociedad Cosmopolita de Socorros Mutuos Unión de Wilde,Estanislao Zeballos 6256,-34.70274,-58.31471,Centro Cultural
6,Buenos Aires,Avellaneda,Sociedad de Fomento Lucio Mansilla,Eva Peron 1350,-34.68029,-58.36407,Centro Cultural
6,Buenos Aires,Avellaneda,Sociedad de Fomento Honor y Fuerza,Florencio Varela 2198,-34.68753,-58.38042,Centro Cultural
6,Buenos Aires,Avellaneda,Centro Cultural Carlino II,Galicia 401,-34.67365,-58.38666,Centro Cultural
6,Buenos Aires,Avellaneda,Centro Cultural Alas del Sur,General Mansilla 798,-34.67719,-58.36642,Centro Cultural
6,Buenos Aires,Avellaneda,Centro Cultural Lo de Alber,Giribone 655,-34.66309009,-58.37968742,Centro Cultural
6,Buenos Aires,Avellaneda,Sociedad de Fomento Villa Marconi,Gral. Acha 1726,-34.69589,-58.36,Centro Cultural
6,Buenos Aires,Avellaneda,Azucena Villaflor,Güemes 1411,-34.67275,-58.36162,Centro Cultural
6,Buenos Aires,Avellaneda,Sociedad de Fomento Manuel Benito Gonnet,Heredia 6489,-34.71651,-58.32812,Centro Cultural
6,Buenos Aires,Avellaneda,Club de Circo Kamaj Pacha,Hipolito Yrigoyen 1201,-34.6712221,-58.3813807,Centro Cultural
6,Buenos Aires,Avellaneda,Centro Cultural Carlino,Hipólito Yrigoyen 1299,-34.67187,-58.38169,Centro Cultural
6,Buenos Aires,Avellaneda,Polideportivo Gabino Alegre,Homero Manzi 174,-34.70553,-58.34463,Centro Cultural
6,Buenos Aires,Avellaneda,Centro Cultural Un Grito de Corazón,Independencia 15,-34.67721,-58.34823,Centro Cultural
6,Buenos Aires,Avellaneda,Casa Rayuela,La Rioja,-34.67775,-58.39405,Centro Cultural
6,Buenos Aires,Avellaneda,Giros,Lacarra 1633,-34.68481,-58.37396,Centro Cultural
6,Buenos Aires,Avellaneda,Centro Cultural La Calle Larga,Laprida 298,-34.66121,-58.35872,Centro Cultural
6,Buenos Aires,Avellaneda,Fundación Isla Maciel,Las Heras 249,-34.66701977,-58.36098382,Centro Cultural
6,Buenos Aires,Avellaneda,Sociedad de Fomento Villa Avellaneda,Manuel Galvez 4650,-34.70144,-58.34248,Centro Cultural
6,Buenos Aires,Avellaneda,Juana Azurduy,"Montes y Campichuelo sobre la plaza, Estación tren Gerli",-34.683734,-58.382265,Centro Cultural
6,Buenos Aires,Avellaneda,Centro Cultural 1° De Mayo,Morse y Escalada,-34.67425,-58.33968,Centro Cultural
6,Buenos Aires,Avellaneda,Centro Cultural A Cielo Abierto Armando Labollita,Pavón 64,-34.62783,-58.40432,Centro Cultural
6,Buenos Aires,Avellaneda,Centro Cultural Nueva Esperanza 2000,Pinzón entre Estévez y Levalle,-34.64927,-58.35353,Centro Cultural
6,Buenos Aires,Avellaneda,Sociedad de Fomento Gral. Pico,Posadas 1653,-34.70649,-58.34911,Centro Cultural
6,Buenos Aires,Avellaneda,Centro Cultural Quinta Galli Este,Ricardo Gutierrez 2102,-34.6682666,-58.3465312,Centro Cultural
6,Buenos Aires,Avellaneda,Centro Cultural La Sociedad / Sociedad de Fomento y Cultura Manuel Ocampo,Rivadavia 1952,-34.67598,-58.35859,Centro Cultural
6,Buenos Aires,Avellaneda,Cooperativa Cimarrón de Comunicación y Cultura,Rivero y Olidén,-34.66146,-58.38558,Centro Cultural
6,Buenos Aires,Avellaneda,Sarandiarte Espacio Cultural,Salto 63,-34.68577801,-58.33934744,Centro Cultural
6,Buenos Aires,Avellaneda,Sembrando Soberanía,San Marino y Paez Altura 1200 de Av. H. Yrigoyen,-34.67071737,-58.38314086,Centro Cultural
6,Buenos Aires,Avellaneda,Centro Municipal de Arte de Avellaneda  CMA,San Martín 797,-34.66320198,-58.36546817,Centro Cultural
6,Buenos Aires,Avellaneda,Sociedad de Fomento Wilde Este,San Nicolas 6132,-34.69536408,-58.30867624,Centro Cultural
6,Buenos Aires,Avellaneda,Sociedad de Fomento Villa San Martín e Ideal,Sarmiento 2064,-34.69245,-58.37115,Centro Cultural
6,Buenos Aires,Avellaneda,Club Reconquista de Suipacha,Suipacha 1937,-34.70369,-58.35866,Centro Cultural
6,Buenos Aires,Avellaneda,Sociedad Recreativa Cultural Deportiva y Fomento Idea Felíz,Triunvirato 1900,-34.6811,-58.38205,Centro Cultural
6,Buenos Aires,Avellaneda,Sociedad de Fomento Villa Gral San Martin de Pobladora,Uruguay 961,-34.66685,-58.39126,Centro Cultural
6,Buenos Aires,Avellaneda,Centro Cultural Nueva Esperanza,Vicente López 1660,-34.66485,-58.35166,Centro Cultural
6,Buenos Aires,Gerli,Centro Cultural Azucena Villaflor,General Güemes 1411,-34.68196,-58.37248,Centro Cultural
6,Buenos Aires,Gerli,Centro Cultural Giros,José Martín de la Serna 710,-34.68273,-58.3755,Centro Cultural
6,Buenos Aires,Gerli,Centro Cultural El Matute Cultural,Sarmiento 2102,-34.69297,-58.37165,Centro Cultural
6,Buenos Aires,Gerli,Centro Cultural Juana Azurduy,Victoriano Montes 2020,-34.68363,-58.38203,Centro Cultural
6,Buenos Aires,Sarandí,Centro Cultural El Bastión,Comodoro Rivadavia 2640,-34.68116,-58.3521,Centro Cultural
6,Buenos Aires,Bahía Blanca,Casa Cultural Mapuche ´´Ruka Kimun Mapuche´´,Alberti 198,-38.7005005,-62.2847465,Centro Cultural
6,Buenos Aires,Bahía Blanca,KÁNIKA,Belgrano 249,-38.71717612,-62.26088643,Centro Cultural
6,Buenos Aires,Bahía Blanca,Maroma,Charlone 386,-38.71388,-62.28286,Centro Cultural
6,Buenos Aires,Bahía Blanca,Vitró,Dorrego 378,-38.71729,-62.25718,Centro Cultural
6,Buenos Aires,Bahía Blanca,Espacio por el Arte EPA,Israel 88,-38.72318408,-62.25737856,Centro Cultural
6,Buenos Aires,Bahía Blanca,Centro Cultural La Panadería,Lamadrid 544,-38.71985769,-62.25644775,Centro Cultural
6,Buenos Aires,Bahía Blanca,Espacio Cultural Motor Colectivo,Misiones 89,-38.72904,-62.25582,Centro Cultural
6,Buenos Aires,Bahía Blanca,Pez Dorado Espacio Cultural,O'Higgins 578,-38.72509,-62.27231,Centro Cultural
6,Buenos Aires,Bahía Blanca,Espacio Hamaca,O'Higgins 584,-38.72525,-62.27242,Centro Cultural
6,Buenos Aires,Bahía Blanca,Centro cultural Evita,,-38.71380524,-62.2659599,Centro Cultural
6,Buenos Aires,Bahía Blanca,Factor C Espacio de encuentro,Zeballos 275,-38.71606336,-62.25785151,Centro Cultural
6,Buenos Aires,Balcarce,La Casa Del Fondo,Calle 12 N°505,-37.84271,-58.2566,Centro Cultural
6,Buenos Aires,Balcarce,Zirkoa Espacio en movimiento,Calle 18 826,-37.85077,-58.25891,Centro Cultural
6,Buenos Aires,Benito Juarez,Centro Cultural Atilio Marinelli,Av. Otamendi 3,-37.674451,-59.806048,Centro Cultural
6,Buenos Aires,Berazategui,Casa Cultural Julieta Lanteri,Calle 15 A nº 4952,-34.7618184,-58.2061786,Centro Cultural
6,Buenos Aires,Berazategui,Centro Cultural Leon F. Rigolleau,Calle 15 n°5675,-34.757853,-58.199336,Centro Cultural
6,Buenos Aires,Berisso,Casa Zeta,Calle 8 y La Habana,-34.87216,-57.88976,Centro Cultural
6,Buenos Aires,Bragado,Florencio Constantino,Belgrano 1260,-35.11499,-60.489691,Centro Cultural
6,Buenos Aires,Coronel Brandsen,EL MOLINO CULTURAL,Av. Las Heras 634,-35.16636196,-58.23763943,Centro Cultural
6,Buenos Aires,Campana,Centro Cultural La Rosa,Sivori 916,-34.171598,-58.962552,Centro Cultural
6,Buenos Aires,Cañuelas,Centro Cultural Volver,,-35.05203,-58.759215,Centro Cultural
6,Buenos Aires,Carlos Casares,Centro Cultural 7 de Mayo,Rodriguez Peña 525,-35.61624,-61.35434,Centro Cultural
6,Buenos Aires,Coronel Suarez,Isidoro espacio de Arte,Av. Casey 1052,-37.45981178,-61.93126202,Centro Cultural
6,Buenos Aires,Chacabuco,Escuela de Actividades Culturales Dora Pietranera de Donadio,Avellaneda 127,-34.64162576,-60.47523948,Centro Cultural
6,Buenos Aires,Chivilcoy,Cuerpos en Movimiento Espacio de Arte Escénico,Pueyrredón 466,-34.88901,-60.01349,Centro Cultural
6,Buenos Aires,Dolores,"Restituyendo derechos, construyendo futuro",Ingeniero Quadri 35,-36.31566,-57.67862,Centro Cultural
6,Buenos Aires,Ensenada,Centro Cultural Malvinas Argentinas,La Merced 121,-34.86152343,-57.90160803,Centro Cultural
6,Buenos Aires,Ensenada,Centro Cultural Mil Flores,Sidotti 555,-34.8627129,-57.9020785,Centro Cultural
6,Buenos Aires,Escobar,Sala Ensueños,Av. San Martín 2068,-34.331,-58.76932,Centro Cultural
6,Buenos Aires,Escobar,Unión Vecinal Garin Oeste,Lavalle 4060,-34.41827,-58.74892,Centro Cultural
6,Buenos Aires,Ingeniero Maschwitz,"ALMA, Espacio de Arte",El Dorado 2500,-34.3778449,-58.7507663,Centro Cultural
6,Buenos Aires,Ingeniero Maschwitz,Casa Popular Marielle Franco,Falucho 1418,-34.3895605,-58.7375702,Centro Cultural
6,Buenos Aires,Monte Grande,Centro Cultural El Galpón,Maximo Paz 146,-34.814956,-58.471927,Centro Cultural
6,Buenos Aires,General Juan Madariaga,Casa de la Cultura de Madariaga,Dr. Carlos Madariaga 499,-36.9974841,-57.134141,Centro Cultural
6,Buenos Aires,General Juan Madariaga,Espacio cultural producciones independientes,Rivadavia 608,-36.99484,-57.14187,Centro Cultural
6,Buenos Aires,Mar del Plata,Mundo Dios,12 de Octubre s/n,-38.0447433,-57.5439013,Centro Cultural
6,Buenos Aires,Mar del Plata,América Libre,20 de Septiembre y San Martín,-37.99426964,-57.557067,Centro Cultural
6,Buenos Aires,Mar del Plata,Centro Cultural Osvaldo Soriano (Ex J. M. De Pueyrredón),25 de Mayo y Catamarca,-37.99517,-57.55082,Centro Cultural
6,Buenos Aires,Mar del Plata,Espacio de arte AmArt,Av. Edison 1293,-38.04739,-57.55551,Centro Cultural
6,Buenos Aires,Mar del Plata,La Casa de Enfrente,Diag. Alberdi Norte 2599,-37.99774,-57.54529,Centro Cultural
6,Buenos Aires,Mar del Plata,Centro Cultural Taller Lascano,España 2300,-37.999644,-57.559769,Centro Cultural
6,Buenos Aires,Mar del Plata,Casa Intermitente,Genova 2036,-38.06490263,-57.55205649,Centro Cultural
6,Buenos Aires,Mar del Plata,Los Duendes,Hipólito Yrigoyen 1984,-38.00018,-57.55158,Centro Cultural
6,Buenos Aires,Mar del Plata,La Papallona Tetería Cultural,Moreno 4164,-37.99393,-57.56466,Centro Cultural
6,Buenos Aires,General San Martin,Casa Popular Maria Claudia Falcone,Bonifacini 1785,-34.57842114,-58.533575,Centro Cultural
6,Buenos Aires,General San Martin,Centro Cultural y Deportivo los Amigos de Villa Sarmiento,Calle 119,-34.55973538,-58.58212579,Centro Cultural
6,Buenos Aires,General San Martin,Centro Cultural Plaza,Campos 2089,-34.57655,-58.537735,Centro Cultural
6,Buenos Aires,General San Martin,IF Investigaciones del Futuro,Intendente Boers 937,-34.58534,-58.52525,Centro Cultural
6,Buenos Aires,General San Martín,Auditorio Hugo del Carril,Diagonal 164 n°4151,-34.54786341,-58.5805763,Centro Cultural
6,Buenos Aires,Jose Leon Suarez,Centro Cultural y Biblioteca Popular la Carcova,Beltran 717,-34.52316,-58.57645,Centro Cultural
6,Buenos Aires,San Martín,MÚSICA EN SAN MARTÍN,,-34.56965338,-58.53495435,Centro Cultural
6,Buenos Aires,Villa Ballester,Centro Cultural La Bemba,Balcarce 2915,-34.55013,-58.55762,Centro Cultural
6,Buenos Aires,Villa Ballester,Centro Cultural y artístico Ana Pavlova,Lavalle 2567,-34.54745,-58.5543,Centro Cultural
6,Buenos Aires,Villa Ballester,Centro Cultural Espacios,Witcomb 2623,-34.551174,-58.550875,Centro Cultural
6,Buenos Aires,Hurlingham,Centro Cultural Leopoldo Marechal,Av. Vergara 2396,-34.57673,-58.64208,Centro Cultural
6,Buenos Aires,Ituzaingo,La Bicicletería,Brandsen 517,-34.65646035,-58.67365463,Centro Cultural
6,Buenos Aires,Ituzaingo,Casa Frida,Domingo Olivera 1587,-34.66513,-58.67482,Centro Cultural
6,Buenos Aires,Ituzaingo,Centro Cultural Bernardino Rivadavia,Gobernador Mariano Acosta 255,-34.66239,-58.666186,Centro Cultural
6,Buenos Aires,Jose C. Paz,Huellas de Fuego,Jose Antonio Paez 4204,-34.52344319,-58.78441705,Centro Cultural
6,Buenos Aires,Jose C. Paz,Centro Cultural Paceño Asociación Civil,Zuviria 4852,-34.5211178,-58.749764,Centro Cultural
6,Buenos Aires,Junin,CASA DE LA CULTURA PENSAR JUNIN,Belgrano 32,-34.593261,-60.947612,Centro Cultural
6,Buenos Aires,Junin,Dada club de arte,Primera Junta 791,-34.57616,-60.94361,Centro Cultural
6,Buenos Aires,Gregorio de Laferrere,Junta Vecinal de Laferrere 12 de Octubre,Martin Coronado 3302,-34.74465,-58.59547,Centro Cultural
6,Buenos Aires,Ramos Mejia,Centro Cultural Leopoldo Marechal,Belgrano 75,-34.641555,-58.563168,Centro Cultural
6,Buenos Aires,Lanús,Centro de Estudios Sociales y Culturales La Locomotora,Marraspin 3471,-34.7246725,-58.4038045,Centro Cultural
6,Buenos Aires,Lanús,Espacio Disparate Casa de Artes,Sitio de Montevideo 1265,-34.707508,-58.387169,Centro Cultural
6,Buenos Aires,La Plata,Casa de La Cultura Villa Elisa,Arana 236,-34.851053,-58.076237,Centro Cultural
6,Buenos Aires,La Plata,Centro Recreativo Intercultural de Artes Crisoles,Av. 1 nº 477,-34.872163,-58.049417,Centro Cultural
6,Buenos Aires,La Plata,Viejo Almacen El Obrero,Av. 13 nº 1900,-34.897228,-57.942608,Centro Cultural
6,Buenos Aires,La Plata,Centro cultural de buena madera,Av. 38 N°170,-34.89771,-57.95304,Centro Cultural
6,Buenos Aires,La Plata,Centro Cultural Joaquín Areta,Calle 1 e/49y50,-34.89581,-57.9617,Centro Cultural
6,Buenos Aires,La Plata,Centro Cultural Calle Uno,Calle 1 N°236,-34.89868,-57.9573,Centro Cultural
6,Buenos Aires,La Plata,El Sótano Club Cultural,Calle 10 n° 967,-34.91855,-57.95178,Centro Cultural
6,Buenos Aires,La Plata,Colibrí arte y cultura platense,Calle 10 nº1305,-34.9170755,-57.95348649,Centro Cultural
6,Buenos Aires,La Plata,El Medio Aljibe,Calle 11 N° 1674,-34.93,-57.93821,Centro Cultural
6,Buenos Aires,La Plata,Sala El Angel Gris,Calle 115 Esquina 39,-34.899976,-57.953721,Centro Cultural
6,Buenos Aires,La Plata,Asociación Cultural Daniel Omar Favero,Calle 117 400 Hipódromo,-34.89886,-57.95059,Centro Cultural
6,Buenos Aires,La Plata,Laberinto Casa Club,Calle 13 N°1293,-34.92562,-57.94921,Centro Cultural
6,Buenos Aires,La Plata,Centro Cultural Estación Provincial,Calle 17 esq 71,-34.93954,-57.93936,Centro Cultural
6,Buenos Aires,La Plata,Centro Cultural El Faldón,Calle 17 esq 71,-34.93953,-57.93934,Centro Cultural
6,Buenos Aires,La Plata,Centro Cultural La Vuelta de Obligado,Calle 17 N°1408,-34.9313,-57.95037,Centro Cultural
6,Buenos Aires,La Plata,CIUDAD DE GATOS,Calle 17 N°1846,-34.93825629,-57.94054629,Centro Cultural
6,Buenos Aires,La Plata,Prisma Espacio Creativo,Calle 18 N°1869,-34.94004,-57.94116,Centro Cultural
6,Buenos Aires,La Plata,Centro Cultural Islas Malvinas,Calle 19 1201,-34.92983,-57.95711,Centro Cultural
6,Buenos Aires,La Plata,Centro Cultural La Carpintería,Calle 2 N°322,-34.90131,-57.95639,Centro Cultural
6,Buenos Aires,La Plata,Residencia Corazón,Calle 2 N°736,-34.90805,-57.94717,Centro Cultural
6,Buenos Aires,La Plata,Centro Cultural Ojalá,Calle 23 N°1112,-34.93234,-57.96252,Centro Cultural
6,Buenos Aires,La Plata,El Conventillo Centro Cultural,Calle 24 N°1690,-34.94241,-57.9513,Centro Cultural
6,Buenos Aires,La Plata,El Bosquecito Vivero Experimental. Espacio Cultural,Calle 25 entre 510y511,-34.92992,-57.97059,Centro Cultural
6,Buenos Aires,La Plata,Centro Cultural Área Chica,Calle 34  N°403,-34.89848,-57.96271,Centro Cultural
6,Buenos Aires,La Plata,Doble-T,Calle 34 1618,-34.92138,-57.98746,Centro Cultural
6,Buenos Aires,La Plata,La Casa espacio cultural,Calle 38 N°379,-34.88879,-57.94363,Centro Cultural
6,Buenos Aires,La Plata,"La Bicicletería, Creación Colectiva",Calle 40 N°157,-34.89891,-57.9508,Centro Cultural
6,Buenos Aires,La Plata,Centro Cultura y Comunicación,Calle 42 N°585,-34.90858,-57.9573,Centro Cultural
6,Buenos Aires,La Plata,46 Multiespacio Cultural,Calle 46 N°421,-34.90892,-57.94942,Centro Cultural
6,Buenos Aires,La Plata,Casa Lealtad Peronista Lili Ferrari,Calle 49 N°1214,-34.92599,-57.96296,Centro Cultural
6,Buenos Aires,La Plata,Centro Cultural Camarada Pereyra CCCP,Calle 49 nº1137,-34.85426451,-58.0873144,Centro Cultural
6,Buenos Aires,La Plata,Club Cultural Casa Unclan,Calle 5 1512,-34.92161,-57.93574,Centro Cultural
6,Buenos Aires,La Plata,Casa de Cultura y Peña La Salamanca,Calle 5 N°1422,-34.92025,-57.93802,Centro Cultural
6,Buenos Aires,La Plata,Casa Lumpen Club Cultural Cannabico,Calle 5 N°1510,-34.92164,-57.93585,Centro Cultural
6,Buenos Aires,La Plata,Casa Jirón (FUNDACION DE DEFENSA SOCIAL FUDESO),Calle 5 n°1777,-34.92614973,-57.92989657,Centro Cultural
6,Buenos Aires,La Plata,Casa Zaragoza,Calle 53 N°435,-34.91302,-57.94452,Centro Cultural
6,Buenos Aires,La Plata,CIPAE,Calle 54 nº 1324,-34.93045,-57.96187,Centro Cultural
6,Buenos Aires,La Plata,Centro Cultural C’est la Vie,Calle 55 N°1143,-34.92731,-57.95762,Centro Cultural
6,Buenos Aires,La Plata,Centro Cultural El Amor y la Igualdad,Calle 56 N° 681,-34.91937,-57.94742,Centro Cultural
6,Buenos Aires,La Plata,Casa Pulsar,Calle 58 N°512,-34.91766,-57.94192,Centro Cultural
6,Buenos Aires,La Plata,Centro Cultural El Núcleo,Calle 6 N°420,-34.8683,-58.04567,Centro Cultural
6,Buenos Aires,La Plata,Centro Cultural Social y Político Olga Vázquez,Calle 60 750-799,-34.92378,-57.94442,Centro Cultural
6,Buenos Aires,La Plata,Colectivo Arte al Ataque,Calle 60 750-799,-34.92378,-57.94442,Centro Cultural
6,Buenos Aires,La Plata,La GranSiete Arte y Cultura,Calle 62 N° 276,-34.91667,-57.93257,Centro Cultural
6,Buenos Aires,La Plata,En Eso Estamos-Fábrica Cultural,Calle 62 nº274,-34.92327,-57.94086,Centro Cultural
6,Buenos Aires,La Plata,Centro Cultural Julio López Los Hornos,Calle 64 y 137,-34.95274,-57.96825,Centro Cultural
6,Buenos Aires,La Plata,Centro Cultural y Polideportivo Los Hornos,Calle 66 E/152 y 153,-34.96852,-57.98145,Centro Cultural
6,Buenos Aires,La Plata,Casa Popular Hugo Bacchi,Calle 66 N°1044,-34.93439,-57.9436,Centro Cultural
6,Buenos Aires,La Plata,Ruda,Calle 67 N°1359,-34.941,-57.94938,Centro Cultural
6,Buenos Aires,La Plata,La Macacha,Calle 69 e/25,-34.94594,-57.95035,Centro Cultural
6,Buenos Aires,La Plata,Centro Cultural Azulunala,Calle 69 nº 864,-34.9335,-57.93667,Centro Cultural
6,Buenos Aires,La Plata,La Chicharra,Calle 71,-34.93575,-57.93521,Centro Cultural
6,Buenos Aires,La Plata,Ciudad Vieja,Calle 71 1103,-34.93956,-57.93946,Centro Cultural
6,Buenos Aires,La Plata,Galpon de las artes,Calle 71 N°908,-34.93634,-57.934,Centro Cultural
6,Buenos Aires,La Plata,La Hormiguera Espacio Cultural,Calle 8 1420,-34.9230187,-57.94093938,Centro Cultural
6,Buenos Aires,La Plata,La Vecindad Cultural Nacional y Popular,Calle 8 1898,-34.93094,-57.93009,Centro Cultural
6,Buenos Aires,La Plata,Espacio Cultural Leonardo Favio,Calle 8 entre 51y53,-34.91699,-57.94931,Centro Cultural
6,Buenos Aires,La Plata,Centro Cultural Trémula,Calle 8 N°1287,-34.92076,-57.94424,Centro Cultural
6,Buenos Aires,La Plata,Centro Cultural Jacarandá,Calle 9 esquina calle 61,-34.92367,-57.94245,Centro Cultural
6,Buenos Aires,La Plata,La Caipo,Calle 9 N°1288,-34.92157,-57.94505,Centro Cultural
6,Buenos Aires,La Plata,Integración Comunitaria por la Salud Mental Una Movida de Locos,Calle10 n°1520,-34.92647,-57.9408,Centro Cultural
6,Buenos Aires,La Plata,El Puente Arte y Cultura,Diagonal 77 N°195,-34.90976,-57.94725,Centro Cultural
6,Buenos Aires,La Plata,CENTRO CULTURAL MACÁ,Diagonal Piria 629,-34.8550569,-58.0725131,Centro Cultural
6,Buenos Aires,La Plata,Mil Flores La Plata,La Plata 2050,-34.91953,-57.95741,Centro Cultural
6,Buenos Aires,Tolosa,El Galpón de Tolosa,Calle 3 Y Calle 526,-34.89169,-57.97171,Centro Cultural
6,Buenos Aires,Villa Elisa,Macá Cultura,Diagonal 4 N°629,-34.85495,-58.0725,Centro Cultural
6,Buenos Aires,Villa Raffo,Centro Recreativo y Cultural Villa Raffo,Nuestra Sra Del Carmen 2646/54,-34.60445,-58.53081,Centro Cultural
6,Buenos Aires,Roberts,Casa de Cultura,Sarmiento Y Moreno,-34.867736,-61.531952,Centro Cultural
6,Buenos Aires,Lobos,Centro Nativo Acuyai,Peron Y Villanueva,-35.18822093,-59.09572415,Centro Cultural
6,Buenos Aires,Lobos,Casa de la Cultura de Lobos,Salgado Oeste 585,-35.18591,-59.10381,Centro Cultural
6,Buenos Aires,Lomas de Zamora,Casa Carlos Fuentealba,Aristóbulo de Valle 176,-34.79634,-58.43139,Centro Cultural
6,Buenos Aires,Lomas de Zamora,Sede Fiorito,Autopista Presidente Perón y Recondo,-34.71471,-58.45095,Centro Cultural
6,Buenos Aires,Lomas de Zamora,MONOCICLO CLUB DE ARTE,AV. HIPOLITO IRIGOYEN 6944/46,-34.73580835,-58.39737661,Centro Cultural
6,Buenos Aires,Lomas de Zamora,Padre Mugica,Av. Hipólito Yrigoyen 7923,-34.74766,-58.40011,Centro Cultural
6,Buenos Aires,Lomas de Zamora,Centro Cultural y Social No Me Olvides,Av. Meeks 490,-34.76721,-58.39811,Centro Cultural
6,Buenos Aires,Lomas de Zamora,CUATRO XXI,Av. Santa Fe 421,-34.75259,-58.42041,Centro Cultural
6,Buenos Aires,Lomas de Zamora,Sede San José,"Caaguazú, entre La Madreselva y Anchoris",-34.76116024,-58.39876606,Centro Cultural
6,Buenos Aires,Lomas de Zamora,Sede Banfield Oeste Darragueira,Darragueira 275,-34.7389,-58.39765,Centro Cultural
6,Buenos Aires,Lomas de Zamora,Cantinflas,Dorrego 591,-34.77746,-58.40396,Centro Cultural
6,Buenos Aires,Lomas de Zamora,La Troupe,Gallo 148,-34.7506,-58.39369,Centro Cultural
6,Buenos Aires,Lomas de Zamora,Espacio Asterisco,General Levalle 1293,-34.74683,-58.38605,Centro Cultural
6,Buenos Aires,Lomas de Zamora,Complejo Cultural Banfield Teatro Ensamble,Larrea 350,-34.764887,-58.396556,Centro Cultural
6,Buenos Aires,Lomas de Zamora,Centro Cultural Teatro El Refugio,Maipú 540,-34.74377,-58.38833,Centro Cultural
6,Buenos Aires,Lomas de Zamora,Centro de Estudios Teatrales y Artísticos C.E.T.A.,Pueyrredón 1680,-34.741607,-58.389874,Centro Cultural
6,Buenos Aires,Lomas de Zamora,Sede Banfield Este El Ceibo,Rincón 565,-34.74182374,-58.38741928,Centro Cultural
6,Buenos Aires,Lomas de Zamora,"Casa Cultural ""Las Mirabal""",Saenz 317,-34.75805039,-58.40090735,Centro Cultural
6,Buenos Aires,Maipú,Club Social Maipu,Belgrano s/n,-36.8576701,-57.8778556,Centro Cultural
6,Buenos Aires,Santo Domingo,Centro Integrador Comunitario en el  Barrio Santo Domingo,Gibraltar 2100,-36.71375978,-57.58601265,Centro Cultural
6,Buenos Aires,Malvinas Argentinas,Casa popular Unidos por el barrio,Alfonsina Storni 4395,-34.4689773,-58.6861362,Centro Cultural
6,Buenos Aires,Mercedes,La Cultural Dumer,Calle 10 N°760,-34.6562,-59.43448,Centro Cultural
6,Buenos Aires,Mercedes,Casa Balero,Calle 26 esq. 23,-34.65076,-59.42917,Centro Cultural
6,Buenos Aires,Mercedes,Centro Cultural Julio Cesar Gioscio,Calle 27 Entre 24 Y 26,-34.65079,-59.430855,Centro Cultural
6,Buenos Aires,Mercedes,Centro Cultural La Gotera,Calle 29 nº984,-34.646946,-59.430719,Centro Cultural
6,Buenos Aires,Merlo,SUTEBA Merlo,1ro de Mayo 252,-34.67579,-58.7205,Centro Cultural
6,Buenos Aires,Merlo,Sede COI,Av. Argentina 824,-34.66899372,-58.72124872,Centro Cultural
6,Buenos Aires,Merlo,El galpón del Encuentro,Belgrano 1779,-34.7074732,-58.7330812,Centro Cultural
6,Buenos Aires,Merlo,La Antigua Cultural,Jujuy 310,-34.67211,-58.72813,Centro Cultural
6,Buenos Aires,Merlo,Centro Cultural y Social Patas para Arriba,Luis Braile 470,-34.65635165,-58.74801899,Centro Cultural
6,Buenos Aires,Merlo,Espacio Cultural Homero Manzi,Moreno 428,-34.66517,-58.72535,Centro Cultural
6,Buenos Aires,San Miguel Del Monte,Centro Cultural Municipal Poeta Enrique Uza,Petrachi 745,-35.4409,-58.805968,Centro Cultural
6,Buenos Aires,Haedo,Casa Laurel,Remedios de Escalada de San Martin 379,-34.64590565,-58.58951383,Centro Cultural
6,Buenos Aires,Morón,El Transformador,Caseros 200,-34.6425431,-58.5921178,Centro Cultural
6,Buenos Aires,Morón,El Galpón de Haedo,Concordia 625,-34.64967,-58.59671,Centro Cultural
6,Buenos Aires,Morón,La Puerta Creativa,Las Bases 150,-34.64663,-58.59346,Centro Cultural
6,Buenos Aires,Morón,Centro Cultural y Biblioteca Popular Enrique Santos Discépolo,Santa Fe 836,-34.649214,-58.622962,Centro Cultural
6,Buenos Aires,Necochea,Unidad Barrial Social y Cultural Jesús Aguinagalde,Calles 67  3102,-38.55683,-58.7446,Centro Cultural
6,Buenos Aires,9 De Julio,La Esquina Arte y Cultura,Santa Fe 656,-35.44609,-60.88009,Centro Cultural
6,Buenos Aires,Olavarría,"Insurgente, Espacio Cultural Independiente",Belgrano 3345,-36.89669,-60.31692,Centro Cultural
6,Buenos Aires,Olavarría,Club Atlético Hinojo,Calle 11 y Calle 8,-36.41404,-60.67172,Centro Cultural
6,Buenos Aires,Olavarría,La Yumba,Laprida y Álvaro,-36.8973,-60.30992,Centro Cultural
6,Buenos Aires,Olavarría,MACONDO MUTUAL DE ARTE POPULAR DE OLAVARRIA,NECOCHEA 1389,-36.88190706,-60.332172,Centro Cultural
6,Buenos Aires,Carmen de Patagones,Casa de la Cultura Carmen De Patagones,Mitre 27,-40.81046,-62.98631,Centro Cultural
6,Buenos Aires,Pergamino,Casa de la Cultura,Gral. Paz 600,-33.898909,-60.575143,Centro Cultural
6,Buenos Aires,Pergamino,Galpón Del Arte Barrio Kennedy,R. Guiraldes Entre Yapeyú y B. Bailón Al 2000,-33.89499006,-60.57164008,Centro Cultural
6,Buenos Aires,Pilar,SerEnArte,Colectora 12 de Octubre-Km.44,-34.45941,-58.81153,Centro Cultural
6,Buenos Aires,Pilar,Media Vuelta Club de Artes Urbanas,Olavarría 7181,-34.44942,-58.79806,Centro Cultural
6,Buenos Aires,Veronica,Casa De La Cultura,Calle 21 esq 28  sin numero,-35.38461,-57.34032,Centro Cultural
6,Buenos Aires,Quilmes,Centro Cultural Polaridades,Andres Baranda 842,-34.724093,-58.270238,Centro Cultural
6,Buenos Aires,Quilmes,El Garelli - Asociación Civil Villa Valdocco,Av. Las Heras 420,-34.711813,-58.2648736,Centro Cultural
6,Buenos Aires,Quilmes,Centro Cultural Eduardo Galeano,Donato Álvarez 1680,-34.7935698,-58.3097755,Centro Cultural
6,Buenos Aires,Quilmes,Casa Rodolfo Walsh,Entre Ríos 250,-34.72544292,-58.26338459,Centro Cultural
6,Buenos Aires,Quilmes,La Pacha Espacio Cultural,Entre Ríos 90,-34.72463927,-58.26182912,Centro Cultural
6,Buenos Aires,Quilmes,Asociación Civil Amigos de “El Viaje de los Títeres”,Laprida 2200,-34.74897,-58.27258,Centro Cultural
6,Buenos Aires,Quilmes,Comunidad Contemporanea,Moreno 882,-34.727,-58.25469,Centro Cultural
6,Buenos Aires,Quilmes,Estudio 1 Originarte,Paso 17,-34.71759,-58.26539,Centro Cultural
6,Buenos Aires,Quilmes,Casa de la Cultura,Rivadavia 383,-34.72015,-58.2536,Centro Cultural
6,Buenos Aires,Quilmes,Artenpie,Vicente López 93,-34.7159922,-58.27127264,Centro Cultural
6,Buenos Aires,Rauch,La Pieza,Coronel Suárez 176,-36.77749,-59.088,Centro Cultural
6,Buenos Aires,Rojas,Casa evita,,-34.19616004,-60.73326365,Centro Cultural
6,Buenos Aires,Roque Perez,Centro Cultural Roque Perez,Belgrano  171,-35.398133,-59.331686,Centro Cultural
6,Buenos Aires,San Andres De Giles,Centro Municipal de Cultura S.A Giles,Rivadavia 752,-34.44418,-59.447555,Centro Cultural
6,Buenos Aires,San Andres De Giles,Centro cultural Casa Evita,,-34.44590808,-59.44516736,Centro Cultural
6,Buenos Aires,San Fernando,Sociedad de Fomento Bartolomé Mitre,Balcarce 2950,-34.46949,-58.57429,Centro Cultural
6,Buenos Aires,San Fernando,Tinku Teatro Centro Cultural,Rivadavia 1751,-34.42554906,-58.569416,Centro Cultural
6,Buenos Aires,Boulogne,Estacion 1857,Godoy Cruz 1857,-34.50748,-58.56322,Centro Cultural
6,Buenos Aires,San Isidro,Ateneo Cultural Nestor Kirchner,Av.Sir Alexander Fleming 1333,-34.4825343,-58.5275205,Centro Cultural
6,Buenos Aires,San Isidro,Teatro 9 de Julio,Bernardo de Irigoyen 1121,-34.50045,-58.57714,Centro Cultural
6,Buenos Aires,San Isidro,Fundación Crear Vale La Pena,Madame Curie 1955,-34.47082,-58.54832,Centro Cultural
6,Buenos Aires,San Isidro,Club Artístico y Social Arenga,Manzone 851,-34.47967,-58.50469,Centro Cultural
6,Buenos Aires,San Isidro,Taller de La Ribera,Roque Saenz Pena 1485,-34.465675,-58.498543,Centro Cultural
6,Buenos Aires,San Miguel,Centro Cultural Raices,Sarmiento 1810,-34.54528,-58.720208,Centro Cultural
6,Buenos Aires,San Nicolás de los Arroyos,La troupe del aire,Pellegrini 134,-33.3307,-60.21503,Centro Cultural
6,Buenos Aires,San Pedro,Cooperativa Las Canaletas,Juan Ismael Jiménez 1635,-33.66721,-59.67454,Centro Cultural
6,Buenos Aires,Alejandro Korn,Casa del Pueblo Vecinos Solidarios,Av. Presidente Perón 4660,-34.98671333,-58.37888865,Centro Cultural
6,Buenos Aires,Alejandro Korn,El Culturón,Juan José Paso y Roca,-35.00911056,-58.36810017,Centro Cultural
6,Buenos Aires,Alejandro Korn,Minowa Centro Cultural,Libertad esquina Kennedy,-34.98337,-58.37298,Centro Cultural
6,Buenos Aires,Tandil,La Compañía Tandil,Alsina 1242,-37.31531497,-59.1323323,Centro Cultural
6,Buenos Aires,Tandil,Centro Arte y Parte,Belgrano 342,-37.33002,-59.13882,Centro Cultural
6,Buenos Aires,Tandil,Centro Cultural Atrapasueños,Figueroa 2226,-37.2967116,-59.1663997,Centro Cultural
6,Buenos Aires,Tandil,Salón Danés,General Rodríguez 282,-37.33042,-59.13439,Centro Cultural
6,Buenos Aires,Tandil,Macanudo,General Rodriguez 459,-37.3282,-59.13547,Centro Cultural
6,Buenos Aires,Tandil,CENTRO SOCIAL Y CULTURAL LA VÍA,MITRE 1378,-37.31959779,-59.12662357,Centro Cultural
6,Buenos Aires,Tandil,Centro Cultural Itinerante El Musguito,Pinto 399,-37.3285798,-59.1385728,Centro Cultural
6,Buenos Aires,Tigre,Sociedad Italiana de Tigre,Av. Cazon 1336,-34.424977,-58.577806,Centro Cultural
6,Buenos Aires,Tigre,Alas de Tigre,Av. Liniers 1018,-34.41911,-58.58751,Centro Cultural
6,Buenos Aires,Tigre,Casa de las Artes Tacuarí,Tacuarí 90,-34.4150365,-58.5818232,Centro Cultural
6,Buenos Aires,Trenque Lauquen,Casa de Fuego,Mitre 391,-35.96893,-62.72846,Centro Cultural
6,Buenos Aires,Martín Coronado,Asociación de Fomento Martín Coronado,Nahuel Huapi 6658,-34.58944,-58.5892,Centro Cultural
6,Buenos Aires,Martín Coronado,Asociación cultural Arte y Vida,Remedios de Escalada de San Martín 6750,-34.53719,-58.588556,Centro Cultural
6,Buenos Aires,Pablo Podestá,Centro Cultural Raíces Compañeras,Presidente Juan Domingo Perón 9255,-34.57335,-58.61199,Centro Cultural
6,Buenos Aires,Saenz Peña,Fusión 3,Chile 1223,-34.60478,-58.53062,Centro Cultural
6,Buenos Aires,Santos Lugares,Espacio La Tuerca,Bonifacini 4192,-34.59964,-58.55374,Centro Cultural
6,Buenos Aires,Tres de Febrero,Centro Cultural Alto Espacio,3 de Febrero 2572,-34.60553,-58.56376,Centro Cultural
6,Buenos Aires,Tres de Febrero,Centro Cultural Carlos Auyero,Alberdi 4707,-34.60321,-58.56221,Centro Cultural
6,Buenos Aires,Tres de Febrero,Centro Cultural Andrés Ferreyra,Andrés Ferreyra 2561,-34.60541,-58.56484,Centro Cultural
6,Buenos Aires,Tres de Febrero,Centro Cultural Juana Azurduy,Sarmiento 2594,-34.60556,-58.56557,Centro Cultural
6,Buenos Aires,Tres de Febrero,Centro Cultural La Casa deTodos,Valentin Gomez 4930,-34.60515,-58.56612,Centro Cultural
6,Buenos Aires,Munro,"La Galerita, experiencias creativas",Cornelio Saavedra 2269,-34.53473,-58.52521,Centro Cultural
6,Buenos Aires,Vicente Lopez,Estudio MV,Av. General José de San Martín 2513,-34.52989,-58.49614,Centro Cultural
6,Buenos Aires,Vicente Lopez,Foro de las Ciencias y las Artes,Av. Maipu 681,-34.53178255,-58.47909615,Centro Cultural
6,Buenos Aires,Vicente Lopez,Asociación Civil Centro Cultural Tiempos de Memoria,Caseros 231,-34.53719,-58.47962,Centro Cultural
6,Buenos Aires,Vicente Lopez,Asociación Civil La Rueda Educación Popular,Chile 601,-34.54486,-58.50525,Centro Cultural
6,Buenos Aires,Vicente Lopez,La Pajarera,Maquinista Carregal 3036,-34.52371,-58.52228,Centro Cultural
6,Buenos Aires,Vicente Lopez,Casa de la Cultura Municipal,Ricardo Gutierrez 1060,-34.509498,-58.485905,Centro Cultural
6,Buenos Aires,Vicente Lopez,El Faro,Rosetti 2331,-34.52433,-58.50805,Centro Cultural
6,Buenos Aires,Villa Martelli,La Galpona - laboratorio de ideas,Grecia 501,-34.54593,-58.50515,Centro Cultural
6,Buenos Aires,Villa Gesell,Teatro Homero Manzi,Av. 3 nº 3540,-37.28321,-56.99127,Centro Cultural
6,Buenos Aires,Hilario Ascasubi,CASA DE LA CULTURA HILARIO ASCASUBI,1° de Septiembre 583,-39.37340104,-62.64586514,Centro Cultural
6,Buenos Aires,Nicolas Levalle,ESTACIÓN NICOLAS LEVALLE,SECCION CHACRAS S/n,-38.85083739,-62.87750422,Centro Cultural
6,Buenos Aires,Pedro Luro,Casa de la Cultura de Pedro Luro,Calle 22 y 3 Sin numero,-39.50472349,-62.68631446,Centro Cultural
6,Buenos Aires,Zarate,Forum Cultural,Pellegrini y Moreno,-34.10465,-59.02146,Centro Cultural
10,Catamarca,Aconquija,Centro Cultural Policarpo,Buena Vista,-27.46942,-66.01203,Centro Cultural
10,Catamarca,Andalgala,Cooperativa de Trabajo Cachalahueca Ltda,Florida 660,-28.47975,-65.77715,Centro Cultural
10,Catamarca,San Fernando del Valle de Catamarca,La Osera Casa Cultural,Ambato 890,-28.44994,-65.79428,Centro Cultural
10,Catamarca,San Fernando del Valle de Catamarca,La Nube Galpon de las Artes - Catamarca,Dr. Tomás Vergara 1975,-28.47186,-65.80703,Centro Cultural
10,Catamarca,San Fernando del Valle de Catamarca,El Cebil,Esquiú 781,-28.46690586,-65.77587484,Centro Cultural
10,Catamarca,San Fernando del Valle de Catamarca,La casita. Arte y eventos,Formosa 1317,-28.47739,-65.77076,Centro Cultural
10,Catamarca,San Fernando del Valle de Catamarca,Qhispina Casa Albergue- Espacio Cultural,Rivadavia 60,-28.4613,-65.77848,Centro Cultural
10,Catamarca,San Fernando del Valle de Catamarca,La Primitiva,Salta 1078,-28.4741581,-65.7765194,Centro Cultural
10,Catamarca,San Fernando del Valle de Catamarca,Casa De La Cultura de Catamarca,San Martín 533,-28.469611,-65.778947,Centro Cultural
10,Catamarca,San Fernando del Valle de Catamarca,Centro Cultural Patria Grande,José Figueroa 256,-28.45689,-65.78404,Centro Cultural
10,Catamarca,Pomancillo Oeste,El Galpón Club de Salud,Avenida Martin de Guemes 785,-28.32889,-65.73717,Centro Cultural
10,Catamarca,Pomancillo Oeste,Centro Cultural Amarillo,"Ruta Provincial N° 22  km. 22,5",-28.30425563,-65.73200925,Centro Cultural
10,Catamarca,Pomán,BRUJA MULTIESPACIO,25 De Agosto 5315,-28.38969946,-66.21889219,Centro Cultural
10,Catamarca,Villa Dolores,Centro de Cultura y Trabajo Comunitario  Villa Dolores,José Joaquín de Acuña 995,-28.4405,-65.72077,Centro Cultural
10,Catamarca,Villa Dolores,Casa 33,,-28.48186804,-65.63513267,Centro Cultural
14,Córdoba,Cordoba,Almazenna Teatro Casa de Culturas,9 de julio 4331,-31.401974,-64.225637,Centro Cultural
14,Córdoba,Cordoba,Espacio Urda,9 de Julio 739,-31.4119,-64.19388,Centro Cultural
14,Córdoba,Cordoba,Centro Cultural Casona Municipal,Av. General Paz esq. La Rioja,-31.410354,-64.184934,Centro Cultural
14,Córdoba,Cordoba,Fresca Viruta Espacio,Av. Patria 1526,-31.39754,-64.16174,Centro Cultural
14,Córdoba,Cordoba,Centro Cultural Córdoba,Av. Poeta Lugones 401,-31.42771,-64.18297,Centro Cultural
14,Córdoba,Cordoba,Centro Cultural Tinku Arte,Baigorri 950,-31.39133446,-64.1876425,Centro Cultural
14,Córdoba,Cordoba,La Burbuja Circo,Boulevard Los Andes 469,-31.4041,-64.18689,Centro Cultural
14,Córdoba,Cordoba,Centro Cultural Villa el Libertador,Caracas 5413,-31.4669,-64.22481,Centro Cultural
14,Córdoba,Cordoba,Centro De Arte Contemporáneo  C.A.C,Cárcano 1750,-31.37332,-64.25496,Centro Cultural
14,Córdoba,Cordoba,Centro Cultural La Piojera,"Colón, Av. 1559",-31.40748269,-64.2040025,Centro Cultural
14,Córdoba,Cordoba,"Bendita, Arte y Sanación",Dean Funes 278,-31.41463,-64.1874,Centro Cultural
14,Córdoba,Cordoba,Irradiando,Doctor Ángel Roque Suárez 48,-31.40995,-64.2065,Centro Cultural
14,Córdoba,Cordoba,Centro Cultural Discepolín,Domingo Funes N°475,-31.42633,-64.19605,Centro Cultural
14,Córdoba,Cordoba,Centro Cultural España Córdoba,Entre Ríos 40,-31.418584,-64.183886,Centro Cultural
14,Córdoba,Cordoba,Centro Cultural Casa de Pepino,Fructuoso Rivera esq. Belgrano,-31.4254,-64.19265,Centro Cultural
14,Córdoba,Cordoba,LAN El Parisino,Gral. Simón Bolívar 751,-31.42326,-64.19381,Centro Cultural
14,Córdoba,Cordoba,Espacio  artístico  Universo de Sueños,Hulluman 1894,-31.3774,-64.16789,Centro Cultural
14,Córdoba,Cordoba,Comarca de Creadores,Lima 742,-31.41459,-64.17303,Centro Cultural
14,Córdoba,Cordoba,La Parisina Casa de Arte,Neuquén 223,-31.40707,-64.20454,Centro Cultural
14,Córdoba,Cordoba,Casa Grote,Padre Grote 1080,-31.394041,-64.167912,Centro Cultural
14,Córdoba,Cordoba,Centro Cultural Paseo de las Artes,Pasaje Revol 299,-31.42374,-64.1921,Centro Cultural
14,Córdoba,Cordoba,La Casa Colectiva,Pje Eusebio Marcilla 677,-31.40467,-64.18834,Centro Cultural
14,Córdoba,Cordoba,Estudio Escénico La Potosí,Potosí 1385,-31.40091,-64.16972,Centro Cultural
14,Córdoba,Cordoba,Centro Cultural General Paz,Pringles 420,-31.411705,-64.16807,Centro Cultural
14,Córdoba,Cordoba,Espacio Cultural Museo de las Mujeres,Rivera Indarte 55,-31.41493,-64.18514,Centro Cultural
14,Córdoba,Cordoba,Centro Cultural Alta Córdoba - Efrain Bischoff,Rodríguez Peña 1600,-31.393185,-64.188953,Centro Cultural
14,Córdoba,Cordoba,El Hormiguero,,-31.41381662,-64.18333843,Centro Cultural
14,Córdoba,Cordoba,Estudio E,Salta 554,-31.41115,-64.17597,Centro Cultural
14,Córdoba,Cordoba,Centro Cultural San Vicente,San Jerónimo 2850,-31.423444,-64.147145,Centro Cultural
14,Córdoba,Cordoba,Escafandra Espacio Cultural Comunitario,Simón Bolívar 558,-31.42076,-64.19377,Centro Cultural
14,Córdoba,Agua de Oro,Club Social y Deportivo Agua de Oro,Avenida Belgrano s/n,-31.05866,-64.29326,Centro Cultural
14,Córdoba,Agua de Oro,Río arriba cultural,Costanera Alta,-31.06608,-64.29455,Centro Cultural
14,Córdoba,Jesús Maria,"Pico de tinta, espacio taller",Cástulo Peña 719,-30.9807042,-64.0986232,Centro Cultural
14,Córdoba,La Calera,Buena Vista,Los Algarrobos 741,-31.35319,-64.31177,Centro Cultural
14,Córdoba,La Calera,Espacio Cultural El Crespin,,-31.352,-64.34012,Centro Cultural
14,Córdoba,Río Ceballos,Espacio Cultural La Vertiente,Av. San Martin 5172,-31.1661735,-64.321768,Centro Cultural
14,Córdoba,Río Ceballos,Centro Cultural Cooperativo Casa Azul,Salta 55,-31.1662059,-64.3191906,Centro Cultural
14,Córdoba,Río Ceballos,MANSA MANSION A LA VERA DEL RIO,San lorenzo 240,-31.15247351,-64.32322235,Centro Cultural
14,Córdoba,Salsipuedes,Centro Cultural Municipal El Parque,Nicolás Torres s/n,-31.13883441,-64.29066104,Centro Cultural
14,Córdoba,Unquillo,La Casa de la Cultura,Av. San Martín 1712,-31.2362857,-64.3133601,Centro Cultural
14,Córdoba,Unquillo,El Recodo del sol,Gral. Belgrano 1200,-31.221846,-64.325797,Centro Cultural
14,Córdoba,Villa Allende,"Oniria, espacio de artistas cooperativxs",Figueroa Alcorta 156,-31.29074,-64.29528,Centro Cultural
14,Córdoba,San Marcos Sierras,Casa de la Cultura Marcelo Pais,Moreno y los Algarrobos,-30.78034206,-64.64685151,Centro Cultural
14,Córdoba,Jovita,Casa de la Cultura,Mitre 46,-34.5195442,-63.9447548,Centro Cultural
14,Córdoba,Dean Funes,Centro Cultural Municipal,España 151,-30.42206,-64.35163,Centro Cultural
14,Córdoba,General Deheza,Sociedad Italiana,Buenos Aires 86,-32.77317,-63.82026,Centro Cultural
14,Córdoba,Alejo Ledesma,Centro Cultural Municipal,Fortín Las Tunas y Tucumán,-33.60467,-62.62653,Centro Cultural
14,Córdoba,Arias,Salón Centro Cultural Municipal,Belgrano 1028,-33.63607,-62.40023,Centro Cultural
14,Córdoba,San Carlos Minas,Centro Cultural Polivalente Eva Perón,Av. San Martín 50,-31.17559042,-65.10170543,Centro Cultural
14,Córdoba,Capilla del Monte,Espacio Cultural Las Chicharras,Av. Pueyrredón 648,-30.86171,-64.52429,Centro Cultural
14,Córdoba,La Cumbre,Espacio Social y Cultural Proponiendo Sueños,Bartolome Jaime esq. Dumas,-30.96806526,-64.48504599,Centro Cultural
14,Córdoba,La Falda,Eden Hotel,Av. Edén 1400,-31.09204,-64.47076,Centro Cultural
14,Córdoba,La Falda,Club Alemán ASCA,Juan José Paso 260,-31.08897,-64.47952,Centro Cultural
14,Córdoba,La Falda,Centro Holístico Allá Arriba,Las Murallas 200,-31.08918,-64.46823,Centro Cultural
14,Córdoba,Santa María de Punilla,Espacio Cultural Takay Nina,Fermin Rodriguez 1665,-31.27986635,-64.46262645,Centro Cultural
14,Córdoba,Tanti,Centro Cultural Raices Soberanas,España 406,-31.3583884,-64.5777931,Centro Cultural
14,Córdoba,Villa Cerro Azul,Espacio Sur,Salta s/n,-31.08489,-64.30977,Centro Cultural
14,Córdoba,VILLA RIO ICHO CRUZ,CENTRO CULTURAL KAIKEN,LOS HALCONES 544,-31.470833,-64.54126563,Centro Cultural
14,Córdoba,Río Cuarto,Centro Cultural Leonardo Favio,Buenos Aires 56,-33.12429934,-64.3492498,Centro Cultural
14,Córdoba,Río Cuarto,Mixtura,Lamadrid 781,-33.12513,-64.3445,Centro Cultural
14,Córdoba,Río Cuarto,LA LA LA CENTRO ARTISTICO,,-33.12426312,-64.3487377,Centro Cultural
14,Córdoba,Río Cuarto,El Viejo Cooke,Santiago del Estero 1024,-33.12522,-64.35648,Centro Cultural
14,Córdoba,Cerro Colorado,Centro Cultural Agua Escondida - Casa Museo Atahualpa Yupanqui -,Cerro Colorado,-30.09605993,-63.92877317,Centro Cultural
14,Córdoba,Pilar,Casa de la Cultura,Rivadavia 370,-31.680381,-63.88055,Centro Cultural
14,Córdoba,La Paz,Centro Cultural María Elena Walsh,Independencia 5879,-32.21812,-65.04756,Centro Cultural
14,Córdoba,Paraje Los Molles- Villa de las rosas,Espacio cultural Los Molles,Camping Los Molles,-31.96429549,-65.02009447,Centro Cultural
14,Córdoba,Villa de las Rosas,La Urpila espacio cultural,Quebrada de los Pozos,-31.95529,-65.05381,Centro Cultural
14,Córdoba,Colonia San Bartolomé,Centro Cultural y Recreativo,Av. de Mayo 714,-31.5283223,-62.72449339,Centro Cultural
14,Córdoba,Morteros,Sociedad Italiana de Socorros Mutuos Unión y beneficiencia,Italia 658,-30.704145,-62.6285,Centro Cultural
14,Córdoba,Alta Gracia,Cañito Cultural,Cañito 100 esquina Tupac Amaru,-31.65367,-64.44535,Centro Cultural
14,Córdoba,Alta Gracia,Cineclub Casero,Emile Zola s/n,-31.64831,-64.4404,Centro Cultural
14,Córdoba,Alta Gracia,Casa de la Cultura - Museo de la Ciudad,España 76,-31.658619,-64.433638,Centro Cultural
14,Córdoba,José de la Quintana,Espacio Abierto José de la Quintana,Avenida Carcano s/n,-31.80286,-64.41234,Centro Cultural
14,Córdoba,José De La Quintana,Fundación Holderlin,Los Chañares,-31.80349305,-64.41885653,Centro Cultural
14,Córdoba,Oliva,Asociación Italiana de Socorros Mutuos Giusseppe Mazzini,Roque Sáenz Peña 75,-34.53719,-63.570611,Centro Cultural
14,Córdoba,Bell Ville,Espacio Cultural Coliseo,San Martín 52,-32.63065,-62.69276,Centro Cultural
18,Corrientes,Corrientes,Centro Cultural Siete Corrientes - Sala Flotante -,Rio Paraná Puerto de Corrientes,-27.461964,-58.837679,Centro Cultural
18,Corrientes,Corrientes,La Pépinière,Ruta 12 Km 1034,-27.45919391,-58.76458017,Centro Cultural
18,Corrientes,Corrientes,Espacio Bohemio Corrientes,San Luis 1170,-27.46987,-58.84326,Centro Cultural
18,Corrientes,Corrientes,Centro Cultural La Mansión Fundación Tangara,Santa Fe 793,-27.46681627,-58.8303406,Centro Cultural
22,Chaco,Presidencia Roque Sáenz Peña,ESPACIO CULTURAL SAENZ PEÑA CHACO,Marcelo de Alvear 1415,-26.7736044,-60.44706497,Centro Cultural
22,Chaco,Puerto Tirol,La Fabrica Cultural,Barrio Las 80 Viviendas,-27.37451256,-59.09531599,Centro Cultural
22,Chaco,Puerto Tirol,LA MARAÑA,Francisco Pontón 49,-27.37048983,-59.08244919,Centro Cultural
22,Chaco,Villa Angela,Centro Cultural La Plaza,Mitre y J. B. Justo,-27.579348,-60.712792,Centro Cultural
22,Chaco,La Tigra,Centro Cultural 10 de Noviembre,Planta Urbana,-27.11578998,-60.58989417,Centro Cultural
22,Chaco,Colonia Benitez,Esto no es una Academia,El campito,-27.32595,-58.94484,Centro Cultural
22,Chaco,Barranqueras,Centro cultural “La Flota”,Capitán Solari 123,-27.48844567,-58.92639399,Centro Cultural
22,Chaco,Barranqueras,CAMALOTE CENTRO CULTURAL,Diagonal Eva Perón s/n,-27.4827,-58.93969,Centro Cultural
22,Chaco,Resistencia,Multiespacio Federación Médica del Chaco,Avalos 450,-27.44149805,-58.98961296,Centro Cultural
22,Chaco,Resistencia,Nanas suena bien,Avenida Paraguay 48,-27.44777,-58.98183,Centro Cultural
22,Chaco,Resistencia,Complejo Cultural Provincial Guido Miranda,Colón 164,-27.45543629,-58.98453691,Centro Cultural
22,Chaco,Resistencia,Nido centro de artes,José Hernández 780,-27.45059,-58.97341,Centro Cultural
22,Chaco,Resistencia,Casa de las Culturas,Marcelo T. de Alvear 90,-27.449667,-58.986148,Centro Cultural
22,Chaco,Resistencia,Centro Cultural Espacio Maracuyá,Pio XII 985 - Villa Ercilia,-27.45105,-59.0039,Centro Cultural
22,Chaco,Resistencia,Espacio Cultural Mil Flores Barranqueras,Roberto Mora 950,-27.4333799,-58.9898081,Centro Cultural
22,Chaco,Resistencia,ESTE ESPACIO CULTURAL,,-27.45211946,-58.98761744,Centro Cultural
22,Chaco,Resistencia,Centro de Cultura Popular CECUPO,San Lorenzo y Cervantes,-27.46204,-58.98647,Centro Cultural
22,Chaco,Resistencia,Centro Cultural Alternativo  CE. CU. AL,Santa María de Oro 471,-27.45402484,-58.99139164,Centro Cultural
22,Chaco,Resistencia,La Vaca Atada,Santiago del Estero 101,-27.45341,-58.99108,Centro Cultural
26,Chubut,Puerto Madryn,El Entusiasmo,25 de Mayo 935,-42.77388157,-65.03022801,Centro Cultural
26,Chubut,Puerto Madryn,El Tablado Centro Cultural,Taique 4344,-42.81898,-65.03717,Centro Cultural
26,Chubut,Puerto Pirámide,La Puerta,Av. de Las Ballenas 150,-42.57361719,-64.28368935,Centro Cultural
26,Chubut,Epuyen,Centro Cultural Antu Quillen,Parque municipal Puerto Bonito,-42.2182,-71.43904,Centro Cultural
26,Chubut,Comodoro Rivadavia,El Rincón Cultural,Antonio di Benedetto 88,-45.86196,-67.55591,Centro Cultural
26,Chubut,Comodoro Rivadavia,"Espacio Cultural ""Kultural 5""",Avenida Ricardo Gutierrez 1060,-45.8164154,-67.4555032,Centro Cultural
26,Chubut,Comodoro Rivadavia,Centro Cultural Comodoro Rivadavia,Inmigrantes Gallegos 168,-45.863152,-67.476156,Centro Cultural
26,Chubut,Comodoro Rivadavia,Centro Cultural Mujeres de la Patria,Urquiza 424,-45.86641351,-67.49235285,Centro Cultural
26,Chubut,Comodoro Rivadavia,Actitud Pandora,Viamonte 974,-45.86028,-67.50058,Centro Cultural
26,Chubut,Esquel,Calidez Cultural,Fontana y Alvear,-42.91109,-71.32086,Centro Cultural
26,Chubut,Rawson,Centro Cultural “Franco Venturi”,Cacique Nahuelpan 452,-43.3186086,-65.0493617,Centro Cultural
26,Chubut,Rawson,Centro Cultural Provincial,Federicci 216,-43.29689,-65.1054,Centro Cultural
26,Chubut,Trelew,El Árbol Asociación Cultural,Ameghino 764,-43.2504766,-65.31042218,Centro Cultural
30,Entre Ríos,Colón,Centro Cultural Político y Social Espacio Abierto Nunca Menos,Gouchon 63,-32.21648293,-58.13715898,Centro Cultural
30,Entre Ríos,San José,Centro Cultural La Botica,Sarmiento 1788,-32.213612,-58.218507,Centro Cultural
30,Entre Ríos,Concordia,Pueblo Viejo,Alem 230,-31.3987506,-58.023699,Centro Cultural
30,Entre Ríos,Los Charrúas,charruarte centro socio cultural,Av. Basavilbaso 1200,-31.17078407,-58.1873843,Centro Cultural
30,Entre Ríos,Chajari,Centro Cultural Municipal,9 de Julio Y Salvarredy,-30.753068,-57.982552,Centro Cultural
30,Entre Ríos,Federación,Casa de la Cultura Cesar Osvaldo Penalver,San Martin 448,-30.989866,-57.917755,Centro Cultural
30,Entre Ríos,Gualeguaychú,CENTRO CULTURAL ALAS,Concordia 1135,-33.01568603,-58.52071122,Centro Cultural
30,Entre Ríos,Gualeguaychú,San Benito Puerto Arte,San Lorenzo 480,-33.015562,-58.505299,Centro Cultural
30,Entre Ríos,Paraná,Centro Cultural Municipal Juan L. Ortiz,Bv. Eduardo Racedo 250,-31.742191,-60.530526,Centro Cultural
30,Entre Ríos,Paraná,Casa De La Cultura de Entre Ríos,Carbo y 9 Julio,-31.73782,-60.53024,Centro Cultural
30,Entre Ríos,Paraná,La Casita de los Gurises de mi Barrio,Franzotti 1821,-31.7218317,-60.5520021,Centro Cultural
30,Entre Ríos,Paraná,Club Social Parana,Gral. José de San Martín 958,-31.73285,-60.5304,Centro Cultural
30,Entre Ríos,Paraná,Centro Cultural y de Convenciones La Vieja Usina,Gregoria Matorras de San Martín 861,-31.721633,-60.523422,Centro Cultural
30,Entre Ríos,Paraná,Centro Cultural La Hendija,Gualeguaychú 171,-31.740231,-60.486023,Centro Cultural
30,Entre Ríos,Paraná,Centro Cultural Gloria Montoya,Melvin Jones 861,-31.71801,-60.53963,Centro Cultural
30,Entre Ríos,Paraná,Parientes Del Bar,Pescador del Paraná 121,-31.71668,-60.51089,Centro Cultural
30,Entre Ríos,Paraná,Tierra Bomba,Urquiza 1214,-31.73126,-60.53298,Centro Cultural
30,Entre Ríos,Concepcion del Uruguay,Casa de la Cultura Concepción Del Uruguay - E.R.,9 de Julio 844,-32.485107,-58.234577,Centro Cultural
30,Entre Ríos,Concepcion del Uruguay,Alianza Francesa,Leandro N. Alem 31,-32.48552,-58.23471,Centro Cultural
30,Entre Ríos,Concepcion del Uruguay,Yotivenco espacio,,-32.48453,-58.23214,Centro Cultural
30,Entre Ríos,Victoria,"Mixtura, Espacio Cultural",Congreso 601,-32.62001,-60.15458,Centro Cultural
30,Entre Ríos,Victoria,Nuevo Espacio Cultural,Mitre 659,-32.62043848,-60.15249782,Centro Cultural
34,Formosa,Formosa,El Fuelle Casa Cultural,Av. Pantaleón Gómez 1166,-26.19212396,-58.18193631,Centro Cultural
34,Formosa,Formosa,Grupo Mozart,España 415,-26.18225,-58.16935,Centro Cultural
34,Formosa,Formosa,Centro Cultural Galpón,"Paseo Costanero ""Vuelta Fermosa""",-26.183778,-58.162643,Centro Cultural
34,Formosa,Formosa,Centro Cultural del Mercado,Rivadavia y Pringles,-26.17943,-58.16761,Centro Cultural
34,Formosa,Pirane,Centro Cultural Jose Maria Lesbegueris,San Martín 565,-25.73784,-59.11333,Centro Cultural
38,Jujuy,San Salvador de Jujuy,Centro Cultural Héctor Tizón,Av. Hipolito irigoyen 1302,-24.190184,-65.306389,Centro Cultural
38,Jujuy,San Salvador de Jujuy,Centro Cultural Martin Fierro Del Complejo Educativos Jose Hernandez,Av. Illia 451,-24.168896,-65.319326,Centro Cultural
38,Jujuy,San Salvador de Jujuy,Galpones Recuperados Tupaj Katari,Av.Urquiza esquina Argañaras,-24.18359,-65.29977,Centro Cultural
38,Jujuy,San Salvador de Jujuy,Centro Cultural Municipal Éxodo Jujeño,Bahía Blanca 59,-24.20444,-65.29597,Centro Cultural
38,Jujuy,San Salvador de Jujuy,Casa De Las Letras Espacio Cultural,Belgrano 1327,-24.18567,-65.31144,Centro Cultural
38,Jujuy,San Salvador de Jujuy,Centro Cultural Jorge Cafrune,Carlos Snopek y PampaBlanca,-24.24859,-65.264909,Centro Cultural
38,Jujuy,San Salvador de Jujuy,Teatro Sociedad Española,Gral. Belgrano 110,-24.185491,-65.308315,Centro Cultural
38,Jujuy,San Salvador de Jujuy,Coquena Centro Cultural,Güemes 640,-24.18289,-65.302153,Centro Cultural
38,Jujuy,San Salvador de Jujuy,Centro Cultural La Mar en Coche,Puna 173,-24.20693,-65.27906,Centro Cultural
38,Jujuy,San Salvador de Jujuy,Centro Cultural Pachakute,,-24.1844139,-65.30399867,Centro Cultural
38,Jujuy,San Salvador de Jujuy,Centro Cultural Casa Taller – Cerro Las Rosas,,-24.1844139,-65.30399867,Centro Cultural
38,Jujuy,San Salvador de Jujuy,Centro Cultural Arte Ballet,San Martin 662,-24.18673,-65.30223,Centro Cultural
38,Jujuy,Humahuaca,Casa del Tantankuy,Salta 370,-23.203164,-65.349001,Centro Cultural
38,Jujuy,San Pedro De Jujuy,Fundación Jama: Espacio Cultural-La Esquina-.,,-24.23130211,-64.86816931,Centro Cultural
38,Jujuy,San Pedro De Jujuy,"MULTIESPACIO CULTURAL ""NUEVA TRADICION""",Velez Sarfield 32,-24.23369,-64.87041,Centro Cultural
38,Jujuy,Tilcara,La Campana Teatral,Jujuy 737,-23.578618,-65.392005,Centro Cultural
38,Jujuy,Tilcara,CENTRO CULTURAL TARINAKUY,LA HOYADA 203,-23.57575088,-65.39866259,Centro Cultural
38,Jujuy,Tilcara,Espacio Cultural Comunitario – Comparsa los Caprichosos de Tilcara,"Prolongacion Villafañe Esquina Rut, Camping",-23.57323,-65.39811,Centro Cultural
42,La Pampa,Anguil,Espacio Cultural De Ida y Vuelta,,-36.52792263,-64.0105559,Centro Cultural
42,La Pampa,Santa Rosa,Espacio Arte Propio,Avenida  Belgrano Sur 181,-36.62292,-64.27581,Centro Cultural
42,La Pampa,Santa Rosa,Espacio de Arte GRIS,G. Anza 846,-36.6376,-64.28313,Centro Cultural
42,La Pampa,Santa Rosa,Centro Cultural Municipal,Quintana 172,-36.618865,-64.293414,Centro Cultural
42,La Pampa,General Pico,Espacio Arte Propio,Calle 11 N 1185.,-35.65666,-63.75331,Centro Cultural
42,La Pampa,Toay,Recrearte,Avenida Bv. Brown y tucuman,-36.67919,-64.38746,Centro Cultural
46,La Rioja,Villa Mazán,Centro Cultural Esmeralda,,-28.6648263,-66.51661956,Centro Cultural
46,La Rioja,La Rioja,Pitcher Cultural,Belgrano 360,-29.409251,-66.858517,Centro Cultural
46,La Rioja,La Rioja,Casa Güemes,Guemes 271,-29.41636,-66.8504,Centro Cultural
46,La Rioja,La Rioja,Casa Qumanta,,-29.42178277,-66.85667538,Centro Cultural
46,La Rioja,Los Palacios,Centro Cultural 9 de Marzo. Los Palacios,"Calle Principal, Bo. Centro",-29.366459,-68.183896,Centro Cultural
50,Mendoza,Mendoza,Club Gimnasia y Esgrima,Gral. Gutiérrez 261,-32.887799,-68.842104,Centro Cultural
50,Mendoza,Mendoza,Centro Cultural Israelita de Mendoza - Sala Ana Frank,Maipú 252,-32.876409,-68.833296,Centro Cultural
50,Mendoza,Mendoza,Espacio de Fotografía Máximo Arias,Padre Jorge Contreras 1250 del Parque General San Martín,-32.8833,-68.86822,Centro Cultural
50,Mendoza,Mendoza,Centro Catalan,San Juan 1436,-32.887057,-68.836854,Centro Cultural
50,Mendoza,Mendoza,Casa Colmena,San Lorenzo 251,-32.89314,-68.84345,Centro Cultural
50,Mendoza,Mendoza,LOS 2 AMIGOS CULTURAL,San Martín 2307,-32.87581181,-68.8353917,Centro Cultural
50,Mendoza,Godoy Cruz,"CENTRO CULTURAL ""HOMBRITO ESTANZUELA""",Lago Hermoso 2500,-32.9474814,-68.8565356,Centro Cultural
50,Mendoza,Godoy Cruz,Centro Cultural Matesis,Sgto. Cabral 92,-32.926009,-68.842494,Centro Cultural
50,Mendoza,Godoy Cruz,Casa Violeta,Paraguay 1478,-32.9046598,-68.860892,Centro Cultural
50,Mendoza,Belgrano,Centro Cultural Dese el Ferro,El Ombú 1136,-32.8885365,-68.8043979,Centro Cultural
50,Mendoza,Guaymallen,Centro Cultural Pascual Lauriente,Bandera de los Andes 8956,-32.906457,-68.783093,Centro Cultural
50,Mendoza,Guaymallen,Centro Cultural Lagunita,Mathus hoyos y Lisandro de La Torres/numero,-32.86338393,-68.77946232,Centro Cultural
50,Mendoza,Guaymallen,Espacio Cultural Julio Le Parc,Mitre 1353,-32.886001,-68.814678,Centro Cultural
50,Mendoza,Guaymallen,La casita colectiva,Patricias Mendocinas 827,-32.89288,-68.84365,Centro Cultural
50,Mendoza,Uspallata,Centro Cultural de Uspallata,Ruta 52 esquina Av. Las Heras,-32.59553453,-69.35820537,Centro Cultural
50,Mendoza,Luján De Cuyo,Teatro Leonardo Favio,Viamonte 5453,-32.986112,-68.882362,Centro Cultural
50,Mendoza,Perdriel,Espacio Ekeko Cultural,20 de Junio s/n,-33.07908,-68.88431,Centro Cultural
50,Mendoza,Luzuriaga,Espacio Cultural Los Chinos,Castelli 3285,-32.94358,-68.79895,Centro Cultural
50,Mendoza,San Rafael,Centro Cultural Argentino,Bernardo de Irigoyen 148,-34.61509,-68.32782,Centro Cultural
50,Mendoza,San Rafael,Unísono espacio de arte,Domingo Faustino Sarmiento 958,-34.62182,-68.3464,Centro Cultural
50,Mendoza,Tupungato,Casa de Cultura,Las Heras y Mosconi,-33.367099,-69.148166,Centro Cultural
50,Mendoza,La Paz,Salón de actos Municipal,Laureano Galigniana,-33.46061543,-67.55265497,Centro Cultural
54,Misiones,Candelaria,Centro Cultural Leneas,"Barrio San Cayetano, mzn 127 lote 11",-27.47487866,-55.74391278,Centro Cultural
54,Misiones,Posadas,Paseo Cultural La Terminal,Av. Uruguay y Av. Mitre,-27.37432,-55.89857,Centro Cultural
54,Misiones,Posadas,Centro Cultural Misiones  Vicente Cidade,Belgrano 1345,-27.3639,-55.889054,Centro Cultural
54,Misiones,Posadas,Paseo Bosetti,Bolivar 1657,-27.36724431,-55.89207558,Centro Cultural
54,Misiones,Posadas,Peña Itapúa,Buenos Aires 422,-27.369434,-55.893032,Centro Cultural
54,Misiones,Posadas,Casa Matriz,General Paz 2455,-27.37348402,-55.88903685,Centro Cultural
54,Misiones,El Dorado,Espacio Mbopí,Argerich 51 - Km 9,-26.4104,-54.60037,Centro Cultural
54,Misiones,El Dorado,Centro Social y Cultural Paraguayo,Capitán Nauer 162 Km 7,-26.399445,-54.625177,Centro Cultural
54,Misiones,El Dorado,Colectivo Cultural y Comunitario del Monte,Coronel Felix Bogado 346,-26.40740971,-54.68050467,Centro Cultural
54,Misiones,El Dorado,Asociación Civil El Centenario Educación para el Desarrollo de Eldorado,Moreno 498,-26.39766064,-54.61654492,Centro Cultural
54,Misiones,Puerto Esperanza,Centro Cultural Ladislao Ziman,Córdoba 69,-26.02329709,-54.61250923,Centro Cultural
54,Misiones,Puerto Iguazú,ArteRoga. Multiespacio Cultural.,Yapeyu 429,-25.5936543,-54.5689412,Centro Cultural
54,Misiones,Oberá,Galpon de la Murga del Monte,Chacabuco 662,-27.493402,-55.118402,Centro Cultural
54,Misiones,Oberá,Federación de Colectividades de Obera,Ucrania 1050,-27.5011,-55.11111,Centro Cultural
54,Misiones,San Pedro,Espacio Cultural Yopará,Nicanor Cordero 450,-26.62364531,-54.10967193,Centro Cultural
54,Misiones,25 de Mayo,Municipalidad de 25 de Mayo,Belgrano y Colonizadores,-27.37157199,-54.74752249,Centro Cultural
58,Neuquén,Cutral Co,Centro Cultural de Cultral Co,Parque de la Ciudad,-38.93656332,-69.27089262,Centro Cultural
58,Neuquén,Neuquen,Arpillera Centro Cultural,Alderete 511,-38.950891,-68.051865,Centro Cultural
58,Neuquén,Neuquen,Casa Popular Arturo Jauretche,Carlos H. Rodriguez 665,-38.95257495,-68.06858696,Centro Cultural
58,Neuquén,Neuquen,Centro Cultural Provincial Juan Bautista Alberdi,Juan Bautista  Alberdi 12,-38.95286,-68.05868,Centro Cultural
58,Neuquén,Neuquen,Fundacion Fabrica de Artistas,Jujuy 11,-38.95469232,-68.06761422,Centro Cultural
58,Neuquén,Neuquen,Pehuenia Cultural del Neuquen,Los Surgentes 3050,-38.93806336,-68.10151123,Centro Cultural
58,Neuquén,Neuquen,Centro Cultural Desafios,Padre Jose Bretana 46,-38.9545003,-68.071805,Centro Cultural
58,Neuquén,Neuquen,La Conrado Centro Cultural,Yrigoyen 138,-38.95395249,-68.06081772,Centro Cultural
58,Neuquén,Plaza Huincul,sala El Angel Gris,Av. del Libertador 514,-38.928294,-69.199515,Centro Cultural
58,Neuquén,Plaza Huincul,Centro Cultural Gregorio Alvarez,Casa 25,-38.92907095,-69.20215944,Centro Cultural
58,Neuquén,Plaza Huincul,Centro Cultural,San Martín entre Azucena Maizani y Toribio Otano,-38.92907095,-69.20215944,Centro Cultural
58,Neuquén,San Martín de los Andes,ArteFactum. Nodo de Arte y Experimentación,Arroyo Calbuco s/n,-40.1261914,-71.2651177,Centro Cultural
58,Neuquén,San Martín de los Andes,Manta residencia taller,Costa del Lago Lacar,-40.16154,-71.35796,Centro Cultural
58,Neuquén,San Martín de los Andes,Centro de Iniciacion Artistica,M. Moreno  1083,-40.160818,-71.352044,Centro Cultural
58,Neuquén,San Martín de los Andes,Centro Cultural Cotesma,Roca 1154,-40.154327,-71.346969,Centro Cultural
58,Neuquén,Villa La Angostura,Casa de la Cultura,Av. 7 Lagos Y Los Alerces,-40.76416132,-71.6463089,Centro Cultural
58,Neuquén,Zapala,Casa de la Cultura,Roca 675,-38.90611,-70.060194,Centro Cultural
62,Río Negro,Viedma,El Acopio,O' Higgins,-40.80932327,-62.98532037,Centro Cultural
62,Río Negro,Viedma,centro cultural solidario y popular Lavalle,,-40.80932327,-62.98532037,Centro Cultural
62,Río Negro,El Bolson,Centro Cultural Eduardo Galeano,Onelli 2871,-41.962794,-71.536442,Centro Cultural
62,Río Negro,San Carlos De Bariloche,Surprise,Gobernador Leon Quaglia 566,-41.13762,-71.3092,Centro Cultural
62,Río Negro,San Carlos De Bariloche,Avivarte Centro Cultural Comunitario,Onelli 1698,-41.14928,-71.29965,Centro Cultural
62,Río Negro,San Carlos De Bariloche,Asociación Grupo Cre-Arte,Quaglia 540,-41.13731,-71.30884,Centro Cultural
62,Río Negro,San Carlos De Bariloche,Circópolis Centro Cultural,Santa Cruz 954,-41.14409,-71.29783,Centro Cultural
62,Río Negro,San Carlos De Bariloche,La Casita Azul - Espacio Cultural,Tiscornia 309,-41.1383245,-71.3063306,Centro Cultural
62,Río Negro,General Conesa,Circulo Comunitario Italo - Argentino,San Luis 47,-40.1099139,-64.4505224,Centro Cultural
62,Río Negro,Catriel,Casa de la Cultura,Estación Terminal de Ómnibus de Catriel,-37.876116,-67.795449,Centro Cultural
62,Río Negro,Cipolletti,Espacio Popular Pocho Lepratti,Dante Alighieri 1016,-38.93112453,-67.98915474,Centro Cultural
62,Río Negro,Cipolletti,Centro Cultural General San martin,Fray Mamerto Esquiú 1152,-38.92154,-67.98389,Centro Cultural
62,Río Negro,Cipolletti,Centro Cultural Municipal,Tres Arroyos y Toschi,-38.944001,-67.991298,Centro Cultural
62,Río Negro,General Roca,Casa de la Cultura,9 de Julio 1043,-39.02895921,-67.57939657,Centro Cultural
62,Río Negro,General Roca,Centro Cultural Comunidad Danzalibre,A. Roca entre Alsina y Artigas,-39.02670252,-67.5748541,Centro Cultural
62,Río Negro,General Roca,Centro Municipal de Arte CEMAR,Tucuman 1141,-39.02765216,-67.58059502,Centro Cultural
62,Río Negro,Ingeniero Luis A. Huergo,Carlos Canto,Av. Colón 438,-39.07002,-67.23706,Centro Cultural
62,Río Negro,San Antonio Oeste,Centro Municipal de Cultura,Victoria 240,-40.731411,-64.941349,Centro Cultural
66,Salta,Cafayate,Casa Cultural Pedro Lavaque,Camila Quintana de Niño 80,-26.072634,-65.9730774,Centro Cultural
66,Salta,Salta,Centro Cultural Minga,Alvarado 1229,-24.79055,-65.41845,Centro Cultural
66,Salta,Salta,Jagger Espacio Cultural,Balcarce 864,-24.77926,-65.41117,Centro Cultural
66,Salta,Salta,"Espacio cultural y feria Punto Artesanal, bien cultural",Bartolomé Mitre 31,-24.78943,-65.41124,Centro Cultural
66,Salta,Salta,Fundacion Raices Nuevas,España 2097,-24.732382,-65.483204,Centro Cultural
66,Salta,Salta,Usina Cultural,España y Juramento,-24.78899,-65.40389,Centro Cultural
66,Salta,Salta,Centro Cultural Pata Pila,Maipú 1431,-24.7709,-65.42465,Centro Cultural
66,Salta,Salta,Kunu`u Espacio para las Infancias,Necochea 395,-24.77893,-65.40694,Centro Cultural
66,Salta,General Guemes,C.I.Arte,,-24.66844362,-65.04935278,Centro Cultural
66,Salta,Tartagal,Centro Cultural De Los Pueblos Originarios,Tartagal,-22.51676,-63.8056,Centro Cultural
66,Salta,San Ramon de la Nueva Oran,Casa Municipal de Cultura,Hipólito Yrigoyen 137,-23.135135,-64.322198,Centro Cultural
66,Salta,La Silleta,CABILDO DEL DUENDE AMIGO,Manzana 40 Lote 5,-24.88431799,-65.55749333,Centro Cultural
66,Salta,San Carlos,Espacio Cultural El Caedero de San Carlos,Avenida San Martín 827,-24.79334,-65.41449,Centro Cultural
66,Salta,Iruya,Casa de la Cultura A.WA.WA.,San Martín S/N,-22.79208416,-65.21852927,Centro Cultural
70,San Juan,San Juan,Complejo Auditorio Juan Victoria,25 de Mayo 1215 oeste,-31.53095,-68.51022,Centro Cultural
70,San Juan,San Juan,La Casa Roja Espacio,25 de Mayo Este 604,-31.53113,-68.51758,Centro Cultural
70,San Juan,San Juan,Centro Cultural Estacion San Martín,Av. España Y Mitre,-31.538607,-68.53606,Centro Cultural
70,San Juan,San Juan,Patricias Espacio,Patricias Sanjuaninas 732,-31.54216,-68.51246,Centro Cultural
70,San Juan,San Juan,Espacio Cultural Cadiz,,-31.53719704,-68.52501832,Centro Cultural
70,San Juan,San Juan,Centro Cultural Augusto Conte Grand,San Luis oeste 701 y Las Heras,-31.53386,-68.5325,Centro Cultural
70,San Juan,San Juan,La Tetera,Entre Rios y Abraham Tapia,-31.54988,-68.52281,Centro Cultural
70,San Juan,Chimbas,"Centro cultural Raúl Carrizo ""La Fraternidad""",Barrio Costanera III. MAZA L casa81,-31.50275018,-68.59597809,Centro Cultural
70,San Juan,Rivadavia,Centro Cultural El Barro,Falucho Sur 407,-31.53442,-68.574764,Centro Cultural
74,San Luis,San Francisco,Centro Cultural San Francisco Del Monte de Oro,San Martín y 25 de Mayo,-32.60251,-66.12467,Centro Cultural
74,San Luis,Rio Grande,Monte libre,Ruta Provincial 9 km 42.5s/n,-33.08588,-66.06786,Centro Cultural
74,San Luis,Justo Daract,Espacio Cultural Coloniarte,Solis 283,-33.8580748,-65.1895328,Centro Cultural
74,San Luis,Villa Mercedes,Portal 271 Centro Cultural,Rivadavia 271,-33.68053,-65.47097,Centro Cultural
74,San Luis,Merlo,Casa Del Poeta Antonio Esteban Agüero,Poeta Agüero 380,-32.34572,-65.01526,Centro Cultural
74,San Luis,Villa de Merlo,Asociacion Civil Amigos de Merlo,Presbitero Becerra 540,-32.3424749,-65.0132726,Centro Cultural
74,San Luis,La Punta,Centro Cultural Tecla Funes,Cabildo Histórico,-33.15899,-66.32429,Centro Cultural
74,San Luis,La Punta,Espacio Cultural Cuyo Arte,modulo 13M38 C 20,-33.18165713,-66.31360769,Centro Cultural
74,San Luis,San Luis,Centro Cultural Puente Blanco,Av. del Fundador y Paseo de las Artes,-33.30231397,-66.33608774,Centro Cultural
74,San Luis,San Luis,Centro Cultural La Vía,Av. Lafinur y Av.Illia.,-33.29927,-66.34762,Centro Cultural
74,San Luis,San Luis,La Casa Azul. Periferia de Arte,Chacabuco 339,-32.7414522,-65.20612524,Centro Cultural
74,San Luis,San Luis,La Mostrijaus,Córdoba 855,-33.30044617,-66.31713822,Centro Cultural
74,San Luis,San Luis,La Tambora Cultural,Falucho Norte 2146,-33.28755026,-66.34779453,Centro Cultural
74,San Luis,San Luis,Centro Cultural Puente Blanco- Sala Hugo del Carril,Rawson 42,-33.3132159,-66.3516158,Centro Cultural
78,Santa Cruz,Caleta Olivia,Galpón Murguero,Av. Eva Perón y Misionero J. Beauvoir,-46.439384,-67.51724,Centro Cultural
78,Santa Cruz,Caleta Olivia,Cacho Camino,Ducaretz y Jorge Newbery,-46.44594923,-67.5251565,Centro Cultural
78,Santa Cruz,Las Heras,Centro Cultural Las Heras,13 de Diciembre entre Rivadavia e Islas Malvinas,-46.54245538,-68.93417732,Centro Cultural
78,Santa Cruz,Pico Truncado,Ventarrón Cultural,Belgrano 690,-46.79664441,-67.95672986,Centro Cultural
78,Santa Cruz,Pico Truncado,Casa de la Cultura de Pico Truncado,,-46.79389812,-67.95757049,Centro Cultural
78,Santa Cruz,Rio Gallegos,Espacio Malvinas,Muratore 58,-51.62443,-69.20724,Centro Cultural
78,Santa Cruz,Rio Gallegos,Asociacion Cultural Discepolin,Pasaje Hermana Perorsek 593,-51.628756,-69.236494,Centro Cultural
78,Santa Cruz,Rio Gallegos,Complejo Cultural Santa Cruz,Ramón y Cajal 38,-51.626655,-69.22029,Centro Cultural
78,Santa Cruz,Rio Turbio,Centro Cultural Municipal Renato Nestiero Maré,Av. de los Mineros y Hipólito Irigoyen,-51.53283837,-72.33410321,Centro Cultural
78,Santa Cruz,El Calafate,Centro Cultural Linda Vista,Cipres de la Cordillera 1008,-50.35284,-72.29083,Centro Cultural
78,Santa Cruz,El Calafate,Centro Cultural Municipal,Julio Argentino Roca 1100,-50.339459,-72.264731,Centro Cultural
82,Santa Fe,Chabás,Sala Cultural Chabás,Bv. Roque Saenz (Ruta 33) Peña y Gral Roca,-33.245932,-61.359696,Centro Cultural
82,Santa Fe,Rafaela,Tiza y Karbón Espacio Cultural,Bv. Lhemann 683,-31.24593,-61.49038,Centro Cultural
82,Santa Fe,Rafaela,Centro Cultural La Máscara,Constitución 250,-31.255959,-61.485702,Centro Cultural
82,Santa Fe,Rafaela,Centro Cultural Municipal Sala Sociedad Italiana,Pueyrredon 262,-31.250826,-61.487889,Centro Cultural
82,Santa Fe,Rafaela,Jauss Espacio de Arte,Sáenz Díaz 38,-31.25263,-61.48626,Centro Cultural
82,Santa Fe,Ramona,Salón del Museo,Bv. E. Tornquist 229,-31.09370418,-61.90323187,Centro Cultural
82,Santa Fe,Sunchales,Amigos del Arte - Centro de Cultura,Carlos Pellegrini 134,-34.53719,-61.492052,Centro Cultural
82,Santa Fe,Susana,Espacio Cultural El Bodegón,Colón 151,-32.2631593,-61.899669,Centro Cultural
82,Santa Fe,Firmat,Centro Cultural Norberto J. Luppi,San Martín 1514,-33.457425,-61.486657,Centro Cultural
82,Santa Fe,Villa Constitución,Club Social Villa Constitución,Independencia 2903,-33.24358422,-60.3219369,Centro Cultural
82,Santa Fe,María Teresa,Centro Cultural Comunal María Teresa,Lavalle 850,-34.0130122,-61.9155889,Centro Cultural
82,Santa Fe,Santa Isabel,Centro Cultural El Gaucho,Sarmiento 2880,-33.89033,-61.69772,Centro Cultural
82,Santa Fe,Venado Tuerto,Centro Cultural Municipal,Belgrano 843,-33.74535,-61.967459,Centro Cultural
82,Santa Fe,Las Toscas,Complejo Cultural Las Toscas,Calle 13 y Calle 6,-28.35762,-59.26119,Centro Cultural
82,Santa Fe,Reconquista,El Remanso Casa Cultural Independiente,Belgrano 920,-29.14660779,-59.64645959,Centro Cultural
82,Santa Fe,Reconquista,Errar es divino,"P. diez 282, mitre 21",-29.14628,-59.63663,Centro Cultural
82,Santa Fe,Villa Guillermina,Centro Comunal,Menchaca y Rosario,-28.24405,-59.45087,Centro Cultural
82,Santa Fe,Arroyo Leyes,Espacio Cultural Casablanca,Calle 25 entre Calle 5 y Calle 6,-31.55906257,-60.51762549,Centro Cultural
82,Santa Fe,Recreo,"""Centro Cultural Voces Comunitarias Com Caia""",Santiago de Chile s/n,-31.4974499,-60.722943,Centro Cultural
82,Santa Fe,San José del Rincón,El Jardín de los Presentes Casa Arte,"Pasaje Florida 1275 - Ruta 1 Km 5,2",-31.61191007,-60.58100302,Centro Cultural
82,Santa Fe,San José del Rincón,Curadora. Residencia/Taller,Puerto Palacio s/n,-31.57902,-60.55018,Centro Cultural
82,Santa Fe,Santa Fe,DEMOS Comunidad Cultural Emergente,9 de Julio 2239,-31.64922,-60.71006,Centro Cultural
82,Santa Fe,Santa Fe,Centro Cultural y Recreativo Alto Verde,Belgrano 8018,-29.16459255,-59.67057531,Centro Cultural
82,Santa Fe,Santa Fe,Casa de la Cultura,Bv. Galvez  1274,-31.638521,-60.688667,Centro Cultural
82,Santa Fe,Santa Fe,Púrpura - Proyecto Artísitico Pedagógico,Castellanos 1646 Primer Piso,-31.63674,-60.69242,Centro Cultural
82,Santa Fe,Santa Fe,Proyecto Trucha,Eva Perón 2743,-31.64409791,-60.70799101,Centro Cultural
82,Santa Fe,Santa Fe,Centro Cultural y Social El Birri,Gral. López 3698,-31.654654,-60.724609,Centro Cultural
82,Santa Fe,Santa Fe,Centro Cultural Provincial Francisco Paco Urondo,Junin 2457,-31.639215,-60.703156,Centro Cultural
82,Santa Fe,Santa Fe,La Moreno Centro Cultural,Marcial Candioti 3341,-31.63877,-60.69594,Centro Cultural
82,Santa Fe,Santa Fe,CLUB ATLÉTICO VILLA DORA,Ruperto Godoy 1231,-31.6198449,-60.6773377,Centro Cultural
82,Santa Fe,Santa Fe,Centro Cultural Roma,San Jerónimo 2673,-31.64457,-60.70752,Centro Cultural
82,Santa Fe,Santa Fe,Ochava Roma,Santiago de Chile 2696,-31.64092,-60.72282,Centro Cultural
82,Santa Fe,Santa Fe,Uhlala Café Concert,Tucuman 2832,-31.64602,-60.70955,Centro Cultural
82,Santa Fe,Santo Tome,Centro Cultural 12 de Septiembre,25 de Mayo 1940,-31.658225,-60.708919,Centro Cultural
82,Santa Fe,Sauce Viejo,Sala Cultural José María Vazquez,9 de Julio y Dr Manuel Galvez,-31.77063,-60.83737,Centro Cultural
82,Santa Fe,Esperanza,La Juana Sala Cultural Independiente,Sarmiento 1261,-31.45583,-60.93347,Centro Cultural
82,Santa Fe,Esperanza,Centro Cultural Municipal Dante Alighieri,Sarmiento 2551,-31.444841,-60.930214,Centro Cultural
82,Santa Fe,Franck,Centro Cultural,San Martin 2333,-31.58887362,-60.93889458,Centro Cultural
82,Santa Fe,San Jerónimo del Sauce,Casa de la Cultura,Del Rosario Entre Santa Fe y San Jose,-31.60912,-61.14087,Centro Cultural
82,Santa Fe,San Jerónimo Norte,Ciclo Cultural Arte Viva,Rivadavia 339,-31.552398,-61.076383,Centro Cultural
82,Santa Fe,Pueblo Esther,Centro Cultural. Pueblo Esther,España y San Lorenzo,-33.07155,-60.5779,Centro Cultural
82,Santa Fe,Rosario,FUNDACION UNIDOS POR LA MUSICA,27 De Febrero 826,-32.96809,-60.63988,Centro Cultural
82,Santa Fe,Rosario,Centro Cultural PAR,3 de Febrero 1265,-32.95247,-60.64198,Centro Cultural
82,Santa Fe,Rosario,En Jaque,9 de Julio 1107,-32.95387672,-60.64021349,Centro Cultural
82,Santa Fe,Rosario,Asociación Civil Facultad Libre,9 De Julio 1122,-32.95367,-60.64028,Centro Cultural
82,Santa Fe,Rosario,Sahuira,Alvear 576,-32.94068738,-60.65407677,Centro Cultural
82,Santa Fe,Rosario,CasArijón Espacio Cultural,Arijón 84 Bis,-33.00245,-60.63138,Centro Cultural
82,Santa Fe,Rosario,LA USINA,Av. Aristóbulo del Valle 6022,-32.9310868,-60.6605641,Centro Cultural
82,Santa Fe,Rosario,Madma espacio,Balcarce 837,-32.94430593,-60.6520841,Centro Cultural
82,Santa Fe,Rosario,Rayito de Sol,Benitez 2066,-32.9660266,-60.7202223,Centro Cultural
82,Santa Fe,Rosario,Asociacion Civil Jóvenes Por Rosario,Bv. Avellaneda 768,-32.93855,-60.67921,Centro Cultural
82,Santa Fe,Rosario,Espacio Luna,España 1190,-32.94982012,-60.64777145,Centro Cultural
82,Santa Fe,Rosario,CENTRO CULTURAL GUEMES,Güemes 2808,-32.93170043,-60.65898087,Centro Cultural
82,Santa Fe,Rosario,Club Argentino Brasileño,Laprida 1336,-32.95389757,-60.63586372,Centro Cultural
82,Santa Fe,Rosario,Plataforma Lavarden,Mendoza 1085,-32.951633,-60.639658,Centro Cultural
82,Santa Fe,Rosario,COMPLEJO CULTURAL ATLAS,Mitre 645,-32.85962522,-60.71426089,Centro Cultural
82,Santa Fe,Rosario,El Aserradero Rosario,Montevideo 1518,-32.95499,-60.64654,Centro Cultural
82,Santa Fe,Rosario,Centro Cultural Parque Alem,Nansen 100,-32.909087,-60.680098,Centro Cultural
82,Santa Fe,Rosario,Distrito Siete,Ovidio Lagos 790,-32.94185,-60.66147,Centro Cultural
82,Santa Fe,Rosario,Estación De Los Títeres,PARANÁ 1350,-32.94403,-60.69253,Centro Cultural
82,Santa Fe,Rosario,"La Tornería, Espacio Cultural",Pasaje Amsterdam 1113,-32.9933859,-60.64964319,Centro Cultural
82,Santa Fe,Rosario,Bohemia bar cultural,Pellegrini 1584,-32.95589,-60.64754,Centro Cultural
82,Santa Fe,Rosario,Club Social y Cultural QueTePasa,Ricchieri 340,-32.93666,-60.66156,Centro Cultural
82,Santa Fe,Rosario,Centro Cultural La Nave,San Lorenzo 1383,-32.9434,-60.64158,Centro Cultural
82,Santa Fe,Rosario,PUERTO DE IDEAS,San Luis 818,-32.94969268,-60.63486614,Centro Cultural
82,Santa Fe,Rosario,Centro Cultural Roberto Fontanarrosa,San Martin 1080,-32.950144,-60.637636,Centro Cultural
82,Santa Fe,Rosario,Galpón Tablada,San Martín 1168,-32.95111915,-60.638028,Centro Cultural
82,Santa Fe,Rosario,Espacio Cultural Franja Del Río,Sargento Cabral hasta Monumento A La Bandera,-32.9435,-60.63108,Centro Cultural
82,Santa Fe,Rosario,A´Ki Sala Cultural,Sarmiento 1232,-32.95254,-60.6398,Centro Cultural
82,Santa Fe,Rosario,La Casita Rosario,Sarmiento 2133,-32.96232,-60.64204,Centro Cultural
82,Santa Fe,Rosario,Centro Cultural Parque España - CCPE/AECI,Sarmiento y el Río Paraná,-32.938868,-60.63637,Centro Cultural
82,Santa Fe,Rosario,Centro Cultural de La Toma,Tucuman 1349,-32.941152,-60.640529,Centro Cultural
82,Santa Fe,Rosario,Micelio Producción de Expresión,Valparaiso 520,-32.93536,-60.68121,Centro Cultural
82,Santa Fe,Soldini,Casa de la Cultura,Estanislao López 1013,-33.0269225,-60.7574883,Centro Cultural
82,Santa Fe,Villa Amelia,Germinal Terrakius,Corrientes 256,-33.17706,-60.66495,Centro Cultural
82,Santa Fe,Ceres,Centro Cultural Soc. Italiana,Hipólito Irigoyen 260,-29.885185,-61.945379,Centro Cultural
82,Santa Fe,Videla,Centro Cultural Videla,Antonino Noseda s/n (Ex predio del Ferrocarril),-30.94650326,-60.65644124,Centro Cultural
82,Santa Fe,Capitán Bermúdez,Estación Cultural,San Martín 41,-32.82305554,-60.71272157,Centro Cultural
82,Santa Fe,San Lorenzo,Descubrir Centro Cultural,Uriburu 1375,-32.74795,-60.74058,Centro Cultural
82,Santa Fe,San Lorenzo,Buenas Raíces Club Cultural,Av. San Martín 360,-32.75806,-60.73377,Centro Cultural
82,Santa Fe,Piamonte,Sala Kumelén de Carlos Pellegrini,Rivadavia 899,-32.14395,-61.97775,Centro Cultural
82,Santa Fe,Sastre,El Desarmadero Espacio Cultural,Italia 1347,-31.77124,-61.82462,Centro Cultural
82,Santa Fe,Vera,La Quinta,Roque Sáenz Peña 3090,-29.44935,-60.21489,Centro Cultural
86,Santiago del Estero,La Banda,Centro Cultural Telesita,Lázaro Criado N°86 B° La Fraternidad,-27.73390636,-64.23896099,Centro Cultural
86,Santiago del Estero,La Banda,Centro Cultural Homero Manzi,República del Líbano 244,-27.814817,-64.2403467,Centro Cultural
86,Santiago del Estero,Santiago del Estero,Centro Intercultural de Ecología Social (CIES),Av. Aguirre (norte) 250,-27.7860358,-64.2786121,Centro Cultural
86,Santiago del Estero,Santiago del Estero,El Observatorio,Independencia 1665,-27.80413234,-64.24332386,Centro Cultural
86,Santiago del Estero,Santiago del Estero,DIVAS Diversidad Valiente Santiagueña,Yapeyu 1226,-27.8028353,-64.2704985,Centro Cultural
86,Santiago del Estero,Termas De Rio Hondo,Centro Cultural Gral. San Martin,Av. Francisco de Uriarte Y Suipacha,-27.497767,-64.862668,Centro Cultural
90,Tucumán,Banda Del Rio Sali,Gotitas de ternura cultural,Gral. José de San Martín 2595,-26.83404614,-65.1654184,Centro Cultural
90,Tucumán,La Cocha,Centro Cultural La Cocha,Narcisa Eva Riera s/n,-27.77300484,-65.58645684,Centro Cultural
90,Tucumán,San Isidro de Lules,Casa de la Cultura San Isidro de Lules,Almte. Brown 761,-26.928735,-65.34008,Centro Cultural
90,Tucumán,San Isidro de Lules,Casa de la Cultura,Italia  250,-26.925915,-65.339359,Centro Cultural
90,Tucumán,San Miguel de Tucuman,Fundación para el desarrollo de las artes escénicas - FUNDAE,9 de Julio 1816   613 Planta Baja,-26.8559,-65.21048,Centro Cultural
90,Tucumán,San Miguel de Tucuman,LA CASONA,Av. Alem 599,-26.83598664,-65.22036709,Centro Cultural
90,Tucumán,San Miguel de Tucuman,Acuarelas del sur,Av. Americo Vespucio 2219,-26.8522806,-65.2403025,Centro Cultural
90,Tucumán,San Miguel de Tucuman,La Soñada Epacio Cultural y Producciones,Av. Avellaneda 470,-26.82595,-65.19578,Centro Cultural
90,Tucumán,San Miguel de Tucuman,PUERTO CULTURAL LIBERTAD,Combate de Las Piedras 1850,-26.83062526,-65.22659265,Centro Cultural
90,Tucumán,San Miguel de Tucuman,Magic Music Box,José Colombres 427,-26.82326,-65.21235,Centro Cultural
90,Tucumán,San Miguel de Tucuman,Fundación Mate Cocido,Lavaisse 3542,-26.8468,-65.25661,Centro Cultural
90,Tucumán,San Miguel de Tucuman,La Colorida,Mendoza 2955,-26.820086,-65.241031,Centro Cultural
90,Tucumán,San Miguel de Tucuman,Centro Cultural Leticia,San Martín 1075,-26.82788738,-65.21317502,Centro Cultural
90,Tucumán,San Miguel de Tucuman,El Arbol de Galeano-Club Cultural,Virgen de la Merced 435 (ex-Rivadavia),-26.82559,-65.20024,Centro Cultural
90,Tucumán,Tafi Viejo,Casa de la Cultura Viejo Tafí,Av. Alem 753,-26.72936,-65.26299,Centro Cultural
90,Tucumán,Yerba Buena,Centro Cultural Aconquija,Avenida Aconquija 1978,-26.81267,-65.29825,Centro Cultural
90,Tucumán,Yerba Buena,Casa de la Cultura Yerba Buena,Higueritas 1850,-26.804512,-65.294021,Centro Cultural
90,Tucumán,Yerba Buena,Comedor Cultural San Jose Solidario,,-26.81557093,-65.26915834,Centro Cultural
94,"Tierra del Fuego, Antártida e Islas del Atlántico Sur",Río Grande,Centro Cultural Yaganes,Av. Manuel Belgrano 334,-53.782758,-67.697143,Centro Cultural
94,"Tierra del Fuego, Antártida e Islas del Atlántico Sur",Río Grande,Centro Cultural Leandro N. Alem,Av. Manuel Belgrano y Calle Juan Bautista Alberdi,-53.78767,-67.70431,Centro Cultural
94,"Tierra del Fuego, Antártida e Islas del Atlántico Sur",Río Grande,Refugio del Arte Fueguino,Av. Sarmiento 9420,-53.80450118,-67.73457528,Centro Cultural
94,"Tierra del Fuego, Antártida e Islas del Atlántico Sur",Río Grande,MAGMA Espacio Cultural,Juan Bautista Alberdi s/n,-53.78665882,-67.70601087,Centro Cultural
94,"Tierra del Fuego, Antártida e Islas del Atlántico Sur",Río Grande,Casa de la Cultura Sala Angela Loij,Sebastián Elcano 50,-53.786037,-67.700224,Centro Cultural
94,"Tierra del Fuego, Antártida e Islas del Atlántico Sur",Ushuaia,Centro Cultural Esther Fadul,2 de Abril 1577,-54.79631,-68.27956,Centro Cultural
94,"Tierra del Fuego, Antártida e Islas del Atlántico Sur",Ushuaia,Casa de la Juventud (ex Medio Caño),Av. Jorge Garramuño y Jainén,-54.80364046,-68.31606248,Centro Cultural
94,"Tierra del Fuego, Antártida e Islas del Atlántico Sur",Ushuaia,Centro Cultural Nueva Argentina,Av. San Martín 1052,-54.80839,-68.31245,Centro Cultural
94,"Tierra del Fuego, Antártida e Islas del Atlántico Sur",Ushuaia,El Planeta de Origen,Teresa Rodriguez 4933,-54.8243319,-68.3648857,Centro Cultural
94,"Tierra del Fuego, Antártida e Islas del Atlántico Sur",Ushuaia,Centro Cultural ACTUAR,,-54.80364046,-68.31606248,Centro Cultural
6,Buenos Aires,9 de Julio,Archivo Y Museo Histórico Gral. Julio De Vedia,Libertad 1191,-35.441762,-60.887598,Espacios de Exhibición Patrimonial
6,Buenos Aires,Arrecifes,Museo Y Archivo Histórico De Arrecifes,Gerardo Risso y España,-34.06697,-60.102555,Espacios de Exhibición Patrimonial
6,Buenos Aires,Avellaneda,Museo Histórico-Sacro  Hno. Rogelio Scortegagna,Calle 11 (Av. San Martín) Nº 830,-29.118024,-59.654543,Espacios de Exhibición Patrimonial
6,Buenos Aires,Avellaneda,Museo Municipal De Artes Plásticas De Avellaneda,"Sarmiento 101, 1 º Piso",-34.66211,-58.36327,Espacios de Exhibición Patrimonial
6,Buenos Aires,Azul,Museo Etnográfico Y Archivo Histórico Enrique Squirru,Bartolomé J. Ronco 654,-36.781824,-59.858636,Espacios de Exhibición Patrimonial
6,Buenos Aires,Bahía Blanca,Museo De Bellas Artes,Sarmiento 450,-38.7131,-62.2622,Espacios de Exhibición Patrimonial
6,Buenos Aires,Bahía Blanca,Museo De Ciencias,Castelli 3702,-38.6928,-62.3087,Espacios de Exhibición Patrimonial
6,Buenos Aires,Bahía Blanca,Museo Y Parque Estereoscópico El Histórico Café Museo,Italia 19,-38.724527,-62.273735,Espacios de Exhibición Patrimonial
6,Buenos Aires,Bahía Blanca,Museo De Arte Contemporáneo,Sarmiento 450,-38.7131,-62.2622,Espacios de Exhibición Patrimonial
6,Buenos Aires,Bahía Blanca,Museo Y Archivo Histórico Municipal,Dorrego 116 Sub Suelo,-38.7152,-62.2603,Espacios de Exhibición Patrimonial
6,Buenos Aires,Balcarce,Museo Juan Manuel Fangio,Dardo Rocha y Bartolomé Mitre,-37.85056,-58.255192,Espacios de Exhibición Patrimonial
6,Buenos Aires,Balcarce,Museo Histórico Municipal,32 y 35 Emplazado en el Cerro el Triunfo,-37.85056,-58.255192,Espacios de Exhibición Patrimonial
6,Buenos Aires,Banfield,Museo De Artes Plásticas Pío Collivadino,Medrano 165,-34.7482,-58.3946,Espacios de Exhibición Patrimonial
6,Buenos Aires,Baradero,Museo Aeronáutico Baradero Vicente 'Tito' Churín,Jorge Newbery 1450,-33.817642,-59.49308,Espacios de Exhibición Patrimonial
6,Buenos Aires,Beccar,Museo Lucy Mattos,Av. Libertador 17426,-34.458953,-58.520181,Espacios de Exhibición Patrimonial
6,Buenos Aires,Berisso,Museo De La Soda Y El Sifón,60 N° 768 / 128 (Rotonda),-34.901699,-57.921988,Espacios de Exhibición Patrimonial
6,Buenos Aires,Berisso,Asociación 1871 Museo De Berisso,Av. 32 Esq. Montevideo,-34.877062,-57.856338,Espacios de Exhibición Patrimonial
6,Buenos Aires,Berisso,Museo Ornitolólogico Municipal De Berisso,Montevideo 821,-34.8687,-57.8837,Espacios de Exhibición Patrimonial
6,Buenos Aires,Bernal,Museo Municipal Histórico Regional Almirante Brown,25 de Mayo 198,-34.7123,-58.2849,Espacios de Exhibición Patrimonial
6,Buenos Aires,Burzaco,Museo Claudio León Sempere,Colón 581,-34.7918,-58.3503,Espacios de Exhibición Patrimonial
6,Buenos Aires,Capilla del Señor,Museo Del Periodismo Bonaerense,Rivadavia 477,-34.294305,-59.098521,Espacios de Exhibición Patrimonial
6,Buenos Aires,Capilla del Señor,Museo De Arte Sacro Amalia Sosa Palacio De Carol,Bolívar 338,-34.295469,-59.100659,Espacios de Exhibición Patrimonial
6,Buenos Aires,Carhue,Museo Regional Dr. Adolfo Alsina,Rivadavia y Laprida,-37.181184,-62.761667,Espacios de Exhibición Patrimonial
6,Buenos Aires,Carmen de Patagones,Museo Histórico Regional Emma Nozzi,J.J.Biedma 64,-40.803265,-62.985805,Espacios de Exhibición Patrimonial
6,Buenos Aires,Carmen de Patagones,Museo Carmen De Patagones De La Prefectura Naval Argentina,Mitre 350,-40.799546,-62.990096,Espacios de Exhibición Patrimonial
6,Buenos Aires,Caseros,Palacio San José - Museo Y Monumento Histórico Nacional Justo José De Urquiza,Ruta Provincial 39 Km. 128 (Desvio al Norte 3 Km.),-32.466694,-58.478098,Espacios de Exhibición Patrimonial
6,Buenos Aires,Chacabuco,Museo Y Archivo Histórico,Moreno 171,-34.6409,-60.4669,Espacios de Exhibición Patrimonial
6,Buenos Aires,Chapadmalal,Museo Unidad Turística Chapadmalal Eva Perón,Ruta Nº 11 Km 33.5 Hotel Nº 5.,-38.178051,-57.651372,Espacios de Exhibición Patrimonial
6,Buenos Aires,Chascomus,Museo Pampeano,Avda. Lastra y Muñiz,-35.577998,-58.017113,Espacios de Exhibición Patrimonial
6,Buenos Aires,Chivilcoy,Museo De Artes Plásticas Pompeo Boggio,Bolívar 319,-34.891366,-60.022753,Espacios de Exhibición Patrimonial
6,Buenos Aires,Chivilcoy,Museo Histórico Municipal F. A. Castagnino,9 de Julio 177,-34.900377,-60.018883,Espacios de Exhibición Patrimonial
6,Buenos Aires,Chivilcoy,Museo Arqueológico Municipal,9 de Julio 177,-34.895242,-60.022772,Espacios de Exhibición Patrimonial
6,Buenos Aires,Ciudadela,Museo Histórico Del Ejército Argentino,Carlos Pellegrini 4000,-34.6311,-58.5433,Espacios de Exhibición Patrimonial
6,Buenos Aires,Claromeco,Museo Regional De Claromecó Aníbal Paz,Calle 28 Entre 9 y 11 S/N,-38.858268,-60.074491,Espacios de Exhibición Patrimonial
6,Buenos Aires,Coronel Brandsen,Micro Cosmo Museum 1Er. Complejo Museístico Mundial Del Microcosmos,Azcuénaga 926,-35.170389,-58.238246,Espacios de Exhibición Patrimonial
6,Buenos Aires,Coronel Dorrego,Museo Regional Dr. Carlos Funes Derieul,Maciel 555,-38.717614,-61.288043,Espacios de Exhibición Patrimonial
6,Buenos Aires,Coronel Pringles,Museo Antimuseo Pillahuincó,Cabrera 455,-37.984408,-61.348839,Espacios de Exhibición Patrimonial
6,Buenos Aires,Coronel Pringles,Museo Agrario Y De Transporte,Sáenz Peña y Stagmann,-37.984122,-61.356787,Espacios de Exhibición Patrimonial
6,Buenos Aires,Coronel Pringles,Museo De Ciencias Naturales,Alem 1375,-37.983559,-61.348544,Espacios de Exhibición Patrimonial
6,Buenos Aires,Coronel Pringles,Museo Municipal De Bellas Artes,Juan P. Cabrera 455,-37.988799,-61.354054,Espacios de Exhibición Patrimonial
6,Buenos Aires,Coronel Pringles,Museo Pringles De Arqueología E Historia,Alvear Entre Colón y España,-37.988799,-61.354054,Espacios de Exhibición Patrimonial
6,Buenos Aires,Coronel Pringles,Museo Miguel G. Flesia,Stegmann 1032,-37.983131,-61.358056,Espacios de Exhibición Patrimonial
6,Buenos Aires,Dolores,Museo Histórico Provincial Libres Del Sur,Juan Bautista Selva 390,-36.318665,-57.675217,Espacios de Exhibición Patrimonial
6,Buenos Aires,Dolores,Museo Del Colegio Nacional Aristóbulo Del Valle,Crámer 450,-36.318642,-57.67285,Espacios de Exhibición Patrimonial
6,Buenos Aires,Emilio V. Bunge,Museo Comunal Pedro Bargero,Gobernador Arias 496,-34.782191,-63.196046,Espacios de Exhibición Patrimonial
6,Buenos Aires,Ensenada,Museo Y Biblioteca Juan Guarnieri - Casa Huarpe,Leandro N. Alem 1081,-34.850396,-57.92042,Espacios de Exhibición Patrimonial
6,Buenos Aires,Ensenada,Museo Histórico Fuerte De La Ensenada De Barragán,Avda. Almirante Brown y Calle 60 Punta Lara,-34.8215,-57.9661,Espacios de Exhibición Patrimonial
6,Buenos Aires,Ensenada,Museo Contraalmirante Rafael E. Chalier,Río Santiago - Escuela Naval Militar,-34.84165,-57.893365,Espacios de Exhibición Patrimonial
6,Buenos Aires,Florencio Varela,Museo Histórico Provincial Guillermo E. Hudson,"Calle 1356 (El Zaino), Entre Av. Hudson y 1379",-34.80208,-58.264498,Espacios de Exhibición Patrimonial
6,Buenos Aires,Florida,Museo De La Piedra Argentina,Esteban Echeverría 333,-34.533,-58.4909,Espacios de Exhibición Patrimonial
6,Buenos Aires,Florida,Museo Forrajeria De La Familia García,Gral. José María Paz 1584,-34.526868,-58.491632,Espacios de Exhibición Patrimonial
6,Buenos Aires,General Belgrano,Museo Histórico Municipal Alfredo E. Múlgura,Avda. Larrea 454,-35.769121,-58.493413,Espacios de Exhibición Patrimonial
6,Buenos Aires,Gral. la Madrid,Archivo Y Museo Histórico Juan Carlos Pacín,San Martín 545,-37.252695,-61.259562,Espacios de Exhibición Patrimonial
6,Buenos Aires,La Plata,Museo De Historia De La Medicina Dr. Santiago Garostiague,Avda. 60 y 120 Facultad de Ciencias Médicas,-34.909535,-57.928953,Espacios de Exhibición Patrimonial
6,Buenos Aires,La Plata,Museo Y Galería Fotográfica Mugafo Centro Cultural Islas Malvinas,Calle 19 E/ 50 y 51,-34.926257,-57.961684,Espacios de Exhibición Patrimonial
6,Buenos Aires,La Plata,Museo De Anatomía Veterinaria Dr. Víctor Manuel Arroyo,Calle 60 y 118,-34.91114,-57.930749,Espacios de Exhibición Patrimonial
6,Buenos Aires,La Plata,Museo De Historia Militar Teniente General Julio Argentino Roca,Calle 137 y 635,-35.001053,-57.902284,Espacios de Exhibición Patrimonial
6,Buenos Aires,La Plata,Museo Almafuerte,Calle 66 530,-34.9246,-57.9331,Espacios de Exhibición Patrimonial
6,Buenos Aires,La Plata,Museo Provincial De Bellas Artes Emilio Pettoruti,Avda. 51 N° 525 E/5 y 6,-34.913773,-57.947692,Espacios de Exhibición Patrimonial
6,Buenos Aires,La Plata,Museo Pictórico Indigenista Yana Kúntur,"Calle 516, N°2479 Entre 19 y 20",-34.8989,-58.0002,Espacios de Exhibición Patrimonial
6,Buenos Aires,La Plata,Museo De Instrumentos Musicales Dr. Emilio Azzarini,Calle 45 Nro. 582,-34.9113,-57.9537,Espacios de Exhibición Patrimonial
6,Buenos Aires,La Plata,Museo De La Artesanía Tradicional Argentina Y Latinoamericanajuan Alfonso Carrizo,Calle 2 N° 417,-34.9111,-57.9433,Espacios de Exhibición Patrimonial
6,Buenos Aires,La Plata,Museo José Juan Podestá,10 N° 727 Entre 46 y 47,-34.91512,-57.956169,Espacios de Exhibición Patrimonial
6,Buenos Aires,La Plata,Museo De Arte Contemporáneo Latinoamericano (Macla),50 E/ 6 y 7 Pasaje Dardo Rocha,-34.920184,-57.941166,Espacios de Exhibición Patrimonial
6,Buenos Aires,La Plata,Museo Gráfico E Histórico Del Club De Gimnasia Y Esgrima La Plata,4 N° 979,-34.913027,-57.945249,Espacios de Exhibición Patrimonial
6,Buenos Aires,La Plata,Museo Del Automóvil Colección Rau,Av. 1 Nº 121 Entre 34 y 35,-34.896597,-57.960406,Espacios de Exhibición Patrimonial
6,Buenos Aires,La Plata,Museo De La Plata,Paseo del Bosque S/N,-34.9106,-57.9416,Espacios de Exhibición Patrimonial
6,Buenos Aires,La Plata,Museo Municipal De Arte,Calle 50 Entre 6 y 7. Pasaje Dardo Rocha,-34.9143,-57.9493,Espacios de Exhibición Patrimonial
6,Buenos Aires,La Plata,Museo Y Archivo Dardo Rocha,Calle 50 N° 933,-34.9212,-57.9566,Espacios de Exhibición Patrimonial
6,Buenos Aires,La Plata,Museo Eclesiástico Catedral,Calle 14 Entre 51 y 53,-34.9222,-57.9557,Espacios de Exhibición Patrimonial
6,Buenos Aires,La Plata,Museo De Arte Contemporáneo Beato Angélico,Calle 47 Entre 16 y Diag. 73,-34.9216,-57.9616,Espacios de Exhibición Patrimonial
6,Buenos Aires,La Plata,Archivo Histórico Y Museo Del Servicio Penitenciario Bonaerense,35 N° 535 E/ 5 y 6,-34.901463,-57.964068,Espacios de Exhibición Patrimonial
6,Buenos Aires,La Plata,Museo De Física,"Calle 115, Entre 49 y 50 S/N",-34.907913,-57.942886,Espacios de Exhibición Patrimonial
6,Buenos Aires,La Plata,Museo Del Tango Platense Oscar A. Bozzarelli,15 Nº 1579,-34.932314,-57.944732,Espacios de Exhibición Patrimonial
6,Buenos Aires,La Plata,Museo De Odontología Orestes Walter Siutti,50 E/ 1 y 15 - Facultad de Odontología,-34.908329,-57.943054,Espacios de Exhibición Patrimonial
6,Buenos Aires,La Plata,Museo De Calcos,"Diagonal 78 N 680, Oficina 16",-34.922339,-57.94179,Espacios de Exhibición Patrimonial
6,Buenos Aires,La Plata,Museo Policial,Calle 54 N° 393 Entre 2 y 3,-34.912075,-57.942017,Espacios de Exhibición Patrimonial
6,Buenos Aires,Laguna de Los Padres,Museo Municipal José Hernández,"Ruta 226 Km. 14,5",-37.956443,-57.771628,Espacios de Exhibición Patrimonial
6,Buenos Aires,Lincoln,Museo Enrique Urcola,Avdea. 9 de Julio 260,-34.8714,-61.529141,Espacios de Exhibición Patrimonial
6,Buenos Aires,Loberia,Museo De Ciencias Naturales Gesué P. Noseda,Alvear 181,-38.167505,-58.784647,Espacios de Exhibición Patrimonial
6,Buenos Aires,Lobos,Museo Y Biblioteca Provincial Presidente Juan Domingo Perón,Pte. Perón 482,-35.190349,-59.097169,Espacios de Exhibición Patrimonial
6,Buenos Aires,Lujan,Complejo Museográfico Provincial Enrique Udaondo,"Calle Lavalle 917, Entre Lezica y Torrezuri",-34.573023,-59.109553,Espacios de Exhibición Patrimonial
6,Buenos Aires,Lujan,Museo Municipal De Bellas Artes Fernán Félix De Amador,9 de Julio 863,-34.5637,-59.1205,Espacios de Exhibición Patrimonial
6,Buenos Aires,Mar del Plata,Centro Cultural Victoria Ocampo,Matheu 1851,-38.0199,-57.5528,Espacios de Exhibición Patrimonial
6,Buenos Aires,Mar del Plata,Museo Municipal De Arte Juan Carlos Castagnino,Avda. Colón 1189 - Villa Ortiz Basualdo,-38.010598,-57.535927,Espacios de Exhibición Patrimonial
6,Buenos Aires,Mar del Plata,Museo Municipal De Ciencias Naturales Lorenzo Scaglia,Avda. Libertad 3099,-37.955666,-57.617466,Espacios de Exhibición Patrimonial
6,Buenos Aires,Mar del Plata,Archivo Museo Histórico Municipal Roberto T. Barili,Lamadrid 3870,-38.0208,-57.5528,Espacios de Exhibición Patrimonial
6,Buenos Aires,Marcos Paz,Museo De Arte Hispano Luso Americano Y Del Folklore,Hipólito Irigoyen 377,-34.7843,-58.8326,Espacios de Exhibición Patrimonial
6,Buenos Aires,Martínez,Museo Chavín De Huantar,Luis Sáenz Peña 2864,-34.4987,-58.5006,Espacios de Exhibición Patrimonial
6,Buenos Aires,Miramar,Museo De La Región De Ansenuza Aníbal Montes,Sarmiento Esq. Urquiza,-30.91351,-62.675507,Espacios de Exhibición Patrimonial
6,Buenos Aires,Miramar,Museo Del Gran Hotel Viena De Miramar,Croacia S/N,-30.90497,-62.668371,Espacios de Exhibición Patrimonial
6,Buenos Aires,Miramar,Museo Municipal Punta Hermengo,"Vivero Bosque ""Florentino Ameghino""",-38.288378,-57.849794,Espacios de Exhibición Patrimonial
6,Buenos Aires,Miramar,Museo Fotográfico De Miramar,Libertad 124,-30.914302,-62.676602,Espacios de Exhibición Patrimonial
6,Buenos Aires,Monte Grande,Museo Histórico Municipal La Campana,"Deán Gregorio Funes 1221, B° la Morita",-34.813,-58.4584,Espacios de Exhibición Patrimonial
6,Buenos Aires,Monte Hermoso,Museo Municipal De Ciencias Naturales,"Avda. Recalada 243,",-38.981945,-61.299913,Espacios de Exhibición Patrimonial
6,Buenos Aires,Morón,Museo De La Catedral De Morón Inmaculada Concepción Del Buen Viaje,Gral. Manuel Belgrano 327,-34.6521,-58.6212,Espacios de Exhibición Patrimonial
6,Buenos Aires,Morón,Museo Histórico Y De Arte Gral. José De San Martín,Casullo 59,-34.6492,-58.6241,Espacios de Exhibición Patrimonial
6,Buenos Aires,Morón,Museo Nacional De Aeronáutica Brig. Edmundo H. Civati Bernasconi,Avda. Eva Perón 2200,-34.6761,-58.638,Espacios de Exhibición Patrimonial
6,Buenos Aires,Munro,Museo Del Cine Lumiton,Sargento Cabral 2354,-34.528,-58.515868,Espacios de Exhibición Patrimonial
6,Buenos Aires,Pigüe,Museo Y Archivo De La Ciudad De Pigüé,"Parque Municipal ""Fortunato Chiappara""",-37.60925,-62.404575,Espacios de Exhibición Patrimonial
6,Buenos Aires,Púan,Museo Municipal Ignacio Balvidares,San Martín y Garay,-37.543316,-62.76712,Espacios de Exhibición Patrimonial
6,Buenos Aires,Puente Márquez,Museo Orlando Ambrosio Binaghi,Puente de Márquez 1251 y Mendoza,-34.6226,-58.7303,Espacios de Exhibición Patrimonial
6,Buenos Aires,Quilmes,Museo Municipal Del Transporte Don Carlos Hillner Y Decoud,Laprida y Ricardo Rojas,-34.749,-58.2732,Espacios de Exhibición Patrimonial
6,Buenos Aires,Quilmes,Museo De Artes Visuales Víctor E. Roverano,Rivadavia 498,-34.7192,-58.2517,Espacios de Exhibición Patrimonial
6,Buenos Aires,Quilmes,Museo Municipal Histórico Fotográfico De Quilmes Gerónima Irma Giles Y Gaetano De Mayol,25 de Mayo 218 Este / Lavalle y Brown,-34.712406,-58.285194,Espacios de Exhibición Patrimonial
6,Buenos Aires,Ramallo,Museo Histórico Municipal De Ramallo Hércules J. Rabagliati,Moreno 890,-33.484192,-60.003624,Espacios de Exhibición Patrimonial
6,Buenos Aires,Ranchos,Museo Histórico De Ranchos Marta Inés Martínez,Leopoldo Casal 3059,-35.520171,-58.318442,Espacios de Exhibición Patrimonial
6,Buenos Aires,Ranchos,Museo Ferroviario Ranchos,Belgrano y Moreno,-35.518814,-58.312557,Espacios de Exhibición Patrimonial
6,Buenos Aires,Rauch,Museo Municipal De Artes Plásticas Faustino Jorge Bonadeo,Avda. San Martín 155,-36.778364,-59.093311,Espacios de Exhibición Patrimonial
6,Buenos Aires,Salliquelo,Museo Gabriel Campomar Cervera,Brasil 455,-36.745792,-62.956782,Espacios de Exhibición Patrimonial
6,Buenos Aires,Salto,Museo Rincón De Historia,Oscar Eduardo Quiñones,-34.29499,-60.254621,Espacios de Exhibición Patrimonial
6,Buenos Aires,San Andrés,Museo Histórico Regional Brigadier General Don Juan Manuel De Rosas,Diego Pombo 3324,-34.566183,-58.544521,Espacios de Exhibición Patrimonial
6,Buenos Aires,San Antonio de Areco,Museo De Artes Plásticas Juan B. Tapia,Lavalle 363,-34.243119,-59.47406,Espacios de Exhibición Patrimonial
6,Buenos Aires,San Antonio de Areco,Centro Cultural Y Museo Usina Vieja,Alsina 66,-34.242521,-59.474494,Espacios de Exhibición Patrimonial
6,Buenos Aires,San Antonio de Areco,Museo Evocativo Y De Bellas Artes Osvaldo Gasparini,Alvear 521,-34.247423,-59.468823,Espacios de Exhibición Patrimonial
6,Buenos Aires,San Antonio de Areco,Parque Criollo Y Museo Gauchesco Ricardo Güiraldes,Camino Ricardo Güiraldes S/N,-34.252753,-59.470872,Espacios de Exhibición Patrimonial
6,Buenos Aires,San Isidro,Museo Histórico Municipal Brig. Gral. Juan M. Pueyrredón,Rivera Indarte 48,-34.4705,-58.5033,Espacios de Exhibición Patrimonial
6,Buenos Aires,San Isidro,Museo Biblioteca Y Archivo Histórico Municipal De San Isidro Dr. Horacio Beccar Varela,Adrián Beccar Varela 774,-34.467301,-58.507225,Espacios de Exhibición Patrimonial
6,Buenos Aires,San Justo,Museo Histórico Municipal Rosa Giussani De Piva,9 de Julio 2457,-30.788731,-60.591787,Espacios de Exhibición Patrimonial
6,Buenos Aires,San Miguel,Museo Mariposas Del Mundo,Italia 650,-34.5401,-58.7037,Espacios de Exhibición Patrimonial
6,Buenos Aires,San Nicolás de Los Arroyos,Museo Y Archivo Histórico Municipal Don Gregorio Santiago Chervo,Francia 187,-33.3273,-60.2209,Espacios de Exhibición Patrimonial
6,Buenos Aires,San Nicolás de Los Arroyos,Museo Y Biblioteca De La Casa Del Acuerdo De San Nicolás,De la Nación 139-143,-33.33,-60.2164,Espacios de Exhibición Patrimonial
6,Buenos Aires,Tandil,Museo Municipal De Bellas Artes De Tandil (Mumbat),Chacabuco 357,-37.3304,-59.1375,Espacios de Exhibición Patrimonial
6,Buenos Aires,Tandil,Museo Histórico Fuerte Independencia,4 de Abril 845,-37.3207,-59.1311,Espacios de Exhibición Patrimonial
6,Buenos Aires,Tapalqué,Museo Y Centro De Cultura,Avda. Belgrano 225,-36.354957,-60.024454,Espacios de Exhibición Patrimonial
6,Buenos Aires,Tigre,Museo De La Reconquista,Avda. Liniers y Padre Castañeda,-34.4162,-58.5883,Espacios de Exhibición Patrimonial
6,Buenos Aires,Tigre,Museo Naval De La Nación,Paseo Victorica 602,-34.4124,-58.5868,Espacios de Exhibición Patrimonial
6,Buenos Aires,Tigre,Museo Histórico De La Prefectura Naval Argentina,Avda. Liniers 1264,-34.421,-58.5878,Espacios de Exhibición Patrimonial
6,Buenos Aires,Tigre,Museo De Arte Tigre,Paseo Victorica 972,-34.4101,-58.5893,Espacios de Exhibición Patrimonial
6,Buenos Aires,Tornquist,Museo Histórico Regional Fuerte Argentino,Gral. Paz 51,-38.102089,-62.224189,Espacios de Exhibición Patrimonial
6,Buenos Aires,Trenque Lauquen,Museo Histórico De Las Campañas Al Desierto Gral. Conrado E. Villegas,San Martín 1150,-35.979196,-62.727318,Espacios de Exhibición Patrimonial
6,Buenos Aires,Trenque Lauquen,Museo Cívico Almafuerte,Almafuerte 174,-35.975541,-62.727325,Espacios de Exhibición Patrimonial
6,Buenos Aires,Tres Arroyos,Museo Municipal José A. Mulazzi,San Martín 323,-38.3745,-60.2791,Espacios de Exhibición Patrimonial
6,Buenos Aires,Tres Arroyos,Museo De Bellas Artes De Tres Arroyos,Avda. Moreno 232,-38.3787,-60.2737,Espacios de Exhibición Patrimonial
6,Buenos Aires,Vicente López,Museo Rómulo Raggio,Gaspar Campos 861,-34.528,-58.4754,Espacios de Exhibición Patrimonial
6,Buenos Aires,Victoria,Museo De La Ciudad Carlos A. Anadón,Avda. Congreso 593,-32.620114,-60.154819,Espacios de Exhibición Patrimonial
6,Buenos Aires,Victoria,Museo Ovni Y De La Ciencia,Sarmiento 526,-32.620139,-60.156697,Espacios de Exhibición Patrimonial
6,Buenos Aires,Villa Adelina,Museo De La Palabra,Luis María Drago 2265,-34.5202,-58.5522,Espacios de Exhibición Patrimonial
6,Buenos Aires,Villa Ballester,Museo Argentino De La Gaseosa (Mag),Lacroze 5063 5°A,-34.5472,-58.5553,Espacios de Exhibición Patrimonial
6,Buenos Aires,Villa Ballester,Museo Histórico José Hernández - Chacra Pueyrredón,Presbítero Carballo 5042 (Calle 111),-34.5619,-58.5729,Espacios de Exhibición Patrimonial
6,Buenos Aires,Villa Elisa,El Porvenir - Monumento Histórico Municipal Y Museo Regional,Churruarín S/N,-32.163047,-58.403773,Espacios de Exhibición Patrimonial
6,Buenos Aires,Villa Espora,Museo De La Aviación Naval,Base Aeronaval Comandante Espora,-38.7346,-62.1586,Espacios de Exhibición Patrimonial
6,Buenos Aires,Villa Gesell,Museo Y Archivo Histórico Municipal,"Alameda 201 y Calle 303, Pinar del Norte",-37.252233,-56.961261,Espacios de Exhibición Patrimonial
6,Buenos Aires,Villa Santa Rosa,Museo Histórico Municipal De Villa Santa Rosa,Urquiza 474,-31.153926,-63.401584,Espacios de Exhibición Patrimonial
6,Buenos Aires,Villa Santa Rosa,Museo Casa Natal Del Cura Brochero,"Deán Funes, Esq. Luis R. García",-31.153926,-63.401584,Espacios de Exhibición Patrimonial
6,Buenos Aires,Virrey del Pino,Museo Histórico Municipal Brigadier Gral. Don Juan Manuel De Rosas,"M. Herrera y Colastiné (Ruta Nac. Nro. 3, Km. 40.2)",-34.853094,-58.656709,Espacios de Exhibición Patrimonial
6,Buenos Aires,Monte Grande,Casa De La Cultura,S.T de Santamarina 432,-34.818703,-58.465765,Espacios de Exhibición Patrimonial
6,Buenos Aires,Remedios de Escalada,Centro Interactivo De Ciencia Y Tecnología: Abremate,Hipólito Irigoyen 5682 - Lanús,-34.7207,-58.3943,Espacios de Exhibición Patrimonial
6,Buenos Aires,Vicente López,Fundación Rómulo Raggio,Gaspar Campos 861,-34.527699,-58.4756519,Espacios de Exhibición Patrimonial
6,Buenos Aires,Vicente López,Dacil Urbana,Cazadores de Coquimbo 2841,-34.5222582,-58.5169347,Espacios de Exhibición Patrimonial
6,Buenos Aires,Vicente López,Museo Antártico Fundación Marambio,Cerrito 4093,-34.527931,-58.5509759,Espacios de Exhibición Patrimonial
6,Buenos Aires,Vicente López,Museo Lumiton,Sargento Cabral 2354,-34.5277812,-58.516176,Espacios de Exhibición Patrimonial
10,Catamarca,Andalgala,Museo Mineralógico Y Folklórico Municipal,San Martín y Schmidt,-27.575748,-66.32354,Espacios de Exhibición Patrimonial
10,Catamarca,Andalgala,Museo Arqueológico Provincial Samuel Alejandro Lafone Quevedo,Pérez de Zurita 640,-27.58347,-66.315951,Espacios de Exhibición Patrimonial
10,Catamarca,Andalgalá,Museo Mineralógico Municipal Francisco Vera,Pérez de Zurita S/N. Ciudad De Andalgalá.,-27.575748,-66.32354,Espacios de Exhibición Patrimonial
10,Catamarca,Andalgalá,Museo De Sitio Muschaka. Complejo Turístico Minero,Choya Andalgalá,-27.575748,-66.32354,Espacios de Exhibición Patrimonial
10,Catamarca,Antofagasta de la Sierra,Museo Mineralógico De La Puna,Av. San Martín S/N,-29.319132,-65.056913,Espacios de Exhibición Patrimonial
10,Catamarca,Antofagasta de la Sierra,Museo Del Hombre,Plaza 9 de Julio,-26.036968,-67.438246,Espacios de Exhibición Patrimonial
10,Catamarca,Belén,Museo Arqueológico Provincial Cóndor Huasi,"San Martín 310. Galería Misael, Planta alta",-27.646092,-67.035558,Espacios de Exhibición Patrimonial
10,Catamarca,Corral Quemado,Museo Integral De Corral Quemado,Corral Quemado,-27.152562,-66.950398,Espacios de Exhibición Patrimonial
10,Catamarca,Fiambalá,Museo De Los Seismiles,Centro Cívico-Cultural,-27.681686,-67.643215,Espacios de Exhibición Patrimonial
10,Catamarca,Fiambalá,Museo De Sitio De La Comandancia De Armas,Barrio San Pedro,-27.681686,-67.643215,Espacios de Exhibición Patrimonial
10,Catamarca,Fiambalá,Museo Del Hombre,Abaucan S/N,-27.691054,-67.620898,Espacios de Exhibición Patrimonial
10,Catamarca,Hualfin,Museo Arqueológico De Hualfin,Calle Principal,-27.211913,-66.835488,Espacios de Exhibición Patrimonial
10,Catamarca,La Higuera,Estancia Jesuítica La Candelaria,La Candelaria - Departamento Cruz del Eje,-31.015767,-65.100709,Espacios de Exhibición Patrimonial
10,Catamarca,La Higuera,Museo Popular De Historia Regional Macat Henen,Calle Pública S/N,-31.015767,-65.100709,Espacios de Exhibición Patrimonial
10,Catamarca,Mutquin,Museo Arqueológico E Histótirico Municipal De Mutquin,Pje. Bicentenario S/N,-28.3262,-66.156735,Espacios de Exhibición Patrimonial
10,Catamarca,Puerta de San José,Museo De Puerta De San José,Puerta de San José,-27.542267,-67.015311,Espacios de Exhibición Patrimonial
10,Catamarca,San Fernando del Valle de Catamarca,Museo Provincial De La Fiesta Nacional E Internacional Del Poncho,Av. México S/N - Predio Ferial Catamarca,-28.447415,-65.756226,Espacios de Exhibición Patrimonial
10,Catamarca,San Fernando del Valle de Catamarca,Museo Arqueológico Adán Quiroga,Sarmiento 450,-28.4664,-65.78,Espacios de Exhibición Patrimonial
10,Catamarca,San Fernando del Valle de Catamarca,Museo Esquiú,"Convento de San Francisco, Esquiú 554",-28.467,-65.7792,Espacios de Exhibición Patrimonial
10,Catamarca,San Fernando del Valle de Catamarca,Centro De Interpretación Del Pueblo Perdido,Ruta Prov. 4 Km 4,-28.467328,-65.829192,Espacios de Exhibición Patrimonial
10,Catamarca,San Fernando del Valle de Catamarca,Casa Caravatti. Museo De La Ciudad,Rivadavia 1050,-28.4741,-65.7783,Espacios de Exhibición Patrimonial
10,Catamarca,San Fernando del Valle de Catamarca,Museo Provincial De Bellas Artes Laureano Brizuela,San Martín 316,-28.4698,-65.7825,Espacios de Exhibición Patrimonial
10,Catamarca,San Fernando del Valle de Catamarca,Museo Folklórico Provincial Juan Alfonso Carrizo,"Paseo General Navarro, subsuelo (La Alameda)",-28.469563,-65.789319,Espacios de Exhibición Patrimonial
10,Catamarca,San Fernando del Valle de Catamarca,Museo Histórico De La Provincia,Chacabuco 425,-28.471,-65.7809,Espacios de Exhibición Patrimonial
10,Catamarca,Santa María,Museo Arqueológico Provincial Eric Boman,"San Martín, Esq. Belgrano, Centro Cultural",-26.662254,-66.058905,Espacios de Exhibición Patrimonial
10,Catamarca,Tinogasta,Museo Arqueológico Dr. Guillermo Rafael Alanís,Copiapó 488,-28.060524,-67.568221,Espacios de Exhibición Patrimonial
10,Catamarca,Tinogasta,Museo Arqueológico De Tinogasta Tulio Robaudi,"Constitución 750, Centro Cultural",-28.066266,-67.580239,Espacios de Exhibición Patrimonial
10,Catamarca,Ubicado a 5 Km. de la ciudad de Londres,Museo Y Centro De Interpretación Del Sitio El Shincal,"Sitio Arqueológico ""EL Shincal""",-27.707704,-67.147962,Espacios de Exhibición Patrimonial
10,Catamarca,Villa Vil,Museo Comunitario De Barranca Larga,Ruta Prov. 43,-27.098075,-66.828946,Espacios de Exhibición Patrimonial
10,Catamarca,Villa Vil,Museo Integral De Laguna Blanca,Reserva de la biosfera de Laguna Blanca,-27.073616,-66.830753,Espacios de Exhibición Patrimonial
10,Catamarca,San Fernando del Valle de Catamarca,Casa Natal De Fray Mamerto Esquiú,Ruta Provincial 1,-28.3861,-65.7071,Espacios de Exhibición Patrimonial
10,Catamarca,San Fernando del Valle de Catamarca,Cuesta Del Portezuelo,El Portezuelo,-28.4667,-65.6333,Espacios de Exhibición Patrimonial
22,Chaco,Barranqueras,Museo Del Centenario Casita De Barranqueras,Av. Laprida 5355,-27.487334,-58.931266,Espacios de Exhibición Patrimonial
22,Chaco,Charata,Museo Regional Municipal Del Sudoeste Chaqueño,Avda. Gral. San Martín 263,-27.22258,-61.191561,Espacios de Exhibición Patrimonial
22,Chaco,Colonia Benítez,"Museo, Casa Y Jardín Botánico Augusto Schulz",Av. Schulz 150,-27.333117,-58.94503,Espacios de Exhibición Patrimonial
22,Chaco,Isla del Cerrito,Museo Histórico Regional De La Isla Del Cerrito,Casco Histórico - Isla del Cerrito,-27.295318,-58.617865,Espacios de Exhibición Patrimonial
22,Chaco,La Tigra,Museo Regional La Tigra - Herramientas Que Hicieron Chaco,Planta Urbana,-27.118326,-60.589884,Espacios de Exhibición Patrimonial
22,Chaco,Lapachito,Museo Hortencio Quijano,Villa Quijano (2 Km de Planta Urbana),-27.161324,-59.390409,Espacios de Exhibición Patrimonial
22,Chaco,Las Breñas,Museo Municipal Del Inmigrante,Vedia y Rivadavia,-27.085899,-61.087719,Espacios de Exhibición Patrimonial
22,Chaco,Las Palmas,Museo Y Archivo Histórico Ricardo Y Carlos Hardy,Inmueble de Las Ex Instalaciones de la Empresa Las Palmas del Chaco Austral S.A.,-27.050434,-58.6796,Espacios de Exhibición Patrimonial
22,Chaco,Margarita Belén,Museo Del Cooperativismo Juan Pellizardi,Planta Urbana,-27.264177,-58.974166,Espacios de Exhibición Patrimonial
22,Chaco,Presidencia Roca,Museo Municipal Benjamín Victorica,Capitán Solari y Av. Victorica,-26.142754,-59.596855,Espacios de Exhibición Patrimonial
22,Chaco,Presidencia Roque Sáenz Peña,Museo De Los Paisanos Checoslovacos Jan Osycka,,-26.786811,-60.430133,Espacios de Exhibición Patrimonial
22,Chaco,Presidencia Roque Sáenz Peña,Museo Histórico De La Fundación,Av. 1 Entre 4 y 6,-26.794967,-60.438517,Espacios de Exhibición Patrimonial
22,Chaco,Presidencia Roque Sáenz Peña,Museo Histórico De La Ciudad,Av. Sarmiento y Pasaje Centenario,-26.794146,-60.442137,Espacios de Exhibición Patrimonial
22,Chaco,Puerto Tirol,Museo Del Tanino,,-27.380678,-59.085751,Espacios de Exhibición Patrimonial
22,Chaco,Quitilipi,Museo Aborigen René James Sotelo,"Antártida Argentina, Esq. Av. Sarmiento",-26.875748,-60.218521,Espacios de Exhibición Patrimonial
22,Chaco,Resistencia,"Sitio Histórico, Casa Y Museo Luis Geraldi",Santa Fe 3100 . Villa Elba,-27.424954,-59.012563,Espacios de Exhibición Patrimonial
22,Chaco,Resistencia,Museo De Las Esculturas Urbanas Del Mundo (Museum),Av. de Los Inmigrantes 1001,-27.439341,-58.981387,Espacios de Exhibición Patrimonial
22,Chaco,Resistencia,Museo De La Memoria,Marcelo T. de Alvear 32,-27.449875,-58.98572,Espacios de Exhibición Patrimonial
22,Chaco,Resistencia,Museo De Medios De Comunicación  Raúl Berneri,Carlos Pellegrini 213,-27.451012,-58.982826,Espacios de Exhibición Patrimonial
22,Chaco,Resistencia,Fogón De Los Arrieros,Brown 350,-27.4523,-58.9818,Espacios de Exhibición Patrimonial
22,Chaco,Resistencia,Museo Del Títere Tibi,Vedia 547,-27.453889,-58.993107,Espacios de Exhibición Patrimonial
22,Chaco,Resistencia,Museo - Espacio Resistencia,Hipólito Irigoyen 1875,-27.465443,-58.968602,Espacios de Exhibición Patrimonial
22,Chaco,Resistencia,Museo Malvinas Chaco,"Av, Alberdi 2100",-27.468072,-59.005289,Espacios de Exhibición Patrimonial
22,Chaco,Resistencia,Museo Del Hombre Chaqueño Prof. Ertivio Acosta,Juan B. Justo 280,-27.4542,-58.985,Espacios de Exhibición Patrimonial
22,Chaco,Resistencia,Museo De Bellas Artes René Brusau,M. T. de Alvear 90,-27.456845,-58.994459,Espacios de Exhibición Patrimonial
22,Chaco,Resistencia,Museo Regional De Antropología Juan A. Martinet,Avda. Las Heras 727,-27.463029,-58.985799,Espacios de Exhibición Patrimonial
22,Chaco,Resistencia,Museo Histórico Regional Ichoalay,Necochea 456,-27.4524,-58.993,Espacios de Exhibición Patrimonial
22,Chaco,Resistencia,Museo De Ciencias Naturales Augusto G. Schulz,Carlos Pellegrini 800,-27.4455,-58.9769,Espacios de Exhibición Patrimonial
22,Chaco,Resistencia,Museo Policial Del Chaco Carlos Chiesanova,Julio A. Roca 233,-27.450254,-58.98956,Espacios de Exhibición Patrimonial
22,Chaco,San Bernardo,Museo Florentino Ameghino,Ex Ruta 95,-27.292971,-60.71496,Espacios de Exhibición Patrimonial
22,Chaco,Villa Ángela,Museo Histórico Municipal De Villa Ángela,Sarmiento y Marcelo T. de Alvear,-27.578534,-60.709413,Espacios de Exhibición Patrimonial
22,Chaco,Resistencia,Casa. Museo y Sitio Historico Luis Geraldi,Pasaje Santa Fe 3100. 3500 Fontana. Argentina,-27.4288978,-59.0076558,Espacios de Exhibición Patrimonial
22,Chaco,Resistencia,Museo de Medios de Comunicación,Carlos Pellegrini 219,-27.4509016,-58.9828864,Espacios de Exhibición Patrimonial
26,Chubut,28 de Julio,Museo Tecnológico De La Localidad,"Ruta Nº 10, Ch. 338",-43.3294,-65.7896,Espacios de Exhibición Patrimonial
26,Chubut,Camarones,Museo De La Familia Perón,Estrada 467,-44.7946,-65.7122,Espacios de Exhibición Patrimonial
26,Chubut,Comodoro Rivadavia,Museo Chalet Huergo,Ruta Nacional N° 3 S/N Frente al Camino del Centenario,-45.837062,-67.479809,Espacios de Exhibición Patrimonial
26,Chubut,Comodoro Rivadavia,Museo Ferroportuario,Av. Rivadavia y 9 de Julio,-45.8627,-67.4784,Espacios de Exhibición Patrimonial
26,Chubut,Comodoro Rivadavia,Museo Histórico Militar Chacabuco,Km 11 S/N,-45.87311,-67.496082,Espacios de Exhibición Patrimonial
26,Chubut,Comodoro Rivadavia,Museo Nacional Del Petróleo,Avda. Petrolero San Lorenzo N° 203 - B° Gral. Mosconi,-45.857883,-67.477034,Espacios de Exhibición Patrimonial
26,Chubut,Comodoro Rivadavia,Museo Regional Patagónico Prof. Antonio Garcés,Rivadavia y Chacabuco,-45.8624,-67.4908,Espacios de Exhibición Patrimonial
26,Chubut,Cushamen,Museo Histórico Regional,Libertad S/N,-42.3667,-71.0333,Espacios de Exhibición Patrimonial
26,Chubut,El Hoyo,Museo Histórico Regional El Hoyo,Paseo de Los Pobladores,-42.070128,-71.52064,Espacios de Exhibición Patrimonial
26,Chubut,El Maitén,Museo La Trochita,Pelegrini 842,-42.056446,-71.16729,Espacios de Exhibición Patrimonial
26,Chubut,Esquel,Museo Histórico Esquel,Mitre 524 (Esq. San Martín),-42.915457,-71.318485,Espacios de Exhibición Patrimonial
26,Chubut,Esquel,Museo De Culturas Originarias Patagónicas,Paraje Boquete Nahuelpan - Estación del Ferrocarril,-42.903185,-71.319191,Espacios de Exhibición Patrimonial
26,Chubut,Esquel,Museo Lituano Olgbrun,"Los Ñires 1038, Villa Ayelén",-42.9205,-71.3505,Espacios de Exhibición Patrimonial
26,Chubut,Esquel,Museo De Pintura Naif,Av. Alvear y Fontana. Centro Melipal,-42.915457,-71.318485,Espacios de Exhibición Patrimonial
26,Chubut,Facundo,Museo Regional Los Tamariscos,Ruta Nacional 40,-45.304994,-69.933401,Espacios de Exhibición Patrimonial
26,Chubut,Gaiman,Museo Antropológico,Lucero S/N,-43.2896,-65.4922,Espacios de Exhibición Patrimonial
26,Chubut,Gaiman,Museo Casa Del Poeta,Almirante Brown 328,-43.2896,-65.4922,Espacios de Exhibición Patrimonial
26,Chubut,Gaiman,Museo Primera Casa,J.C. Evans,-43.2896,-65.4922,Espacios de Exhibición Patrimonial
26,Chubut,Gaiman,Museo Histórico Regional,28 de Julio 705,-43.2885,-65.4916,Espacios de Exhibición Patrimonial
26,Chubut,Gobernador Costa,Museo Regional Casique Valentín Sayhueque,San Martín y Perito Moreno,-44.055081,-70.597902,Espacios de Exhibición Patrimonial
26,Chubut,Leleque,Museo Leleque,"Ruta Nacional 40, Km 1440. Estancia Benetton",-42.431011,-71.068371,Espacios de Exhibición Patrimonial
26,Chubut,Los Altares,Museo De Mineralogía,Ruta Provincial 25,-43.873296,-68.430123,Espacios de Exhibición Patrimonial
26,Chubut,Puerto Madryn,Museo Gemas,San Luis 805,-42.7544,-65.0493,Espacios de Exhibición Patrimonial
26,Chubut,Puerto Madryn,Museo Del Desembarco,Bulevard Browns S/N,-42.7544,-65.0493,Espacios de Exhibición Patrimonial
26,Chubut,Puerto Madryn,Museo Provincial De Ciencias Naturales Y Oceanográfico,Domecq García y Menéndez,-42.762232,-65.039954,Espacios de Exhibición Patrimonial
26,Chubut,Puerto Madryn,Museo Municipal De Arte,Avda. Roca 444,-42.768027,-65.032037,Espacios de Exhibición Patrimonial
26,Chubut,Rada Tilly,Museo Regional De Rada Tilly,Combate de Martín García 176,-45.934138,-67.558743,Espacios de Exhibición Patrimonial
26,Chubut,Rawson,Museo Histórico De La Ciudad,Av. San Martín 830,-43.303871,-65.103405,Espacios de Exhibición Patrimonial
26,Chubut,Rawson,Museo Histórico De La Policía De La Provincia Del Chubut,Av. Antártida Argentina 650,-43.2999,-65.0995,Espacios de Exhibición Patrimonial
26,Chubut,Rawson,Museo Provincial Del Soldado De Malvinas,Julio A. Roca 562,-43.2999,-65.0995,Espacios de Exhibición Patrimonial
26,Chubut,Rawson,Instituto De Investigaciones Arqueológicas Y Museo Prof. Mariano Gambier,"Ruta 40, Lateral Este (entre Progreso y Calle 5)",-31.582909,-68.523732,Espacios de Exhibición Patrimonial
26,Chubut,Rio Mayo,Museo Regional Dr. Federico Escalada,Avda. Ejército Argentino S/N - Casa de la Cultura,-45.698499,-70.255966,Espacios de Exhibición Patrimonial
26,Chubut,Sarmiento,Museo Regional Desiderio Torres,20 de Junio 114,-45.593725,-69.069517,Espacios de Exhibición Patrimonial
26,Chubut,Trelew,Museo Municipal De Artes Visuales,Mitre 350,-43.2491,-65.3074,Espacios de Exhibición Patrimonial
26,Chubut,Trelew,Museo Pueblo De Luis,Avda. 9 de Julio y Avda. Fontana,-43.250477,-65.310422,Espacios de Exhibición Patrimonial
26,Chubut,Trelew,Museo Paleontológico Egidio Feruglio,Av. Fontana 140,-43.2491,-65.3074,Espacios de Exhibición Patrimonial
26,Chubut,Trevelin,Museo Nuestras Raíces,Ruta Provincial Nº 34 (A 7 Km de Trevelin),-43.092999,-71.465457,Espacios de Exhibición Patrimonial
26,Chubut,Trevelin,Museo Regional,Molino Viejo 488,-43.0792,-71.4643,Espacios de Exhibición Patrimonial
26,Chubut,Trevelin,Museo Cartref Taid (Hogar Del Abuelo),El Malacara S/N,-43.078253,-71.460629,Espacios de Exhibición Patrimonial
26,Chubut,Trevelin,"Molino Nant Fach, Thomás Dalar Evans","Ruta 259, Km 56",-43.0792,-71.4643,Espacios de Exhibición Patrimonial
26,Chubut,Biedma,Centro De Visitantes Istmo C. Ameghino,Itsmo de la Península de Valdés,-42.4761,-64.4128,Espacios de Exhibición Patrimonial
26,Chubut,Puerto Madryn,Ecocentro,Julio Verne 3784,-42.7544,-65.0493,Espacios de Exhibición Patrimonial
26,Chubut,Rawson,Aquavida- Centro De Interpretación De La Biodiversidad Regional,Av. Rawson S/N (frente a la plaza Luis Piedra Buena),-43.2999,-65.0995,Espacios de Exhibición Patrimonial
26,Chubut,Puerto Madryn,Museo Municipal de Arte,Av. Roca 444,-42.76866101,-65.03141845,Espacios de Exhibición Patrimonial
26,Chubut,Puerto Madryn,Museo Histórico Juan Meisen Ebene,1ro. de marzo y Ciudad de Nefyn,-42.76576312,-65.04090278,Espacios de Exhibición Patrimonial
2,Ciudad Autónoma de Buenos Aires,Ciudad Autónoma de Buenos Aires,Museo Malvinas E Islas Del Atlántico Sur,Av. del Libertador 8151,-34.540283,-58.46409,Espacios de Exhibición Patrimonial
2,Ciudad Autónoma de Buenos Aires,Ciudad Autónoma de Buenos Aires,Museo De Maquetas,Ciudad Universitaria - Pabellón iii,-34.544363,-58.440278,Espacios de Exhibición Patrimonial
2,Ciudad Autónoma de Buenos Aires,Ciudad Autónoma de Buenos Aires,Museo De Matemática Mateuba,"Ciudad Universitaria, pabellón i, 2do. Piso",-34.544363,-58.440278,Espacios de Exhibición Patrimonial
2,Ciudad Autónoma de Buenos Aires,Ciudad Autónoma de Buenos Aires,Museo De Mineralogía Dra. Elmira Inés Mórtola,Ciudad Universitaria pabellón ii,-34.544363,-58.440278,Espacios de Exhibición Patrimonial
2,Ciudad Autónoma de Buenos Aires,Ciudad Autónoma de Buenos Aires,Museo Líbero Badii,11 de Setiembre 1990,-34.559824,-58.450187,Espacios de Exhibición Patrimonial
2,Ciudad Autónoma de Buenos Aires,Ciudad Autónoma de Buenos Aires,Museo De Los Patricios De Buenos Ayres,Av. Int. Bullrich 481,-34.576542,-58.426072,Espacios de Exhibición Patrimonial
2,Ciudad Autónoma de Buenos Aires,Ciudad Autónoma de Buenos Aires,Museo De Arte Latinoamericano De Buenos Aires Malba - Fundación Constantín,Av. Figueroa Alcorta 3415,-34.577484,-58.4037,Espacios de Exhibición Patrimonial
2,Ciudad Autónoma de Buenos Aires,Ciudad Autónoma de Buenos Aires,Museo Del Automóvil Club Argentino,Avda. del Libertador 1850,-34.5826,-58.3998,Espacios de Exhibición Patrimonial
2,Ciudad Autónoma de Buenos Aires,Ciudad Autónoma de Buenos Aires,Museo Y Archivo Histórico De La Facultad De Derecho De La Universidad De Buenos Aires,Av. Figueroa Alcorta 2263,-34.583246,-58.392699,Espacios de Exhibición Patrimonial
2,Ciudad Autónoma de Buenos Aires,Ciudad Autónoma de Buenos Aires,Museo Fotográfico Simik,Av. Federico Lacroze 3901,-34.584383,-58.453649,Espacios de Exhibición Patrimonial
2,Ciudad Autónoma de Buenos Aires,Ciudad Autónoma de Buenos Aires,Museo Nacional De Bellas Artes,Avda. del Libertador 1473,-34.5846,-58.3923,Espacios de Exhibición Patrimonial
2,Ciudad Autónoma de Buenos Aires,Ciudad Autónoma de Buenos Aires,Palais De Glace - Palacio Nacional De Las Artes,Posadas 1725,-34.585994,-58.389655,Espacios de Exhibición Patrimonial
2,Ciudad Autónoma de Buenos Aires,Ciudad Autónoma de Buenos Aires,Museo De Arquitectura Y Diseño,Avda. del Libertador 999,-34.58663,-58.385729,Espacios de Exhibición Patrimonial
2,Ciudad Autónoma de Buenos Aires,Ciudad Autónoma de Buenos Aires,Claustros Del Pilar,Junín 1904,-34.587287,-58.391969,Espacios de Exhibición Patrimonial
2,Ciudad Autónoma de Buenos Aires,Ciudad Autónoma de Buenos Aires,Museo Notario Roberto Mario Arata,Guido 1841,-34.589645,-58.390332,Espacios de Exhibición Patrimonial
2,Ciudad Autónoma de Buenos Aires,Ciudad Autónoma de Buenos Aires,Museo Padre Cool,Junín 1223,-34.594167,-58.397069,Espacios de Exhibición Patrimonial
2,Ciudad Autónoma de Buenos Aires,Ciudad Autónoma de Buenos Aires,Museo Casa Del Teatro,Av. Santa Fe 1243,-34.595599,-58.384959,Espacios de Exhibición Patrimonial
2,Ciudad Autónoma de Buenos Aires,Ciudad Autónoma de Buenos Aires,Comisión De Historia Y Museo De Odontología De La Asociación Odontológica Argentina,Junín 959,-34.597805,-58.397211,Espacios de Exhibición Patrimonial
2,Ciudad Autónoma de Buenos Aires,Ciudad Autónoma de Buenos Aires,Museo De La Historia De La Cirugía Vicente Aníbal Risolía,Paraguay 2155,-34.598038,-58.398271,Espacios de Exhibición Patrimonial
2,Ciudad Autónoma de Buenos Aires,Ciudad Autónoma de Buenos Aires,Museo Del Holocausto,Montevideo 919,-34.5982,-58.3897,Espacios de Exhibición Patrimonial
2,Ciudad Autónoma de Buenos Aires,Ciudad Autónoma de Buenos Aires,Museo Forense De La Justicia Nacional Dr. Juan Bautista Bafico,Junín 760,-34.6003,-58.3972,Espacios de Exhibición Patrimonial
2,Ciudad Autónoma de Buenos Aires,Ciudad Autónoma de Buenos Aires,Taller Museo Gyula Kosice,Humahuaca 4662,-34.601011,-58.430613,Espacios de Exhibición Patrimonial
2,Ciudad Autónoma de Buenos Aires,Ciudad Autónoma de Buenos Aires,Museo Casa De Batato Barea,"Tucumán 3054, dpto. 11",-34.601022,-58.40858,Espacios de Exhibición Patrimonial
2,Ciudad Autónoma de Buenos Aires,Ciudad Autónoma de Buenos Aires,Museo Del Colegio  De La Salle De Ciencias Naturales Y Del Hombre,Riobamba 650,-34.6015,-58.3942,Espacios de Exhibición Patrimonial
2,Ciudad Autónoma de Buenos Aires,Ciudad Autónoma de Buenos Aires,Museo Casa Carlos Gardel,Jean Jaurés 735,-34.601615,-58.407894,Espacios de Exhibición Patrimonial
2,Ciudad Autónoma de Buenos Aires,Ciudad Autónoma de Buenos Aires,Buque Museo Corbeta A.R.A. Uruguay,"Puerto Madero, dique 4",-34.6037,-58.3664,Espacios de Exhibición Patrimonial
2,Ciudad Autónoma de Buenos Aires,Ciudad Autónoma de Buenos Aires,Museo De Los Niños Abasto,"Av. Corrientes 3247, segundo nivel del Shopping Abasto",-34.603944,-58.411006,Espacios de Exhibición Patrimonial
2,Ciudad Autónoma de Buenos Aires,Ciudad Autónoma de Buenos Aires,Museo Mitre,San Martín 336,-34.604,-58.3738,Espacios de Exhibición Patrimonial
2,Ciudad Autónoma de Buenos Aires,Ciudad Autónoma de Buenos Aires,Museo De La Mujer,Pasaje Rivarola 175,-34.606723,-58.385337,Espacios de Exhibición Patrimonial
2,Ciudad Autónoma de Buenos Aires,Ciudad Autónoma de Buenos Aires,Museo Mundial Del Tango De La Ademia Nacional,Rivadavia 830,-34.608244,-58.378263,Espacios de Exhibición Patrimonial
2,Ciudad Autónoma de Buenos Aires,Ciudad Autónoma de Buenos Aires,Museo Histórico De La Honorable Cámara De Diputados,Av. Rivadavia 1864,-34.609307,-58.392925,Espacios de Exhibición Patrimonial
2,Ciudad Autónoma de Buenos Aires,Ciudad Autónoma de Buenos Aires,Museo De Arte Hispanoamericano Isaac Fernández Blanco - Sede Casa Fernández Blanco,Hipólito Irigoyen 1420,-34.610001,-58.386447,Espacios de Exhibición Patrimonial
2,Ciudad Autónoma de Buenos Aires,Ciudad Autónoma de Buenos Aires,Museo Parlamentario Senador Domingo Faustino Sarmiento,Hipólito Irigoyen 1702,-34.6102,-58.3905,Espacios de Exhibición Patrimonial
2,Ciudad Autónoma de Buenos Aires,Ciudad Autónoma de Buenos Aires,Museo Del Bicentenario,Av. Paseo Colón 100,-34.610515,-58.36945,Espacios de Exhibición Patrimonial
2,Ciudad Autónoma de Buenos Aires,Ciudad Autónoma de Buenos Aires,Museo Participativo Minero - Mumin,Avda. Diagonal Sur Julio A. Roca 651 p.b.,-34.610994,-58.375757,Espacios de Exhibición Patrimonial
2,Ciudad Autónoma de Buenos Aires,Ciudad Autónoma de Buenos Aires,Complejo Histórico Cultural Manzana De Las Luces,Perú 272,-34.611098,-58.374751,Espacios de Exhibición Patrimonial
2,Ciudad Autónoma de Buenos Aires,Ciudad Autónoma de Buenos Aires,Museo Etnográfico Juan Bautista Ambrosetti,Moreno 350,-34.6113,-58.3713,Espacios de Exhibición Patrimonial
2,Ciudad Autónoma de Buenos Aires,Ciudad Autónoma de Buenos Aires,Museo De La Luz,Boyacá 1553,-34.611756,-58.467495,Espacios de Exhibición Patrimonial
2,Ciudad Autónoma de Buenos Aires,Ciudad Autónoma de Buenos Aires,Museo Santo Domingo,Defensa 422 / Av. Belgrano s/n,-34.612779,-58.371804,Espacios de Exhibición Patrimonial
2,Ciudad Autónoma de Buenos Aires,Ciudad Autónoma de Buenos Aires,Museo De La Fotografía Humberto F. Zappa,Avda. Paseo Colón 470,-34.6132,-58.3691,Espacios de Exhibición Patrimonial
2,Ciudad Autónoma de Buenos Aires,Ciudad Autónoma de Buenos Aires,Museo De Marcapasos Y Precursores De La Medicina Moderna,Catamarca 536,-34.616607,-58.405657,Espacios de Exhibición Patrimonial
2,Ciudad Autónoma de Buenos Aires,Ciudad Autónoma de Buenos Aires,Museo De La Psicología Argentina Horacio Piñero,Av. Independencia 3065,-34.619677,-58.408732,Espacios de Exhibición Patrimonial
2,Ciudad Autónoma de Buenos Aires,Ciudad Autónoma de Buenos Aires,Fundación Museo Del Automóvil De La Ciudad De Buenos Aires,Irigoyen 2265,-34.620794,-58.526163,Espacios de Exhibición Patrimonial
2,Ciudad Autónoma de Buenos Aires,Ciudad Autónoma de Buenos Aires,Museo De Arte Moderno De La Ciudad De Buenos Aires,Avda. San Juan 350,-34.6218,-58.3705,Espacios de Exhibición Patrimonial
2,Ciudad Autónoma de Buenos Aires,Ciudad Autónoma de Buenos Aires,Museo De Calcos Y Escultura Comparada Ernesto De La Cárcova,Avda. España 1701,-34.624209,-58.345305,Espacios de Exhibición Patrimonial
2,Ciudad Autónoma de Buenos Aires,Ciudad Autónoma de Buenos Aires,Museo Itinerante De Arte Contemporáneo Del Mercosur,av. Caseros 2739,-34.636359,-58.401144,Espacios de Exhibición Patrimonial
2,Ciudad Autónoma de Buenos Aires,Ciudad Autónoma de Buenos Aires,Museo Memorias De San Juan Evangelista,Olavarría 486,-34.636672,-58.359566,Espacios de Exhibición Patrimonial
2,Ciudad Autónoma de Buenos Aires,Ciudad Autónoma de Buenos Aires,Museo De La Pasión Boquense,Brandsen 805,-34.636675,-58.364741,Espacios de Exhibición Patrimonial
2,Ciudad Autónoma de Buenos Aires,Ciudad Autónoma de Buenos Aires,Museo De Los Corrales Viejos De Parque Patricios,Zavaleta 140,-34.638393,-58.403311,Espacios de Exhibición Patrimonial
2,Ciudad Autónoma de Buenos Aires,Ciudad Autónoma de Buenos Aires,"Museo Maguncia. Museo Del Papel, Grabado Y Estampa",Av. Pedro de Mendoza 1855,-34.639321,-58.361646,Espacios de Exhibición Patrimonial
2,Ciudad Autónoma de Buenos Aires,Ciudad Autónoma de Buenos Aires,Museo De Bellas Artes Al Aire Libre Caminito,"Pasaje Caminito, entre Magallanes y Gral. Gregorio Aráoz de Lamadrid",-34.639337,-58.362798,Espacios de Exhibición Patrimonial
2,Ciudad Autónoma de Buenos Aires,Ciudad Autónoma de Buenos Aires,Museo De Ciencias Naturales De Especialidad Zoológica Médica,Av. Vélez Sársfield 563,-34.641309,-58.39018,Espacios de Exhibición Patrimonial
2,Ciudad Autónoma de Buenos Aires,Ciudad Autónoma de Buenos Aires,Museo De La Balanza,California 2000,-34.647543,-58.376487,Espacios de Exhibición Patrimonial
2,Ciudad Autónoma de Buenos Aires,Ciudad Autónoma de Buenos Aires,Taller-Museo José Pallarols Torrás,Defensa 1094,-34.6206,-58.3714,Espacios de Exhibición Patrimonial
2,Ciudad Autónoma de Buenos Aires,Ciudad Autónoma de Buenos Aires,Museo Etnográfico De Las Obras Misionales Pontificias,Medrano 735,-34.6015,-58.4207,Espacios de Exhibición Patrimonial
2,Ciudad Autónoma de Buenos Aires,Ciudad Autónoma de Buenos Aires,Museo De Anestesiología Y Biblioteca Histórica,Fragata Sarmiento 541,-34.6081,-58.3665,Espacios de Exhibición Patrimonial
2,Ciudad Autónoma de Buenos Aires,Ciudad Autónoma de Buenos Aires,Museo De Artes Plásticas Eduardo Sívori,Avda. Infanta Isabel 555,-34.5696,-58.4171,Espacios de Exhibición Patrimonial
2,Ciudad Autónoma de Buenos Aires,Ciudad Autónoma de Buenos Aires,Museo Del Regimiento Granaderos A Caballo Gral. San Martín,Luis María Campos 554,-34.5715,-58.4345,Espacios de Exhibición Patrimonial
2,Ciudad Autónoma de Buenos Aires,Ciudad Autónoma de Buenos Aires,Museo Nacional De La Inmigración,Avda. Antártida Argentina 1355,-34.584889,-58.372753,Espacios de Exhibición Patrimonial
2,Ciudad Autónoma de Buenos Aires,Ciudad Autónoma de Buenos Aires,Museo De Ciencias Naturales Del Colegio San José,Bartolomé Mitre 2455,-34.608573,-58.401317,Espacios de Exhibición Patrimonial
2,Ciudad Autónoma de Buenos Aires,Ciudad Autónoma de Buenos Aires,Museo Histórico De Buenos Aires Brigadier General Cornelio De Saavedra,Crisólogo Larralde 6309,-34.5688,-58.5075,Espacios de Exhibición Patrimonial
2,Ciudad Autónoma de Buenos Aires,Ciudad Autónoma de Buenos Aires,Museo S.E. Casa De La Moneda,Av. Antártida Argentina 2085,-34.581173,-58.374032,Espacios de Exhibición Patrimonial
2,Ciudad Autónoma de Buenos Aires,Ciudad Autónoma de Buenos Aires,Museo Histórico Sarmiento,Juramento 2180,-34.560825,-58.454546,Espacios de Exhibición Patrimonial
2,Ciudad Autónoma de Buenos Aires,Ciudad Autónoma de Buenos Aires,Museo Histórico Nacional Del Cabildo De Buenos Aires Y De La Revolución De Mayo,Bolívar 65,-34.6086,-58.3735,Espacios de Exhibición Patrimonial
2,Ciudad Autónoma de Buenos Aires,Ciudad Autónoma de Buenos Aires,Museo De Armas De La Nación Tte. Gral. Pablo Riccheri,Av. Santa Fe 702-750,-34.5958,-58.3769,Espacios de Exhibición Patrimonial
2,Ciudad Autónoma de Buenos Aires,Ciudad Autónoma de Buenos Aires,Museo De Arte Popular José Hernández,Avda. del Libertador 2373,-34.5803,-58.4049,Espacios de Exhibición Patrimonial
2,Ciudad Autónoma de Buenos Aires,Ciudad Autónoma de Buenos Aires,Museo Casa De Yrurtia,O'Higgins 2390,-34.5571,-58.4553,Espacios de Exhibición Patrimonial
2,Ciudad Autónoma de Buenos Aires,Ciudad Autónoma de Buenos Aires,Museo Del Serpentario,Avda. Vélez Sarsfield 563,-34.6412,-58.3898,Espacios de Exhibición Patrimonial
2,Ciudad Autónoma de Buenos Aires,Ciudad Autónoma de Buenos Aires,Museo Casa Rosada,Hipólito Irigoyen 219,-34.6088,-58.3698,Espacios de Exhibición Patrimonial
2,Ciudad Autónoma de Buenos Aires,Ciudad Autónoma de Buenos Aires,Museo Casa De Ricardo Rojas - Instituto De Investigaciones Literarias,Charcas 2837,-34.5939,-58.4065,Espacios de Exhibición Patrimonial
2,Ciudad Autónoma de Buenos Aires,Ciudad Autónoma de Buenos Aires,Museo Nacional Del Grabado,Agüero 2502. Sede ubicada en el predio de la Biblioteca Nacional,-34.584541,-58.397598,Espacios de Exhibición Patrimonial
2,Ciudad Autónoma de Buenos Aires,Ciudad Autónoma de Buenos Aires,Museo Criollo De Los Corrales,Avda. de los Corrales 6476,-34.6626,-58.5002,Espacios de Exhibición Patrimonial
2,Ciudad Autónoma de Buenos Aires,Ciudad Autónoma de Buenos Aires,Museo Nacional De Arte Oriental,Avda. del Libertador 1902,-34.582,-58.4015,Espacios de Exhibición Patrimonial
2,Ciudad Autónoma de Buenos Aires,Ciudad Autónoma de Buenos Aires,Museo De La Ciudad,Defensa 219,-34.6104,-58.3721,Espacios de Exhibición Patrimonial
2,Ciudad Autónoma de Buenos Aires,Ciudad Autónoma de Buenos Aires,Museo Monumento Antiguo Recinto Del Congreso Nacional,Balcarce 139,-34.6093,-58.3708,Espacios de Exhibición Patrimonial
2,Ciudad Autónoma de Buenos Aires,Ciudad Autónoma de Buenos Aires,Museo Nacional De La Historia Del Traje,Chile 832,-34.6163,-58.3779,Espacios de Exhibición Patrimonial
2,Ciudad Autónoma de Buenos Aires,Ciudad Autónoma de Buenos Aires,Museo General Belgrano,Saráchaga 4906,-34.6332,-58.4944,Espacios de Exhibición Patrimonial
2,Ciudad Autónoma de Buenos Aires,Ciudad Autónoma de Buenos Aires,Museo Penitenciario Argentino Antonio Ballvé,Humberto 1° 378,-34.6244,-58.4511,Espacios de Exhibición Patrimonial
2,Ciudad Autónoma de Buenos Aires,Ciudad Autónoma de Buenos Aires,Museo Histórico De Cera,Dr. Enrique del Valle Iberlucea 1261,-34.6391,-58.362,Espacios de Exhibición Patrimonial
2,Ciudad Autónoma de Buenos Aires,Ciudad Autónoma de Buenos Aires,Museo De Arte Sacro María Antonia De San José - Santa Casa De Ejercicios Espirituales,Avda. Independencia 1190,-34.6177,-58.3828,Espacios de Exhibición Patrimonial
2,Ciudad Autónoma de Buenos Aires,Ciudad Autónoma de Buenos Aires,Museo De Esculturas Luis Perlotti,Pujol 644,-34.615,-58.4482,Espacios de Exhibición Patrimonial
2,Ciudad Autónoma de Buenos Aires,Ciudad Autónoma de Buenos Aires,Museo De Patología De La Universidad De Buenos Aires,J.E.Uriburu 950,-34.597653,-58.39907,Espacios de Exhibición Patrimonial
2,Ciudad Autónoma de Buenos Aires,Ciudad Autónoma de Buenos Aires,Museo Argentino Del Títere,Piedras 905,-34.6186,-58.3773,Espacios de Exhibición Patrimonial
2,Ciudad Autónoma de Buenos Aires,Ciudad Autónoma de Buenos Aires,Museo Houssay De Historia De La Ciencia Y La Tecnología,Paraguay 2155,-34.598317,-58.398223,Espacios de Exhibición Patrimonial
2,Ciudad Autónoma de Buenos Aires,Ciudad Autónoma de Buenos Aires,Museo Casa Taller Celia Chevalier,Irala 1162,-34.639254,-58.366314,Espacios de Exhibición Patrimonial
2,Ciudad Autónoma de Buenos Aires,Ciudad Autónoma de Buenos Aires,Museo De Las Escuelas,Montevideo 950,-34.597883,-58.389786,Espacios de Exhibición Patrimonial
2,Ciudad Autónoma de Buenos Aires,Ciudad Autónoma de Buenos Aires,Museo De La Emigración Gallega En La Argentina,Chacabuco 955,-34.619157,-58.375914,Espacios de Exhibición Patrimonial
2,Ciudad Autónoma de Buenos Aires,Ciudad Autónoma de Buenos Aires,Museo Del Tiro Federal Argentino,Avda. del Libertador 6935,-34.548401,-58.455216,Espacios de Exhibición Patrimonial
2,Ciudad Autónoma de Buenos Aires,Ciudad Autónoma de Buenos Aires,Museo Monte De Piedad,Avda. Boedo 870,-34.623257,-58.416021,Espacios de Exhibición Patrimonial
2,Ciudad Autónoma de Buenos Aires,Ciudad Autónoma de Buenos Aires,Museo San Telmo,Humberto 1° 340,-34.620693,-58.370486,Espacios de Exhibición Patrimonial
2,Ciudad Autónoma de Buenos Aires,Ciudad Autónoma de Buenos Aires,Museo Argentino De Ciencias Naturales Bernardino Rivadavia,Avda. Ángel gallardo 490,-34.6048,-58.4377,Espacios de Exhibición Patrimonial
2,Ciudad Autónoma de Buenos Aires,Ciudad Autónoma de Buenos Aires,Museo Histórico Nacional,Defensa 1600,-34.6266,-58.3709,Espacios de Exhibición Patrimonial
2,Ciudad Autónoma de Buenos Aires,Ciudad Autónoma de Buenos Aires,Museo Policial,San Martín 353,-34.6038,-58.3738,Espacios de Exhibición Patrimonial
2,Ciudad Autónoma de Buenos Aires,Ciudad Autónoma de Buenos Aires,Museo De Fármacobotánica Juan A. Domínguez,Junín 956,-34.5975,-58.3975,Espacios de Exhibición Patrimonial
2,Ciudad Autónoma de Buenos Aires,Ciudad Autónoma de Buenos Aires,Museo Tecnológico Ing. Eduardo Latzina,Avda. Paseo Colón 650,-34.6153,-58.3689,Espacios de Exhibición Patrimonial
2,Ciudad Autónoma de Buenos Aires,Ciudad Autónoma de Buenos Aires,Museo De Arte Hispanoamericano Isaac Fernández Blanco - Sede Palacio Noel,Suipacha 1422,-34.590876,-58.380079,Espacios de Exhibición Patrimonial
2,Ciudad Autónoma de Buenos Aires,Ciudad Autónoma de Buenos Aires,Museo De Arte Hispanoamericano Isaac Fernández Blanco,Suipacha 1422,-34.5912,-58.3801,Espacios de Exhibición Patrimonial
2,Ciudad Autónoma de Buenos Aires,Ciudad Autónoma de Buenos Aires,Museo Postal Y Telegráfico,José Aarón Salmun Feijoo 555,-34.63914,-58.378851,Espacios de Exhibición Patrimonial
2,Ciudad Autónoma de Buenos Aires,Ciudad Autónoma de Buenos Aires,Museo Geográfico Dr. Juan B. Terán Y Museo De Ciencias Naturales Ángel Gallardo,Catamarca 2099,-34.6342,-58.4013,Espacios de Exhibición Patrimonial
2,Ciudad Autónoma de Buenos Aires,Ciudad Autónoma de Buenos Aires,Museo De Bellas Artes De La Boca De Artistas Argentinos Benito Quinquela Martín,Avda. Pedro de Mendoza 1835,-34.6393,-58.3615,Espacios de Exhibición Patrimonial
2,Ciudad Autónoma de Buenos Aires,Ciudad Autónoma de Buenos Aires,Instituto Nacional De Estudios De Teatro,Avda. Córdoba 1199,-34.5991,-58.384,Espacios de Exhibición Patrimonial
2,Ciudad Autónoma de Buenos Aires,Ciudad Autónoma de Buenos Aires,Museo Nacional De Arte Decorativo,Av. del Libertador 1902,-34.582,-58.4015,Espacios de Exhibición Patrimonial
2,Ciudad Autónoma de Buenos Aires,Ciudad Autónoma de Buenos Aires,Museo Histórico Y Numismático Del Banco Central De La República Argentina Dr. José Evaristo Uriburu,San Martín 216,-34.6055,-58.3737,Espacios de Exhibición Patrimonial
2,Ciudad Autónoma de Buenos Aires,Ciudad Autónoma de Buenos Aires,Museo Sadaic Vicente López Y Planes,Lavalle 1547,-34.6029,-58.3887,Espacios de Exhibición Patrimonial
2,Ciudad Autónoma de Buenos Aires,Ciudad Autónoma de Buenos Aires,Museo De Arte Español Enrique Larreta,Juramento 2291,-34.5614,-58.4556,Espacios de Exhibición Patrimonial
2,Ciudad Autónoma de Buenos Aires,Ciudad Autónoma de Buenos Aires,Escuela Museo De Bellas Artes Gral. Urquiza,Yerbal 2370,-34.6275,-58.4627,Espacios de Exhibición Patrimonial
2,Ciudad Autónoma de Buenos Aires,Ciudad Autónoma de Buenos Aires,Buque Museo Fragata A.R.A. Presidente Sarmiento,Puerto Madero. dique 3,-34.609,-58.3656,Espacios de Exhibición Patrimonial
2,Ciudad Autónoma de Buenos Aires,Ciudad Autónoma de Buenos Aires,Museo Roca - Instituto De Investigaciones Históricas,Vicente López 2220,-34.5876,-58.3954,Espacios de Exhibición Patrimonial
2,Ciudad Autónoma de Buenos Aires,Ciudad Autónoma de Buenos Aires,Museo Histórico Y Numismático Del Banco De La Nación Argentina,Bartolomé Mitre 326,-34.6066,-58.3712,Espacios de Exhibición Patrimonial
2,Ciudad Autónoma de Buenos Aires,Ciudad Autónoma de Buenos Aires,Museo Judío De Buenos Aires Dr. Salvador Kibrick,Libertad 769,-34.5996,-58.384,Espacios de Exhibición Patrimonial
2,Ciudad Autónoma de Buenos Aires,Ciudad Autónoma de Buenos Aires,Museo De La Farmacia Dra. Rosa D'Alessio De Carnevale Bonino,Junín 956,-34.5978,-58.3975,Espacios de Exhibición Patrimonial
2,Ciudad Autónoma de Buenos Aires,Ciudad Autónoma de Buenos Aires,Museo Nacional Y Centro De Estudios Históricos Ferroviarios,Avda. del Libertador San Martín 405,-34.59,-58.3795,Espacios de Exhibición Patrimonial
2,Ciudad Autónoma de Buenos Aires,Ciudad Autónoma de Buenos Aires,Museo Histórico De La Afip,Hipólito Irigoyen 370 pb,-34.6089,-58.3717,Espacios de Exhibición Patrimonial
2,Ciudad Autónoma de Buenos Aires,Ciudad Autónoma de Buenos Aires,Museo De Telecomunicaciones,Sarmiento 151,-34.6041,-58.3687,Espacios de Exhibición Patrimonial
2,Ciudad Autónoma de Buenos Aires,Ciudad Autónoma de Buenos Aires,Museo Y Centro De Estudios Históricos De La Facultad De Odontología De Bs. As. Profesor Dr. Orestes Walter Siutti,Marcelo T. de Alvear 2142,-34.597304,-58.398227,Espacios de Exhibición Patrimonial
2,Ciudad Autónoma de Buenos Aires,Ciudad Autónoma de Buenos Aires,Museo Nacional Del Hombre,3 de Febrero 1370/78,-34.5666,-58.4462,Espacios de Exhibición Patrimonial
2,Ciudad Autónoma de Buenos Aires,Ciudad Autónoma de Buenos Aires,Museo Notarial Argentino,Avda. Callao 1542,-34.5914,-58.3915,Espacios de Exhibición Patrimonial
2,Ciudad Autónoma de Buenos Aires,Ciudad Autónoma de Buenos Aires,Museo Manoblanca,Tabaré 1371,-34.651063,-58.423712,Espacios de Exhibición Patrimonial
2,Ciudad Autónoma de Buenos Aires,Ciudad Autónoma de Buenos Aires,Archivo Y Museo Históricos Del Banco De La Provincia De Buenos Aires Dr. Arturo Jauretche,Sarmiento 362,-34.6043,-58.3719,Espacios de Exhibición Patrimonial
2,Ciudad Autónoma de Buenos Aires,Ciudad Autónoma de Buenos Aires,Museo Histórico De La Gendarmería Nacional,Avda. Presidente Ramón S. Castillo 788 (Avda. Pres. Ramón S Castillo y Prefectura Naval (ex calle 8),-34.58028,-58.375036,Espacios de Exhibición Patrimonial
2,Ciudad Autónoma de Buenos Aires,Ciudad Autónoma de Buenos Aires,Museo Participativo De Ciencias,"Junín 1930, 1° Centro Cultural Recoleta",-34.5871,-58.3918,Espacios de Exhibición Patrimonial
2,Ciudad Autónoma de Buenos Aires,Ciudad Autónoma de Buenos Aires,Museo De Ciencia Y Técnica,Las Heras 2214,-34.5885,-58.396,Espacios de Exhibición Patrimonial
2,Ciudad Autónoma de Buenos Aires,Ciudad Autónoma de Buenos Aires,Museo Xul Solar,Laprida 1212,-34.5948,-58.4078,Espacios de Exhibición Patrimonial
2,Ciudad Autónoma de Buenos Aires,Ciudad Autónoma de Buenos Aires,Primer Museo Histórico Ernesto Che Guevara,Rojas 129,-34.61894,-58.442026,Espacios de Exhibición Patrimonial
2,Ciudad Autónoma de Buenos Aires,Ciudad Autónoma de Buenos Aires,Museo Del Patrimonio Del Palacio De Las Aguas Corrientes,Riobamba 750,-34.600313,-58.394982,Espacios de Exhibición Patrimonial
2,Ciudad Autónoma de Buenos Aires,Ciudad Autónoma de Buenos Aires,Museo Evita - Instituto Nacional Eva Perón De Investigaciones Históricas,Lafinur 2988,-34.580678,-58.414657,Espacios de Exhibición Patrimonial
2,Ciudad Autónoma de Buenos Aires,Ciudad Autónoma de Buenos Aires,Museo Iser,Ramos Mejia 1398,-34.603018,-58.433882,Espacios de Exhibición Patrimonial
2,Ciudad Autónoma de Buenos Aires,Ciudad Autónoma de Buenos Aires,Museo Histórico Vecinal De Flores Blanca Angélica Gandini,Avda. Nazca 371,-34.627719,-58.470875,Espacios de Exhibición Patrimonial
2,Ciudad Autónoma de Buenos Aires,Ciudad Autónoma de Buenos Aires,Museo De La Deuda Externa,José E. Uriburu 781,-34.599955,-58.398539,Espacios de Exhibición Patrimonial
2,Ciudad Autónoma de Buenos Aires,Ciudad Autónoma de Buenos Aires,Museo Anconetani Del Acordeón - Musa,Guevara 492/ 478,-34.586478,-58.451672,Espacios de Exhibición Patrimonial
2,Ciudad Autónoma de Buenos Aires,Ciudad Autónoma de Buenos Aires,Colección De Arte Amalia Lacroze De Fortabat,Olga Cossettini 141,-34.599619,-58.364956,Espacios de Exhibición Patrimonial
2,Ciudad Autónoma de Buenos Aires,Ciudad Autónoma de Buenos Aires,Muhu - Museo Del Humor,Av. de los Italianos 851,-34.605057,-58.361448,Espacios de Exhibición Patrimonial
14,Córdoba,Achiras,Museo Del Desierto,General Cabrera S/N,-33.179419,-64.994435,Espacios de Exhibición Patrimonial
14,Córdoba,Alberdi,Museo Anatómico Dr. Pedro Ara,Chubut 419 - Alberdi,-31.4047,-64.2021,Espacios de Exhibición Patrimonial
14,Córdoba,Alta Gracia,Museo Casa Taller Gabriel Dubois,Gabriel Dubois 343,-31.654552,-64.430603,Espacios de Exhibición Patrimonial
14,Córdoba,Alta Gracia,Museo Manuel De Falla,Avda. Carlos Pellegrini 1011,-31.654552,-64.430603,Espacios de Exhibición Patrimonial
14,Córdoba,Alta Gracia,Museo Nacional De La Estancia Jesuítica De Alta Gracia Y Casa Del Virrey Liniers,"Av. Padre Viera 41, Esq. Solares",-31.654552,-64.430603,Espacios de Exhibición Patrimonial
14,Córdoba,Altos de Chipion,Museo Municipal De Historia Y Ciencias Naturales Los Sanavirones De Altos De Chipión,Luchini 605,-30.958806,-62.337899,Espacios de Exhibición Patrimonial
14,Córdoba,Arroyito,Museo Histórico Municipal José Domingo Mercado,Antigua Comisaría de la Ciudad,-31.421835,-63.050344,Espacios de Exhibición Patrimonial
14,Córdoba,Balnearia,Museo Histórico Municipal San José Estación Balnearia,Ex Estación del Ferrocarril Belgrano,-31.013161,-62.66711,Espacios de Exhibición Patrimonial
14,Córdoba,Bell Ville,Museo Municipal De Bellas Artes Walter De Navazio,General Paz 48,-32.630306,-62.689621,Espacios de Exhibición Patrimonial
14,Córdoba,Bell Ville,Museo Histórico Regional Sgto. Lorenzo De Lara,General Paz 48,-32.630306,-62.689621,Espacios de Exhibición Patrimonial
14,Córdoba,Bell Ville,Museo Atelier Carlos López Álvarez,Hipólito Irigoyen 710,-32.632662,-62.695784,Espacios de Exhibición Patrimonial
14,Córdoba,Cerro Colorado,Reserva Natural Y Cultural Cerro Colorado Museo Arqueológico,Calle Pública S/N,-30.09907,-63.932798,Espacios de Exhibición Patrimonial
14,Córdoba,Colonia Caroya,Estancia Jesuítica De Caroya,Ruta E 66 S/N,-31.019686,-64.066709,Espacios de Exhibición Patrimonial
14,Córdoba,Córdoba,Museo Obispo Fray José Antonio De San Alberto,Caseros 124,-31.4177,-64.1869,Espacios de Exhibición Patrimonial
14,Córdoba,Córdoba,Museo Dr. Alfredo Stelzner,Vélez Sarsfield 299,-31.418688,-64.188159,Espacios de Exhibición Patrimonial
14,Córdoba,Córdoba,Museo Del Banco De La Provincia De Córdoba,San Jerónimo 166,-31.4177,-64.1826,Espacios de Exhibición Patrimonial
14,Córdoba,Córdoba,Museo Provincial De Bellas Artes Emilio A. Caraffa,Avda. Hipólito Irigoyen 651,-31.4283,-64.1839,Espacios de Exhibición Patrimonial
14,Córdoba,Córdoba,Museo Municipal De Bellas Artes Dr. Genaro Pérez,Avda. Gral. Paz 33,-31.4144,-64.1866,Espacios de Exhibición Patrimonial
14,Córdoba,Córdoba,Museo De Arte Religioso Juan De Tejeda,Independencia 122,-31.4173,-64.1849,Espacios de Exhibición Patrimonial
14,Córdoba,Córdoba,Museo Meteorológico Nacional Dr. Benjamín A. Gould,San Luis 808,-31.4206,-64.1987,Espacios de Exhibición Patrimonial
14,Córdoba,Córdoba,Museo Histórico De La Universidad Nacional De Córdoba - Manzana Jesuítica,Obispo Trejo 242,-31.4183,-64.1868,Espacios de Exhibición Patrimonial
14,Córdoba,Córdoba,Museo Histórico Hospital De Clínicas,Santa Rosa 1564,-31.4063,-64.204,Espacios de Exhibición Patrimonial
14,Córdoba,Córdoba,Museo Provincial De Ciencias Naturales Arturo U. Illia,Poeta Lugones 395 - Barrio Nueva Córdoba,-31.427446,-64.181374,Espacios de Exhibición Patrimonial
14,Córdoba,Córdoba,Museo Histórico Provincial Marqués De Sobremonte,Rosario de Santa Fe 218,-31.4168,-64.1811,Espacios de Exhibición Patrimonial
14,Córdoba,Córdoba,Museo Astronómico Pte. D.F. Sarmiento - Dr. B.A. Gould,Laprida 854,-31.421446,-64.198786,Espacios de Exhibición Patrimonial
14,Córdoba,Córdoba,Museo De Antropología,Av. Hipólito Irigoyen 174,-31.4227,-64.188,Espacios de Exhibición Patrimonial
14,Córdoba,Córdoba,Museo Casa De La Reforma Universitaria,"La Rioja, Esquina Paseo de la Reforma",-31.40507,-64.204816,Espacios de Exhibición Patrimonial
14,Córdoba,Cruz Chica,Museo La Casa De Manuel Mujica Lainez,Manuel Mujica Lainez S/N,-30.981697,-64.490882,Espacios de Exhibición Patrimonial
14,Córdoba,El Fuertecito,Museo Escolar El Fuertecito,Alicia  Rossi de Comba S/N,-31.406379,-62.973365,Espacios de Exhibición Patrimonial
14,Córdoba,El Tío,Museo Histórico Municipal Estación El Tío,"25 de Mayo S/N, Ex Estación Ferroviaria",-31.386994,-62.828476,Espacios de Exhibición Patrimonial
14,Córdoba,"Embalse, Río Tercero",Museo Eva Perón,Camino a la Cruz S/N,-32.208932,-64.400599,Espacios de Exhibición Patrimonial
14,Córdoba,Jesús María,Estancia De Jesús María - Museo Jesuítico Nacional,Pedro de Oñate S/N,-30.9701,-64.0972,Espacios de Exhibición Patrimonial
14,Córdoba,La Calera,Museo Ricardo Pedroni,"San Martín 425, Barrio Centro",-31.344999,-64.338048,Espacios de Exhibición Patrimonial
14,Córdoba,La Carlota,Museo Réplica Del Tercer Fuerte De La Punta Del Sauce,Hilarión Abaca Parque Costanero,-33.422565,-63.296975,Espacios de Exhibición Patrimonial
14,Córdoba,La Cumbre,Museo Sala Miguel Ocampo,José Hernández 630,-30.986484,-64.482731,Espacios de Exhibición Patrimonial
14,Córdoba,La Falda,Museo De Ferrocarriles En Miniatura Trenshow,"Las Murallas 200, Villa Edén",-31.094414,-64.486415,Espacios de Exhibición Patrimonial
14,Córdoba,La Falda,Museo Del Deporte Pierre De Coubertin,Dr. Meincke 32,-31.092783,-64.484861,Espacios de Exhibición Patrimonial
14,Córdoba,La Paquita,Museo Municipal Remembranza,Antigua Estación Ferroviaria de la Paquita,-30.909507,-62.215449,Espacios de Exhibición Patrimonial
14,Córdoba,La Para,Museo Regional Del Trabajo,Bv. Sarmiento Esq. Rivadavia (Predio Ferroviario),-30.894988,-63.001067,Espacios de Exhibición Patrimonial
14,Córdoba,La Para,Museo Histórico Municipal La Para,Gral. Roca 551 - Ex Estación del Ferrocarril,-30.894988,-63.001067,Espacios de Exhibición Patrimonial
14,Córdoba,La Puerta,Museo Arqueológico La Puerta,"Calle Principal S/N,  frente a plaza principal",-28.1426,-65.800672,Espacios de Exhibición Patrimonial
14,Córdoba,La Puerta,Museo Histórico Municipal,9 de Julio y Pasaje Intendente Omar Oviedo Rojas (Ex Estación Ferroviaria),-30.895061,-63.253266,Espacios de Exhibición Patrimonial
14,Córdoba,La Tordilla,Museo Histórico Municipal De La Tordilla,Av. Libertad 121,-31.237691,-63.059903,Espacios de Exhibición Patrimonial
14,Córdoba,Laboulaye,Archivo Y Museo Histórico Manuel A. Moreira,Prown y Rivadavia,-34.129754,-63.38762,Espacios de Exhibición Patrimonial
14,Córdoba,Las vertientes de la Granja,Museo Particular Atahualpa,Ruta E-53 s/n,-33.286342,-64.57812,Espacios de Exhibición Patrimonial
14,Córdoba,Leones,Museo William Henry Partridge,Intendente Zanotti 858,-32.656106,-62.306694,Espacios de Exhibición Patrimonial
14,Córdoba,Los Cocos,Museo La Loma,Av. Dra. Cecilia Grierson 1898,-30.929429,-64.502586,Espacios de Exhibición Patrimonial
14,Córdoba,Luque,Museo Histórico Municipal,Predio de Ex Ferrocarriles Argentinos Entre Santa Fe y Bv. Chacabuco,-31.649312,-63.344793,Espacios de Exhibición Patrimonial
14,Córdoba,Marull,Museo Municipal De Marull,"Av. Mariano Marull S/N, Ex Estación Ferroviaria",-30.996976,-62.825843,Espacios de Exhibición Patrimonial
14,Córdoba,Mina Clavero,Museo De Las Campanas,Urquiza 962,-31.728157,-65.001951,Espacios de Exhibición Patrimonial
14,Córdoba,Mina Clavero,Museo Piedra Cruz Sur,Av. Mitre 1012,-31.729221,-65.0055,Espacios de Exhibición Patrimonial
14,Córdoba,Morteros,Museo Regional Morteros,Sarmiento y Riobamba,-30.711734,-61.996682,Espacios de Exhibición Patrimonial
14,Córdoba,Nono,Museo Polifacético Rocsen,"Alto de la Quinta S/N Área Rural, a 5 Km. de Nono",-31.798005,-65.003369,Espacios de Exhibición Patrimonial
14,Córdoba,Paraje Loza Corral,Casa Museo Fernando Fader,Camino Provincial,-29.9272,-63.588904,Espacios de Exhibición Patrimonial
14,Córdoba,Porteña,Museo Municipal Porteña,Bv. 25 de Mayo S/N,-31.014879,-62.067752,Espacios de Exhibición Patrimonial
14,Córdoba,Pozo del Molle,Museo Y Archivo Histórico Municipal Pablo Recla,Centro Cívico Cultural la Estación,-32.021867,-62.91992,Espacios de Exhibición Patrimonial
14,Córdoba,Río Cuarto,Museo Municipal De Bellas Artes,Colón 149 - Planta Alta,-33.1248,-64.3503,Espacios de Exhibición Patrimonial
14,Córdoba,Río Cuarto,Museo Histórico Regional De Río Cuarto,Fotheringham 178,-33.1212,-64.3495,Espacios de Exhibición Patrimonial
14,Córdoba,Río Cuarto,Museo Del Riel,Boulevard Roca y Ameghino,-33.1351,-64.343,Espacios de Exhibición Patrimonial
14,Córdoba,Río Primero,Museo Rural De Río Primero,Predio del Ferrocarril (Al Lado de la Terminal de Ómnibus),-31.331628,-63.621856,Espacios de Exhibición Patrimonial
14,Córdoba,Río Primero,Museo Histórico Y De Ciencias Naturales Del Instituto Contardo Ferrini,Pablo Robert 90,-31.332802,-63.622827,Espacios de Exhibición Patrimonial
14,Córdoba,Rio Segundo,Museo Arqueológico Provincial Aníbal Montes,Leandro N. Alem 1061,-31.65095,-63.909351,Espacios de Exhibición Patrimonial
14,Córdoba,Rio Tercero,Museo Regional Florentina Ameghino,Int. Bonzano Entre Angélica Prado y L. Torres de Maldonado,-32.175525,-64.113038,Espacios de Exhibición Patrimonial
14,Córdoba,Río Tercero,Museo Estafeta Postal Lastenia Torres De Maldonado,Arenales 75,-32.165385,-64.119406,Espacios de Exhibición Patrimonial
14,Córdoba,Sacanta,Museo Regional De Sacanta,Boulevar Mitre (Ex Estación Fcca),-31.665741,-63.045319,Espacios de Exhibición Patrimonial
14,Córdoba,San Basilio,Museo Y Archivo Histórico Raúl Pautasso,Av. San Martín y 25 de Mayo,-33.500247,-64.315163,Espacios de Exhibición Patrimonial
14,Córdoba,San Francisco,Museo De La Ciudad,Avellaneda 170,-31.431795,-62.084343,Espacios de Exhibición Patrimonial
14,Córdoba,San Francisco,Fundación Archivo Gráfico Y Museo Histórico De La Ciudad De San Francisco Y La Región,Iturraspe 901,-31.430026,-62.076,Espacios de Exhibición Patrimonial
14,Córdoba,San Marcos Sierras,Museo Luis José Pisano,Las Gramillas,-30.767206,-64.662215,Espacios de Exhibición Patrimonial
14,Córdoba,San Marcos Sierras,Museo Hippie,Las Loras S/N,-30.767206,-64.662215,Espacios de Exhibición Patrimonial
14,Córdoba,San Marcos Sierras,Museo Rumi-Huasi,Libertad 595,-30.783387,-64.643128,Espacios de Exhibición Patrimonial
14,Córdoba,Santiago Temple,Museo Histórico Municipal De Santiago Temple,Ex Estación Ferroviaria,-31.38957,-63.4182,Espacios de Exhibición Patrimonial
14,Córdoba,Sinsacate,Museo Rural De La Posta De Sinsacate,Camino a Sinsacate S/N,-30.945545,-64.094968,Espacios de Exhibición Patrimonial
14,Córdoba,Unquillo,Casa Museo Y Centro Cultural Rivolta,Av. San Martín 3119,-31.2339,-64.3182,Espacios de Exhibición Patrimonial
14,Córdoba,Unquillo,Casa Museo Spilimbergo,Avda. Spilimbergo S/N,-31.231469,-64.315367,Espacios de Exhibición Patrimonial
14,Córdoba,Unquillo,Casa Museo Guido Buffo Y Capilla Villa Leonor,"Camino Provincial S/N, Los Quebrachitos",-31.220563,-64.344828,Espacios de Exhibición Patrimonial
14,Córdoba,Valle Hermoso,Museo Capitán Juan De Zevallos,Avda. Pte. Perón 199,-31.119739,-64.484226,Espacios de Exhibición Patrimonial
14,Córdoba,Villa Ciudad Parque,Museo Del Carruaje El Tacú,Ruta N°5 Km 69,-31.914299,-64.527936,Espacios de Exhibición Patrimonial
14,Córdoba,Villa Colimba,Museo El Baúl De Los Recuerdos,Calle 5,-30.458339,-64.32692,Espacios de Exhibición Patrimonial
14,Córdoba,Villa Concepcion del Tío,Museo Histórico Regional Padre Francisco Cremasco,Gral Belgrano 422,-31.324915,-62.814479,Espacios de Exhibición Patrimonial
14,Córdoba,Villa Cura Brochero,Museo Brocheriano,25 de Mayo 86,-31.707152,-65.021946,Espacios de Exhibición Patrimonial
14,Córdoba,Villa de María del Rio Seco,Museo Leopoldo Lugones,Cautivita S/N,-29.906836,-63.722305,Espacios de Exhibición Patrimonial
14,Córdoba,Villa de María del Rio Seco,Museo Arqueológico Municipal Enrique Ulla,Vicente Peñaloza - Jardines de la Terminal,-29.906836,-63.722305,Espacios de Exhibición Patrimonial
14,Córdoba,Villa del Rosario,Museo Histórico Municipal Villa Del Rosario,Avda. San Martín 780,-31.556452,-63.534139,Espacios de Exhibición Patrimonial
14,Córdoba,Villa Fontana,Museo Histórico Municipal De Villa Fontana,Av. Pedro J. Fontana 126,-30.896465,-63.115917,Espacios de Exhibición Patrimonial
14,Córdoba,Villa General Belgrano,Museo Arqueológico Municipal Juan B. Ambrosetti,Julio a Roca 168,-31.978897,-64.559784,Espacios de Exhibición Patrimonial
14,Córdoba,Villa María,Museo De Artes Fernando Bonfiglioli,"Bv. Sarmiento Esq. San Martín, 1Er Piso",-32.417982,-63.237552,Espacios de Exhibición Patrimonial
14,Córdoba,Villa María,Casa Museo Gobernador Amadeo Sabattini,Mariano Moreno 270,-32.416219,-63.245075,Espacios de Exhibición Patrimonial
14,Córdoba,Colonia Caroya,Bodega La Caroyense,Avda. San Martín 2281,-31.0074,-64.0777,Espacios de Exhibición Patrimonial
14,Córdoba,Colonia Caroya,Bodega Nanini,Santos Nobile Norte N° 505,-31.0139,-64.0666,Espacios de Exhibición Patrimonial
14,Córdoba,Colonia Caroya,Parroquia Nuestra Señora De Monserrat,Av. San Martín 3720,-31.0204,-64.0627,Espacios de Exhibición Patrimonial
14,Córdoba,Colonia Caroya,Casa De La Historia Y La Cultura Del Bicentenario,Calle 48 & Calle 9,-31.0016,-64.0924,Espacios de Exhibición Patrimonial
14,Córdoba,Unquillo,Tinku Wasi Ruka Xawun,Yapeyú 70,-31.2313,-64.3214,Espacios de Exhibición Patrimonial
14,Córdoba,Villa Allende,Casa Roja. Multiespacio De Arte,Rio de Janeiro 165,-31.2887,-64.2931,Espacios de Exhibición Patrimonial
14,Córdoba,Villa Allende,Casa De La Cultura,Figueroa Alcorta 426,-31.2918,-64.2928,Espacios de Exhibición Patrimonial
14,Córdoba,Cordoba,Museo de la escuela normal Alejandro Carbó,Av. Colón 959,-31.40992237,-64.19603388,Espacios de Exhibición Patrimonial
14,Córdoba,Cordoba,Museo de la 2° Pizzería Don Luis,Av. Gral. Paz 33,-31.41478518,-64.18675437,Espacios de Exhibición Patrimonial
14,Córdoba,Cordoba,Museo Superior de Bellas Artes Palacio Ferreyra,Av. Hipólito Yrigoyen 511,-31.42702561,-64.18496734,Espacios de Exhibición Patrimonial
14,Córdoba,Cordoba,Museo Palacio Dionisi,Av. Hipolito Yrigoyen 622,-31.4294962,-64.18488622,Espacios de Exhibición Patrimonial
14,Córdoba,Cordoba,Museo de los niños Barrilete,Av. Recta Martinoli 786,-31.34777066,-64.26481572,Espacios de Exhibición Patrimonial
14,Córdoba,Cordoba,Museo Marco,Av. Sabattini 4750,-31.41956857,-64.18839426,Espacios de Exhibición Patrimonial
14,Córdoba,Cordoba,Museo del Teatro y de la música Cristóbal de Aguilar,Av. Vélez Sársfield 365,-31.41955941,-64.18838353,Espacios de Exhibición Patrimonial
14,Córdoba,Cordoba,Centro de Arte Contemporáneo Chateau Carreras,,-31.37381766,-64.25385959,Espacios de Exhibición Patrimonial
14,Córdoba,Cordoba,Museo Ingenium - Museo de Cultura Tecnológica,Bv. Las Heras 480,-31.40556269,-64.18711782,Espacios de Exhibición Patrimonial
14,Córdoba,Cordoba,Cripta Jesuítica del Noviciado Viejo,Colón esq. Rivera Indarte,-31.42114893,-64.18919416,Espacios de Exhibición Patrimonial
14,Córdoba,Cordoba,Museo de la Legislatura de Córdoba,Deán Funes 94,-31.41550673,-64.18507934,Espacios de Exhibición Patrimonial
14,Córdoba,Cordoba,MANTA Museo de Arte Nativo de Textiles Antiguos,Dellepiane 1792,-31.42629402,-64.21283171,Espacios de Exhibición Patrimonial
14,Córdoba,Cordoba,Museo de la Historia de la Ciudad,,-31.41626669,-64.18431759,Espacios de Exhibición Patrimonial
14,Córdoba,Cordoba,Museo de la Industria,Libertad 1130,-31.40912199,-64.17003929,Espacios de Exhibición Patrimonial
14,Córdoba,Cordoba,Museo del Colegio Nacional de Monserrat,,-31.4194163,-64.18686032,Espacios de Exhibición Patrimonial
14,Córdoba,Cordoba,Museo Iberoamericano de Artesanías,Pasaje Revol 10 esq. Belgrano – Bº Güemes,-31.41763313,-64.18850751,Espacios de Exhibición Patrimonial
14,Córdoba,Cordoba,Archivo Provincial de la Memoria,Pje. Sta Catalina 66,-31.41631757,-64.18496194,Espacios de Exhibición Patrimonial
14,Córdoba,Cordoba,Museo de las Mujeres,Rivera Indarte 55,-31.41491159,-64.18521881,Espacios de Exhibición Patrimonial
14,Córdoba,Cordoba,"Ex Centro Clandestino de Detención, La Perla",,-31.41997701,-64.18782087,Espacios de Exhibición Patrimonial
14,Córdoba,Cordoba,Unidad Básica Casa Museo,San Luis 630,-31.42079073,-64.1954432,Espacios de Exhibición Patrimonial
14,Córdoba,Cordoba,"Museo de Ciencias de la Salud, Hospital Nacional de Clínicas",,-31.40627694,-64.20374751,Espacios de Exhibición Patrimonial
14,Córdoba,Cordoba,"Museo de Odontología, Hospital Nacional de Clínicas",Santa Rosa 1564,-31.40627694,-64.20374751,Espacios de Exhibición Patrimonial
14,Córdoba,Cordoba,"Museo de Patología Ferdinando Strada, Hospital Nacional de Clínicas",Santa Rosa 1564,-31.40627694,-64.20374751,Espacios de Exhibición Patrimonial
14,Córdoba,Cordoba,"Espacio para la Memoria, Promoción y Defensa de los Derechos Humanos Campo de la Ribera",Sta Fe 49,-31.41013116,-64.20168726,Espacios de Exhibición Patrimonial
14,Córdoba,Cordoba,Museo de Mineralogía y Geología Dr. A. Steltzner,Vélez Sársfield 249,-31.41814365,-64.18780446,Espacios de Exhibición Patrimonial
14,Córdoba,Cordoba,"Museo de Zoología, Academia de ciencias",Vélez Sársfield 249,-31.41814365,-64.18780446,Espacios de Exhibición Patrimonial
14,Córdoba,Cordoba,"Museo de Paleontología, Academia de ciencias","Vélez Sársfield 249, 1 piso",-31.41814365,-64.18780446,Espacios de Exhibición Patrimonial
14,Córdoba,Cordoba,Museo virtual de arquitectura,Vélez Sársfield 264,-31.41815346,-64.18808138,Espacios de Exhibición Patrimonial
14,Córdoba,Cordoba,Museo botánico,Vélez Sársfield 299,-31.41866984,-64.18795393,Espacios de Exhibición Patrimonial
14,Córdoba,Cordoba,Museo científico y tecnológico,Vélez Sársfield 299,-31.41857829,-64.18793248,Espacios de Exhibición Patrimonial
14,Córdoba,Cordoba,Archivo y Museo Histórico Antonio García -IPEF,Av. Cárcano S/N.,-31.8029723,-64.4107929,Espacios de Exhibición Patrimonial
18,Corrientes,Bella Vista,Museo Histórico Municipal De Bella Vista,Salta 1059,-28.506605,-59.039963,Espacios de Exhibición Patrimonial
18,Corrientes,Corrientes,Museo Provincial De Artesanías Tradicionales Folklóricas,Fray José de la Quintana 905 (Esquina Salta),-27.46284,-58.838877,Espacios de Exhibición Patrimonial
18,Corrientes,Corrientes,Museo Provincial De Ciencias Naturales Dr. Amado Bonpland,San Martin 850,-27.4694,-58.8414,Espacios de Exhibición Patrimonial
18,Corrientes,Corrientes,Museo Histórico De Corrientes Tte. De Gdor. Manuel Cabral De Melo Y Alpoin,9 de Julio 1044,-27.4663,-58.8387,Espacios de Exhibición Patrimonial
18,Corrientes,Corrientes,Museo Provincial De Bellas Artes Dr. Juan Ramón Vidal,San Juan 634,-27.4646,-58.8366,Espacios de Exhibición Patrimonial
18,Corrientes,Curuzú Cuatiá,Museo Histórico Municipal Tarragó Ros,Irastorza y Las Heras,-29.794001,-58.049928,Espacios de Exhibición Patrimonial
18,Corrientes,Curuzú Cuatiá,Museo De La Fe Y La Tradición,Irastorza y Las Heras,-29.794001,-58.049928,Espacios de Exhibición Patrimonial
18,Corrientes,Goya,Casa De La Cultura,Gdor. Juan E. Martínez 687,-29.143833,-59.260488,Espacios de Exhibición Patrimonial
18,Corrientes,Ituzaingó,Museo Clarisse Coulombie De Goyaud,Pirán 582,-34.6565,-58.6721,Espacios de Exhibición Patrimonial
18,Corrientes,Mercedes,Museo De Bellas Artes Y Biblioteca Popular Domingo Faustino Sarmiento,Calle 29 (Avda. Mitre) Nº 674,-34.6546,-59.4284,Espacios de Exhibición Patrimonial
18,Corrientes,Mercedes,Museo Municipal De Ciencias Naturales Carlos Ameghino,Calle 26 N° 512,-34.6509,-59.4285,Espacios de Exhibición Patrimonial
18,Corrientes,San Roque,Monumento Histórico Nacional Y Museo Municipal De Arte Sacro Y Antigüedades Correntinas Pbro. Dr. Ángel Esteban Romero,Berón de Astrada y San Martín S/N,-28.575737,-58.710025,Espacios de Exhibición Patrimonial
18,Corrientes,Yapeyu,Museo Sanmartiniano,Avenida Libertador y Aguado S/N,-29.47512,-56.821096,Espacios de Exhibición Patrimonial
18,Corrientes,Yapeyu,Museo Jesuítico De Sitio Guillermo Furlong S.J.,Sargento Cabral y Obispo Romero S/N,-29.471248,-56.816073,Espacios de Exhibición Patrimonial
30,Entre Ríos,Chajari,Museo Municipal Ivy Mara Ey - La Tierra Sin Mal,Urquiza y Sarmiento. Ex Estación del Ferrocarril,-30.756532,-57.984198,Espacios de Exhibición Patrimonial
30,Entre Ríos,Chajari,Museo Regional Camila Quiroga,Adolfo Repetto 1870,-30.746825,-57.9785,Espacios de Exhibición Patrimonial
30,Entre Ríos,Colón,Museo Histórico Museóloga María Angélica González,Laprida y Moreno,-32.221483,-58.136118,Espacios de Exhibición Patrimonial
30,Entre Ríos,Colón,Museo Provincial Molino Forclaz,Camino de Los Colonos S/N,-32.225643,-58.141999,Espacios de Exhibición Patrimonial
30,Entre Ríos,Concepcion del Uruguay,Museo Histórico Evocativo Del Colegio Superior Del Uruguay Justo José De Urquiza,Urquiza 25,-32.484417,-58.233049,Espacios de Exhibición Patrimonial
30,Entre Ríos,Concepcion del Uruguay,Museo De Belllas Artes De La Biblioteca El Porvenir,San Martín 782,-32.485535,-58.23337,Espacios de Exhibición Patrimonial
30,Entre Ríos,Concepcion del Uruguay,Museo Histórico Municipal Casa De Delio Panizza,Supremo Entrerriano 58,-32.483488,-58.23055,Espacios de Exhibición Patrimonial
30,Entre Ríos,Concepción del Uruguay,Museo De Historia Natural Pablo G. Lorentz,Urquiza 25,-32.4844,-58.233,Espacios de Exhibición Patrimonial
30,Entre Ríos,Concepción del Uruguay,Museo Provincial De Dibujo Y Grabado Artemio Alisio,Sarmiento 612,-32.48646,-58.230271,Espacios de Exhibición Patrimonial
30,Entre Ríos,Concordia,Museo De Salto Grande,Ruta 15 (Al Noreste de la Ciudad de Concordia),-31.352101,-58.008647,Espacios de Exhibición Patrimonial
30,Entre Ríos,Concordia,Museo Histórico Militar Coronel Leopoldo Ornstein,San Juan y Arruabarrena S/N,-31.370442,-58.007516,Espacios de Exhibición Patrimonial
30,Entre Ríos,Concordia,Museo Judío De Entre Ríos,Entre Ríos 476,-31.399776,-58.019447,Espacios de Exhibición Patrimonial
30,Entre Ríos,Concordia,Museo Del Recuerdo,Coronel Pedro Espino Nº 115,-31.4016,-58.0173,Espacios de Exhibición Patrimonial
30,Entre Ríos,Concordia,Museo Municipal De Artes Visuales,"Urquiza 638, Planta Alta",-31.3971,-58.0178,Espacios de Exhibición Patrimonial
30,Entre Ríos,Concordia,Museo De Antropología Y Ciencias Naturales De Concordia,B. Rivadavia 456 Esq. Carriego,-31.401296,-58.013225,Espacios de Exhibición Patrimonial
30,Entre Ríos,Concordia,Museo Regional Municipal Palacio Arruabarrena,Entre Ríos 952,-31.3913,-58.0175,Espacios de Exhibición Patrimonial
30,Entre Ríos,Crespo,Museo Municipal Del Centenario,San Arnoldo Jassen Entre Tucumán y Córdoba. Bº San José,-32.037077,-60.310747,Espacios de Exhibición Patrimonial
30,Entre Ríos,Diamante,Museo Municipal Regional De Diamante,Pedro Serrano 425,-32.071846,-60.637209,Espacios de Exhibición Patrimonial
30,Entre Ríos,Federación,Museo De Los Asentamientos,Irigoyen y Las Rosas,-30.986588,-57.918031,Espacios de Exhibición Patrimonial
30,Entre Ríos,Federación,Museo Del Termalismo,Av. San Martín y Las Hortensias,-30.990957,-57.917085,Espacios de Exhibición Patrimonial
30,Entre Ríos,Federación,Museo De La Imagen Eladio Fernández Piaggio,Las Hortensias S/N,-30.996593,-57.929615,Espacios de Exhibición Patrimonial
30,Entre Ríos,General Campos,Museo Regional Malva Emparanza,Herminio y Quiroz S/N,-31.53351,-58.40057,Espacios de Exhibición Patrimonial
30,Entre Ríos,Gualeguay,Casa De La Cultura Museo Quirós,,-33.150329,-59.310469,Espacios de Exhibición Patrimonial
30,Entre Ríos,Gualeguay,Museo Del Ferrocarril,Ex Estación Terminal del Ferrocarril General Urquiza,-33.150959,-59.315028,Espacios de Exhibición Patrimonial
30,Entre Ríos,Gualeguay,Museo De Paleontología Dr. Diego Echazarreta,Tratado del Pilar y López Pilar. Manzana de la Escuela Nº 20,-33.150959,-59.315028,Espacios de Exhibición Patrimonial
30,Entre Ríos,Gualeguay,Museo Histórico Juan Bautista Ambrosetti,San Antonio (Norte) 230,-33.14357,-59.312995,Espacios de Exhibición Patrimonial
30,Entre Ríos,Gualeguaychú,Instituto Magnasco Y Biblioteca Popular Olegario V. Andrade,Camila Nievas 78,-33.0096,-58.5094,Espacios de Exhibición Patrimonial
30,Entre Ríos,Gualeguaychú,Museo De La Ciudad Azotea De Lapalma,San Luis 350,-33.0036,-58.5262,Espacios de Exhibición Patrimonial
30,Entre Ríos,Gualeguaychú,Museo Agricola Regional,Urquiza al Oeste y Ruta 14,-33.0124,-58.6067,Espacios de Exhibición Patrimonial
30,Entre Ríos,Gualeguaychú,Museo Ferroviario Gualeguaychú,Avda. Maestra Piccini Entre Ayacucho y Maipú,-33.0176,-58.5198,Espacios de Exhibición Patrimonial
30,Entre Ríos,Gualeguaychú,Museo De La Ciudad Casa De Haedo,San José 105,-33.007,-58.5121,Espacios de Exhibición Patrimonial
30,Entre Ríos,La Paz,Museo Municipal De Bellas Artes,Italia 1043,-30.741127,-59.643546,Espacios de Exhibición Patrimonial
30,Entre Ríos,La Paz,Museo Regional Municipal Alicia González Castrillón,3 de Febrero y French,-30.73796,-59.645514,Espacios de Exhibición Patrimonial
30,Entre Ríos,Libertador Norte,Museo Histórico Municipal Dr. Roberto Habenicht,Linares Cardoso 330,-32.07906,-60.463854,Espacios de Exhibición Patrimonial
30,Entre Ríos,Nogoya,Museo Municipal De Nogoyá,25 de Mayo 687,-32.402257,-59.78783,Espacios de Exhibición Patrimonial
30,Entre Ríos,Oro Verde,Museo Regional Conrado Hasenauer,Los Tordos (Detrás del Complejo Municipal de Piletas),-31.82817,-60.518265,Espacios de Exhibición Patrimonial
30,Entre Ríos,Oro Verde,Museo Carl Sagan Asociación Entrerriana De Astronomía,Complejo Esc. Alberdi - Observatorio Oro Verde,-31.82817,-60.518265,Espacios de Exhibición Patrimonial
30,Entre Ríos,Paraná,Museo Barrial De Puerto Viejo Y Cuesta Los Vascos,Av. Estrada 1057,-31.714455,-60.541678,Espacios de Exhibición Patrimonial
30,Entre Ríos,Paraná,Museo De La Ciudad Dr. Cesar Blas Pérez Colman,Buenos Aires 226,-31.7294,-60.5307,Espacios de Exhibición Patrimonial
30,Entre Ríos,Paraná,Museo De Sitio Santos Domínguez Y Berguria,Monte Caseros y Urquiza,-31.732574,-60.528563,Espacios de Exhibición Patrimonial
30,Entre Ríos,Paraná,Museo Y Mercado Provincial De Artesanías De Entre Ríos,Urquiza 1239,-31.7366,-60.517,Espacios de Exhibición Patrimonial
30,Entre Ríos,Paraná,Museo Interactivo De Ciencias Puerto Ciencia,B. Racedo y Pascual Palma,-31.74596,-60.528707,Espacios de Exhibición Patrimonial
30,Entre Ríos,Paraná,Museo De Ciencias Naturales Y Antropológicas Prof. Antonio Serrano,Carlos Gardel 62,-31.7274,-60.5284,Espacios de Exhibición Patrimonial
30,Entre Ríos,Paraná,Museo Histórico De Entre Ríos Martiniano Leguizamón,Buenos Aires y Laprida,-31.7413,-60.5115,Espacios de Exhibición Patrimonial
30,Entre Ríos,Paraná,Museo Provincial De Bellas Arte Dr. Pedro E. Martínez,Buenos Aires 355,-31.7276,-60.53,Espacios de Exhibición Patrimonial
30,Entre Ríos,Rosario del Tala,Museo Municipal Rosario Del Tala,Urquiza 259,-32.301486,-59.137896,Espacios de Exhibición Patrimonial
30,Entre Ríos,San José,Museo Histórico Regional De La Colonia San José,Urquiza 1127,-32.20197,-58.224486,Espacios de Exhibición Patrimonial
30,Entre Ríos,San Salvador,Museo De La Estación,Giacomelli S/N. Estación de San Salvador,-31.62796,-58.5041,Espacios de Exhibición Patrimonial
30,Entre Ríos,San Salvador,Museo Del Arroz,San Martín y Manuel Belgrano,-31.623999,-58.507167,Espacios de Exhibición Patrimonial
30,Entre Ríos,Viale,Museo De La Ciudad,Av. Dr. Martín Panutto Nº 277,-31.873865,-60.009923,Espacios de Exhibición Patrimonial
30,Entre Ríos,Villa Domínguez,Museo Y Archivo Histórico Regional De Las Colonias Judías,San Martín 99,-31.98512,-58.96297,Espacios de Exhibición Patrimonial
30,Entre Ríos,Villaguay,Museo Histórico Regional Municipal,Juan Hermelo 519,-31.867872,-59.02908,Espacios de Exhibición Patrimonial
30,Entre Ríos,Villaguay,Museo De Antropología Indígena Tierra De Minuanes,Caseros 426,-31.869937,-59.027312,Espacios de Exhibición Patrimonial
30,Entre Ríos,Concepción del Uruguay,Sala Evocativa De La Ribera,Avda. Paysandú y Spiro,-32.487776,-58.232083,Espacios de Exhibición Patrimonial
30,Entre Ríos,Concepción del Uruguay,Yuchan,Galarza y Supremo Entrerriano,-32.487776,-58.232083,Espacios de Exhibición Patrimonial
30,Entre Ríos,Paraná,Casa De La Cultura De Entre Ríos,Carbó 194,-31.7373,-60.5317,Espacios de Exhibición Patrimonial
30,Entre Ríos,Paraná,Fototeca De Entre Ríos,Irigoyen 329,-31.7391,-60.5259,Espacios de Exhibición Patrimonial
34,Formosa,Formosa,Museo De La Policía,Barrio 2 de Abril,-26.175324,-58.197289,Espacios de Exhibición Patrimonial
34,Formosa,Formosa,Museo Del Suri,Calle O` Higgins - Barrio San Miguel,-26.180813,-58.201477,Espacios de Exhibición Patrimonial
34,Formosa,Formosa,Museo Histórico Y Regional Juan Pablo Duffard,Av. 25 de Mayo 58,-26.181834,-58.165025,Espacios de Exhibición Patrimonial
34,Formosa,Formosa,Museo Sacro Cultural Padre Carmelo Sciullo,Barrio Villa del Rosario,-26.199295,-58.207721,Espacios de Exhibición Patrimonial
34,Formosa,Laguna Blanca,Museo Regional Del Noreste Formoseño,Ruta 86,-25.132826,-58.245879,Espacios de Exhibición Patrimonial
34,Formosa,Pirané,Museo Del Pueblo,"Centro Municipal de Cultura y Deportes, Roque Sáenz Peña y San Lorenzo",-25.733203,-59.10754,Espacios de Exhibición Patrimonial
34,Formosa,Villa Escolar,Museo De Ciencias Naturales,,-26.622292,-58.670418,Espacios de Exhibición Patrimonial
38,Jujuy,Alto La Viña,Centro Cultural Y Museo Jorge Pasquini López,Víctor Hugo 45,-24.1826,-65.273,Espacios de Exhibición Patrimonial
38,Jujuy,Calilegua,Museo Regional De Artes Plásticas Casique Calilegua,"Av. Sarmiento, Esq. San Martín",-23.774477,-64.76545,Espacios de Exhibición Patrimonial
38,Jujuy,El Carmen,Museo Del Automóvil Antiguo,Moreno 52 Esq. Perón,-24.384874,-65.267697,Espacios de Exhibición Patrimonial
38,Jujuy,Hornillos,Complejo Cultural Posta De Hornillos,Ruta Nac. N° 9 Km. 73,-22.080915,-65.997005,Espacios de Exhibición Patrimonial
38,Jujuy,Huacalera,Museo Arqueológico E Histórico De Huacalera,"Calle Lavalle, Esq. Av. 20 de Junio",-23.433613,-65.353734,Espacios de Exhibición Patrimonial
38,Jujuy,Huichaira,Museo En Los Cerros,Quebrada de Huichaira S/N,-23.610592,-65.408916,Espacios de Exhibición Patrimonial
38,Jujuy,Humahuaca,Museo Arqueológico Dr. Justiniano Torres Aparicio,Córdoba 115,-23.204655,-65.349799,Espacios de Exhibición Patrimonial
38,Jujuy,Humahuaca,Museo Del Patrimonio Intangible,Buenos Aires 433,-23.206936,-65.348366,Espacios de Exhibición Patrimonial
38,Jujuy,Humahuaca,Museo Arqueológico Municipal,Santa Fe S/N Barrio Centro,-23.205505,-65.352316,Espacios de Exhibición Patrimonial
38,Jujuy,Humahuaca,Museo Francisco Ramoneda,Salta 214,-23.202589,-65.346917,Espacios de Exhibición Patrimonial
38,Jujuy,Humahuaca,Museo  De Esculturas Nicasio Fernández Mar,Buenos Aires S/N,-23.864688,-65.472178,Espacios de Exhibición Patrimonial
38,Jujuy,La Quiaca,Museo Comunitario Puna,Árabe Siria y 25 de Mayo,-22.103537,-65.597741,Espacios de Exhibición Patrimonial
38,Jujuy,La Quiaca,Museo Arqueológico Y Etnográfico Musoj Ñan,Sarmiento 60,-22.108933,-65.595921,Espacios de Exhibición Patrimonial
38,Jujuy,Libertador General San Martin,Museo David Rhys,25 de Mayo 99,-32.075717,-60.463175,Espacios de Exhibición Patrimonial
38,Jujuy,Libertador Gral. San Martín,Centro De Visitantes Ledesma,"Reconquista 442, Barrio Ledesma",-23.831745,-64.789536,Espacios de Exhibición Patrimonial
38,Jujuy,San Pedro,"Museo Histórico, Arqueológico Y De Arte Pablo Baldwin",Miguel F. Aráoz Esq. 9 de Julio,-24.235257,-64.865667,Espacios de Exhibición Patrimonial
38,Jujuy,San Pedro,Museo Histórico Regional Fray José María Bottaro,9 de Julio 134,-33.675601,-59.6616,Espacios de Exhibición Patrimonial
38,Jujuy,San Pedro,Museo Cacique Bonifacio Maidana,Av. 25 de Mayo y San Martín,-26.622337,-54.114682,Espacios de Exhibición Patrimonial
38,Jujuy,San Pedro,Casa Museo Fernando García Curten,Mitre 1574,-33.683421,-59.669756,Espacios de Exhibición Patrimonial
38,Jujuy,San Salvador de Jujuy,Museo Y Centro Cultural Casa Macedonio Graz,Lamadrid Esq. Güemes,-24.183101,-65.307042,Espacios de Exhibición Patrimonial
38,Jujuy,San Salvador de Jujuy,Museo De Bellas Artes Jorge Mendoza,Av. Urquiza 410,-24.183245,-65.298692,Espacios de Exhibición Patrimonial
38,Jujuy,San Salvador de Jujuy,Museo En Maquetas Tupac Amaru,Alvear 1152,-24.184413,-65.309044,Espacios de Exhibición Patrimonial
38,Jujuy,San Salvador de Jujuy,Museo De Ciencias Naturales Carlos Darwin - Colegio Nacional Nº1 Teodoro Sánchez De Bustamante,Gorriti 353,-24.184473,-65.298938,Espacios de Exhibición Patrimonial
38,Jujuy,San Salvador de Jujuy,Museo Catedral,Sarmiento Esq. Belgrano,-24.185225,-65.300154,Espacios de Exhibición Patrimonial
38,Jujuy,San Salvador de Jujuy,Museo Y Centro Cultural Culturarte,San Martín Esq. Sarmiento,-24.186419,-65.300074,Espacios de Exhibición Patrimonial
38,Jujuy,San Salvador de Jujuy,Museo Histórico Policial,Belgrano 493,-24.1852,-65.3001,Espacios de Exhibición Patrimonial
38,Jujuy,San Salvador de Jujuy,Museo De Arte Sacro San Francisco,Belgrano 677,-24.185158,-65.302111,Espacios de Exhibición Patrimonial
38,Jujuy,San Salvador de Jujuy,Museo Histórico Provincial,Lavalle 256,-24.1859,-65.3028,Espacios de Exhibición Patrimonial
38,Jujuy,San Salvador de Jujuy,Museo Arqueológico Provincial,Lavalle 434,-24.1837,-65.303,Espacios de Exhibición Patrimonial
38,Jujuy,San Salvador de Jujuy,"Museo De Geología, Mineralogía Y Paleontología",Av. Bolivia 1661,-24.179,-65.3431,Espacios de Exhibición Patrimonial
38,Jujuy,Tilcara,Museo Ojito De Agua,Jujuy 558,-23.577896,-65.394028,Espacios de Exhibición Patrimonial
38,Jujuy,Tilcara,Museo De Ermitas Tilcareñas,Rivadavia S/N,-23.580989,-65.397861,Espacios de Exhibición Patrimonial
38,Jujuy,Tilcara,Pucará,"Pucara S/N (A 1 Km de Tilcara, en la Margen Izquierda del Río Grande)",-23.580989,-65.397861,Espacios de Exhibición Patrimonial
38,Jujuy,Tilcara,Museo Medardo Pantoja,Alberro 560,-23.580989,-65.397861,Espacios de Exhibición Patrimonial
38,Jujuy,Tilcara,Museo De Bellas Artesfundación Hugo Irureta,Belgrano y Bolívar,-23.576956,-65.394673,Espacios de Exhibición Patrimonial
38,Jujuy,Tilcara,Museo Regional De Pintura José Antonio Terry,Rivadavia 352,-23.576974,-65.393049,Espacios de Exhibición Patrimonial
38,Jujuy,Tilcara,Museo Arqueológico Dr. Eduardo Casanova,Belgrano 445,-23.576811,-65.395368,Espacios de Exhibición Patrimonial
38,Jujuy,Tilcara,Museo De Escultura Ernesto Soto Avendaño,Belgrano 577,-23.577215,-65.393509,Espacios de Exhibición Patrimonial
38,Jujuy,Tumbaya,Museo Cecilio Bustamante,"Coronel Quintana, Esq. Buenos Aires S/N",-23.864688,-65.472178,Espacios de Exhibición Patrimonial
38,Jujuy,Uquia,Museo Familiar Dora Arancibia,Mariano Arancibia S/N,-23.31883,-65.348666,Espacios de Exhibición Patrimonial
38,Jujuy,Uquia,Museo Takashi Takahashi,Cátulo Aparicio S/N,-23.31883,-65.348666,Espacios de Exhibición Patrimonial
38,Jujuy,Yavi,Casa Hacienda Del Marquesado De Tojo,Av. Marqués Campero S/N,-22.136021,-65.465489,Espacios de Exhibición Patrimonial
38,Jujuy,Yavi Chico,Museo Mama Antonia - Tata Portal,Comunidad Aborigen Yavi Chico,-22.095868,-65.467108,Espacios de Exhibición Patrimonial
38,Jujuy,Abra Pampa,Arqueológico Leopoldo Aban,Sarmiento 450,-22.722268,-65.693483,Espacios de Exhibición Patrimonial
38,Jujuy,Tilcara,De Esculturas Alfredo Yacuzzi,Ambrosetti Entre Debenedetti y Castañeda,-23.580989,-65.397861,Espacios de Exhibición Patrimonial
38,Jujuy,Yavi,De Antigales,,-22.136021,-65.465489,Espacios de Exhibición Patrimonial
38,Jujuy,Yavi,Casa De Hacienda De Yavi Del Marquesado De Toso,,-22.136021,-65.465489,Espacios de Exhibición Patrimonial
42,La Pampa,Alpachiri,Museo Histórico Municipal De Alpachiri,Ceballos s/n - Estación de Ferrocarril-,-37.378175,-63.773905,Espacios de Exhibición Patrimonial
42,La Pampa,Alta Italia,Museo Histórico Municipal,Aristóbulo del Valle 351,-35.333615,-64.119272,Espacios de Exhibición Patrimonial
42,La Pampa,Arata,Museo Histórico De Arata,Libertad 250,-35.637447,-64.355767,Espacios de Exhibición Patrimonial
42,La Pampa,Bernasconi,Museo Lucio V. Mansilla,Av. San Martín S/N,-37.904348,-63.745111,Espacios de Exhibición Patrimonial
42,La Pampa,Carro Quemado,Museo Histórico Familiar Orgales,Sobre Ruta Nº 105,-36.477883,-65.342926,Espacios de Exhibición Patrimonial
42,La Pampa,Carro Quemado,Museo Atelier Antonio Ortiz Echagüe,"Establecimiento ""La Holanda""",-36.477883,-65.342926,Espacios de Exhibición Patrimonial
42,La Pampa,Ceballos,Museo De La Biblioteca Popular Francisco Ceballos,Ruta Provincial N° 13 Km 80,-35.272157,-63.770872,Espacios de Exhibición Patrimonial
42,La Pampa,Colonia 25 de Mayo,Museo Geominero Don José Cholino,Ruta Provincial Nº 4 Parque Industrial,-37.769862,-67.711631,Espacios de Exhibición Patrimonial
42,La Pampa,Colonia Barón,Museo Colonia Barón,San Martín 345,-36.151608,-63.859309,Espacios de Exhibición Patrimonial
42,La Pampa,Colonia Santa María,La Casa Museo De Los Abuelos Guinder,San Martín S/N,-37.497534,-64.224905,Espacios de Exhibición Patrimonial
42,La Pampa,Conhelo,Museo Agrario José A. Gaillaurdou,Estación del ferrocarril,-36.001818,-64.595944,Espacios de Exhibición Patrimonial
42,La Pampa,Coronel Hilario Lagos,Museo Perito Francisco P. Moreno,San Martín n° 77,-35.023499,-63.91073,Espacios de Exhibición Patrimonial
42,La Pampa,Dorila,Museo Histórico Dorila,Calle 10 esquina 3,-35.778659,-63.716875,Espacios de Exhibición Patrimonial
42,La Pampa,Eduardo Castex,Museo Histórico Municipal Juan Ricardo Nervi,Rivadavia S/N,-35.918922,-64.294612,Espacios de Exhibición Patrimonial
42,La Pampa,Embajador Martini,Museo Municipal Néstor Tellería,Estación del ferrocarril,-35.387425,-64.282639,Espacios de Exhibición Patrimonial
42,La Pampa,Falucho,Museo Del Centenario,Acceso Ricardo Lavalle 298,-35.191432,-64.103902,Espacios de Exhibición Patrimonial
42,La Pampa,General Pico,Museo Regional Maracó,Calle 17 N° 560,-35.663726,-63.756706,Espacios de Exhibición Patrimonial
42,La Pampa,Gral. San Martín,Museo Aldo Pato Hernando,Pasteur 17,-37.97802,-63.599256,Espacios de Exhibición Patrimonial
42,La Pampa,Gral. San Martín,Museo Villa Alba,Predio del ferrocarril calle Rivadavia,-37.980807,-63.606618,Espacios de Exhibición Patrimonial
42,La Pampa,Guatraché,Museo Y Archivo Histórico,Sarmiento S/N,-37.668687,-63.532756,Espacios de Exhibición Patrimonial
42,La Pampa,Ingeniero Luiggi,Museo Histórico Municipal,9 de Julio S/N - Estación del ferrocarril,-35.386097,-64.468592,Espacios de Exhibición Patrimonial
42,La Pampa,Jacinto Arauz,Museo Histórico Del Médico Rural Dr. René G. Favaloro,Estación del ferrocarril,-38.086033,-63.432217,Espacios de Exhibición Patrimonial
42,La Pampa,Maisonnave,Museo Chacarero La Loma,"Lote dos, fracción A, sección 1. Ruta Nac. 188",-35.043911,-64.384737,Espacios de Exhibición Patrimonial
42,La Pampa,Maisonnave,Museo Juan Antonio Cantarella,,-35.04149,-64.385838,Espacios de Exhibición Patrimonial
42,La Pampa,Miguel Cané,Museo Colegio Gral. Don Martín Miguel De Güemes,Belgrano S/N,-36.157284,-63.512191,Espacios de Exhibición Patrimonial
42,La Pampa,Miguel Riglos,Museo Casa Vicente,Av. Belgrano 573,-36.853739,-63.688501,Espacios de Exhibición Patrimonial
42,La Pampa,Parera,Museo El Tordillo,Av. San Martín N° 434,-35.147366,-64.501007,Espacios de Exhibición Patrimonial
42,La Pampa,Quehué,Museo Municipal Casa Sarasola,Paseo de la Estación,-37.121895,-64.515322,Espacios de Exhibición Patrimonial
42,La Pampa,Quetrequén,Museo Histórico El Almacén,España y Mohiragi,-35.055394,-64.521042,Espacios de Exhibición Patrimonial
42,La Pampa,Realico,Museo Patria Chica De Mohamed Díaz,Gobernador Centeno 1566,-35.037575,-64.246138,Espacios de Exhibición Patrimonial
42,La Pampa,Reserva Natural Parque Luro,Museo De Parque Luro El Castillo,"Ruta Nacional 35, km 294",-36.904034,-64.279751,Espacios de Exhibición Patrimonial
42,La Pampa,Santa Rosa,Museo Histórico Legislativo,Corrientes 200,-36.619866,-64.278782,Espacios de Exhibición Patrimonial
42,La Pampa,Santa Rosa,Casa  Museo La Malvinas,Parque recreativo Don Tomás,-36.621938,-64.30511,Espacios de Exhibición Patrimonial
42,La Pampa,Santa Rosa,Museo Provincial De Historia Natural,Quintana 116,-36.6189,-64.2927,Espacios de Exhibición Patrimonial
42,La Pampa,Santa Rosa,Museo Provincial De Artes,9 de Julio y Villegas,-36.62,-64.2952,Espacios de Exhibición Patrimonial
42,La Pampa,Santa Rosa,Museo Policial Crio General Alberto Dionisio Antonio,Avda. Belgrano Norte 140,-36.618233,-64.276155,Espacios de Exhibición Patrimonial
42,La Pampa,Toay,Museo Del Regimiento Nº 12,Av. Perón 8187,-36.671551,-64.361829,Espacios de Exhibición Patrimonial
42,La Pampa,Toay,Museo Histórico Teniente General Luis María Campos,Av. Perón 8187,-36.671551,-64.361829,Espacios de Exhibición Patrimonial
42,La Pampa,Toay,Museo Cívico-Militar Toay,Av. 9 de julio y Roque S. Peña,-36.673315,-64.378564,Espacios de Exhibición Patrimonial
42,La Pampa,Toay,Casa Museo Olga Orozco,Avda. Reg. 13 de Caballería N° 1102,-36.676268,-64.373601,Espacios de Exhibición Patrimonial
42,La Pampa,Trenel,Museo Histórico Casa De La Cultura,Leandro Alem 701,-35.696512,-64.135928,Espacios de Exhibición Patrimonial
42,La Pampa,Vertiz,Museo Municipal Del Centenario,"Malvinas Argentinas 418, 2 º",-35.428586,-63.906396,Espacios de Exhibición Patrimonial
42,La Pampa,Villa Mirasol,Museo Regional Rincón De Vida,Avda. San Martín 871,-36.074747,-63.88703,Espacios de Exhibición Patrimonial
42,La Pampa,Winifreda,Museo De La Comunidad,Av. Roca y España,-36.229598,-64.234903,Espacios de Exhibición Patrimonial
42,La Pampa,Chacharramendi,Parador Histórico Pulperia De Chacharramendi,F. Seijo S/N,-37.33411,-65.650778,Espacios de Exhibición Patrimonial
46,La Rioja,Aimogasta,Museo Regional,Luis Manzueto de Fuentes y 25 de Mayo,-28.571441,-66.814127,Espacios de Exhibición Patrimonial
46,La Rioja,Campanas,Museo Acnin,Barrio La Plaza,-28.558525,-67.62641,Espacios de Exhibición Patrimonial
46,La Rioja,Chamical,Museo Municipal Prof. Rolando Hugo Reales,"Antigua Estación de Ferrocarril, 25 de Mayo S/N",-30.379761,-66.324031,Espacios de Exhibición Patrimonial
46,La Rioja,Chuquis,Museo Histórico Castro Barros,Felipe Pelanda López S/N,-28.900478,-66.976501,Espacios de Exhibición Patrimonial
46,La Rioja,Famatina,Museo Municipal De Famatina,Juan Facundo Quiroga S/N,-28.931597,-67.520731,Espacios de Exhibición Patrimonial
46,La Rioja,La Rioja,Museo De Ciencias Naturales De La Universidad Nacional De La Rioja,René Favaloro y Carlos Saúl Menem S/N,-29.429754,-66.867288,Espacios de Exhibición Patrimonial
46,La Rioja,La Rioja,Museo De Bellas Artes Octavio De La Colina,"Pasaje Diaguita 75, Barrio Centro",-29.411937,-66.851822,Espacios de Exhibición Patrimonial
46,La Rioja,La Rioja,Museo Folklórico,Pelagio B. Luna 811,-29.4125,-66.8596,Espacios de Exhibición Patrimonial
46,La Rioja,La Rioja,Museo Arqueológico Regional Inca Huasi,Juan Bautista Alberdi 650,-29.4099,-66.8577,Espacios de Exhibición Patrimonial
46,La Rioja,La Rioja,Museo De Arte Sacro,Peladio V. Luna 790,-29.4125,-66.8593,Espacios de Exhibición Patrimonial
46,La Rioja,Malanzán,Museo Arqueológico Virgen De Copacabana,Av. De Los Caudillos S/N,-30.818,-66.619471,Espacios de Exhibición Patrimonial
46,La Rioja,Pituil,Museo Arqueológico,Calle Santo Domingo S/N,-28.584012,-67.450811,Espacios de Exhibición Patrimonial
46,La Rioja,Villa Chepes,Museo De Los Caudillos Ángel Nardillo,"9 de Julio, Esquina Sarmiento",-31.34116,-66.592516,Espacios de Exhibición Patrimonial
46,La Rioja,Villa San José,Museo Profesor Osmán Páez,Carlos Saúl Menem S/N,-28.78221,-68.205995,Espacios de Exhibición Patrimonial
46,La Rioja,Villa Sanagasta,Museo Río De Piedra,"Ruta Nacional 75, Km 18",-29.275842,-67.037949,Espacios de Exhibición Patrimonial
46,La Rioja,Villa Sanagasta,Museo Municipal,Carlos Álvarez 348,-29.284609,-67.021226,Espacios de Exhibición Patrimonial
46,La Rioja,La Rioja,Archivo Histórico Casa De Joaquín Víctor González,Rivadavia 928,-29.4151,-66.8609,Espacios de Exhibición Patrimonial
50,Mendoza,Godoy Cruz,Museo “Alguacil Mayor Capitán Don Gaspar Miguel Ruiz de Rojas”,Lavalle 88,-32.9259319,-68.844999,Espacios de Exhibición Patrimonial
50,Mendoza,Godoy Cruz,Museo  Ferroviario de Godoy Cruz,Panamericana y Av del Trabajo,-32.920285,-68.847434,Espacios de Exhibición Patrimonial
50,Mendoza,al Norte de Ingeniero Gustavo Andre,Museo De Las Lagunas Del Rosario,Pueblo de Asunción (Construcción Anexa a La Capilla Vieja),-32.137663,-68.180282,Espacios de Exhibición Patrimonial
50,Mendoza,Capital,Museo De Ciencias Naturales José Lorca,Avda. San Francisco de Asís S/N Parque San Martín,-32.8974,-68.8802,Espacios de Exhibición Patrimonial
50,Mendoza,Carrodilla,Museo Parroquial Iglesia De La Carrodilla,San Martín y Carrodilla,-33.0043,-68.8319,Espacios de Exhibición Patrimonial
50,Mendoza,Chacras de Coria,Colección Entomológica Cátedra De Zoología Agrícola - Uncuyo,Almirante Brown 500,-33.0054,-68.8772,Espacios de Exhibición Patrimonial
50,Mendoza,Chilecito,"Museo De Chilecito, Molino San Francisco",Jamín Ocampo 50,-29.167729,-67.503343,Espacios de Exhibición Patrimonial
50,Mendoza,Chilecito,Museo Cable Carril Dr. Santiago Bazán,Estación Ferrocarril,-29.166574,-67.500779,Espacios de Exhibición Patrimonial
50,Mendoza,Ciudad,Museo Profesor Lorca,Boulogne Sur Mer 2136,-32.87511,-68.859059,Espacios de Exhibición Patrimonial
50,Mendoza,Ciudad,Museo Nacional Del Vino Y La Vendimia,Ozamis 924,-32.9744,-68.788,Espacios de Exhibición Patrimonial
50,Mendoza,Coquimbito,Museo Del Vino San Felipe,Montecaseros 2625,-32.956483,-68.744795,Espacios de Exhibición Patrimonial
50,Mendoza,Cuadro Nacional,Museo Histórico Militar San Rafael,Av. Mitre 5500,-34.6289,-68.2918,Espacios de Exhibición Patrimonial
50,Mendoza,General Alvear,Museo Municipal De Historia Natural Dr. Salvador Calafat,San Rafael 48,-34.983739,-67.695712,Espacios de Exhibición Patrimonial
50,Mendoza,Junín,Museo Municipal De Arte Ángel María De Rosa,Roque Sáenz Peña 141,-34.5906,-60.9464,Espacios de Exhibición Patrimonial
50,Mendoza,Junín,Museo Histórico De Junín,Newbwry y Quintana,-34.5846,-60.9475,Espacios de Exhibición Patrimonial
50,Mendoza,Las Compuertas,Museo Ferroviario Alejandrino Alfonso,Estación Blanco Encalada,-33.036798,-68.975719,Espacios de Exhibición Patrimonial
50,Mendoza,Las Heras,Museo De La Iv Brigada Aérea Mayor D. Jorge Osvaldo García,IV Brigada Aérea,-32.839762,-68.801626,Espacios de Exhibición Patrimonial
50,Mendoza,Las Heras,Museo Histórico Las Heras,San Martín y Antiguos Pobladores,-46.540815,-68.933097,Espacios de Exhibición Patrimonial
50,Mendoza,Lujan de Cuyo,Museo Regional Y Americanista,Roque Sáenz Peña 1000,-33.0043,-68.8319,Espacios de Exhibición Patrimonial
50,Mendoza,Maipú,Museo Municipal Kakel Huincul,Belgrano 349,-36.863451,-57.885064,Espacios de Exhibición Patrimonial
50,Mendoza,Maipú,"Solar Histórico Casa De Ozamis, Museo Histórico Departamental Y Arqueológico Carlos Rusconi",Vergara 88,-32.9846,-68.792,Espacios de Exhibición Patrimonial
50,Mendoza,Malargüe,Museo Institucional Y De Ciencias Naturales De Valle De Las Leñas,Complejo Valle de Las Leñas,-35.479356,-69.58864,Espacios de Exhibición Patrimonial
50,Mendoza,Malargüe,Museo Regional De Malargüe,Estancia Cañada Colorada - Ruta Nac. N° 40 (Norte) Km 327,-35.458679,-69.586628,Espacios de Exhibición Patrimonial
50,Mendoza,Mayor Drummond,Museo Provincial De Bellas Artes Emiliano Guiñazú - Casa De Fader,San Martín 3651,-33.0222,-68.8736,Espacios de Exhibición Patrimonial
50,Mendoza,Mendoza,Museo Popular Callejero,Av. Las Heras entre 25 de Mayo y Perú,-32.8848,-68.8465,Espacios de Exhibición Patrimonial
50,Mendoza,Mendoza,Museo De La Facultad De Filosofía Y Letras Prof. Salvador Canals Frau,"Facultad de Filosofía y Letras, 1° Subsuelo, Centro Universitario, Parque Gral. San Martín Uncuyo",-32.888085,-68.878943,Espacios de Exhibición Patrimonial
50,Mendoza,Mendoza,Museo Histórico General San Martín,Remedios Escalada de San Martín 1843,-32.8818,-68.837,Espacios de Exhibición Patrimonial
50,Mendoza,Mendoza,Museo Municipal De Arte Moderno,"Plaza Independencia, Subsuelo",-32.890218,-68.844838,Espacios de Exhibición Patrimonial
50,Mendoza,Mendoza,Museo De Ciencias Naturales Y Antropológicas Juan Cornelio Moyano,"Av. de las Tipas y Prado Español S/N, Parque Gral. San Martín",-32.8984,-68.8647,Espacios de Exhibición Patrimonial
50,Mendoza,Mendoza,"Museo Histórico Policial Alguacil Mayor, Capitán Dn. Gaspar Miguel Ruiz De Rojas",Salta 672,-32.896372,-68.834906,Espacios de Exhibición Patrimonial
50,Mendoza,Mendoza,Museo Del Pasado Cuyano Dr. Edmundo Correas,Montevideo 544,-32.8915,-68.8471,Espacios de Exhibición Patrimonial
50,Mendoza,Mendoza,Primer Museo Argentino De Motos Antiguas Luis Paludetti,San Juan 646,-32.8961,-68.8381,Espacios de Exhibición Patrimonial
50,Mendoza,Mendoza,Museo Del Área Fundacional,Plaza Pedro Castillo entre Alberdi y Beltrán,-32.8796,-68.8294,Espacios de Exhibición Patrimonial
50,Mendoza,Mendoza,Museo Universitario De Arte,Centro Universitario - Universidad Nacional de Cuyo Mendoza Uncuyo,-32.8803,-68.8781,Espacios de Exhibición Patrimonial
50,Mendoza,Palmira,Museo Rauzi,Belgrano 145,-33.050667,-68.559212,Espacios de Exhibición Patrimonial
50,Mendoza,Pedro Molina,Museo Municipal Casa Molina,Paroisien 747,-33.132116,-68.203801,Espacios de Exhibición Patrimonial
50,Mendoza,Rodeo del Medio,Museo De La Enología - Bodegas Don Bosco,Ruta Provincial 50 N° 6722,-32.993996,-68.676616,Espacios de Exhibición Patrimonial
50,Mendoza,San Alberto - Uspallata,Museo De Las Bóvedas De Uspallata,Ruta 39 Km 12,-32.597951,-69.3582,Espacios de Exhibición Patrimonial
50,Mendoza,San Martín,Museo Histórico De San Martin,Frente a la Plaza Principal,-32.415688,-65.675936,Espacios de Exhibición Patrimonial
50,Mendoza,San Martín,Museo Histórico Municipal Las Bóvedas,Pirovano y Godoy Cruz,-33.087019,-68.466065,Espacios de Exhibición Patrimonial
50,Mendoza,San Rafael,Casa-Museo De Elena Y Fausto Burgos,Saavedra y Chile,-34.6125,-68.3369,Espacios de Exhibición Patrimonial
50,Mendoza,San Rafael,Museo De Bellas Artes De San Rafael (Biblioteca Pública Mariano Moreno),Bernardo de Irigoyen 148,-34.615,-68.3279,Espacios de Exhibición Patrimonial
50,Mendoza,San Rafael,Muestra Integral Del Pasado Histórico De San Rafael,25 de Mayo 250,-34.617461,-68.336269,Espacios de Exhibición Patrimonial
50,Mendoza,San Rafael,Museo Municipal De Historia Natural De San Rafael,Parque Mariano Moreno,-34.646018,-68.373742,Espacios de Exhibición Patrimonial
50,Mendoza,Villa 25 de Mayo,Museo Histórico Cultural Y Centro De Artes Narciso Sosa Morales,Las Heras 152,-34.588281,-68.549576,Espacios de Exhibición Patrimonial
50,Mendoza,Villa San Carlos,Museo Histórico Regional Fuerte De San Carlos,Lencinas y el Fuerte,-33.776099,-69.043986,Espacios de Exhibición Patrimonial
50,Mendoza,Villa Tulumaya,Museo Histórico Y Natural De Lavalle,Belgrano 62,-32.722025,-68.603051,Espacios de Exhibición Patrimonial
50,Mendoza,Villanueva,Museo Scout Mendoza Hno. Gris Cayetano Ponso,Lateral Acceso Este 4500,-32.9055,-68.788932,Espacios de Exhibición Patrimonial
50,Mendoza,El Carrizal,Centro De Interpretación Ambiental Colonia El Carrizal,,-33.306143,-68.755498,Espacios de Exhibición Patrimonial
50,Mendoza,El Plumerillo,Campo Histórico El Plumerillo,Independencia y Moyano,-32.842,-68.8199,Espacios de Exhibición Patrimonial
50,Mendoza,Mendoza,Centro De Investigaciones Ruinas De San Francisco,Ituzaingó y Cnel. Beltrán,-32.8791,-68.8297,Espacios de Exhibición Patrimonial
50,Mendoza,Mendoza,Galería Diagonal,Olascoaga 1778,-32.8804,-68.852,Espacios de Exhibición Patrimonial
50,Mendoza,Mendoza,Iglesia De La Merced,Montecaseros 1774,-32.883,-68.8311,Espacios de Exhibición Patrimonial
50,Mendoza,Mendoza,Galería Histórica Escolástica I. De Pescara,Córdoba 249,-32.8836,-68.8347,Espacios de Exhibición Patrimonial
50,Mendoza,Mendoza,Jardín Zoológico De Mendoza,Av. del Libertador S/N,-32.8843,-68.873,Espacios de Exhibición Patrimonial
50,Mendoza,Mendoza,"Espacio Contemporáneo De Arte, Eca",9 de Julio y Gutiérrez,-32.8882,-68.8401,Espacios de Exhibición Patrimonial
50,Mendoza,Mendoza,Mercado Artesanal De Mendoza,Av San Martin 1133,-32.8903,-68.8393,Espacios de Exhibición Patrimonial
50,Mendoza,Mendoza,Espacio De Arte Utn,Rodríguez Cnel. 273,-32.8971,-68.8538,Espacios de Exhibición Patrimonial
50,Mendoza,Mendoza,Enoteca De Las Artes,Av Peltier 611,-32.8994,-68.8501,Espacios de Exhibición Patrimonial
50,Mendoza,Mendoza,Ed Espacio De Arte Y Diseño Contemporáneos,Moyano 139,-32.9009,-68.8438,Espacios de Exhibición Patrimonial
50,Mendoza,Tunuyán,Espacio Kilka,,-33.579947,-69.025377,Espacios de Exhibición Patrimonial
50,Mendoza,Villanueva,Salas De Arte Libertad,Paseo Libertad 466,-32.9017,-68.7887,Espacios de Exhibición Patrimonial
50,Mendoza,Guaymallén,Espacio Cultural Julio Le Parc,Av. Mitre 1353,-32.8883,-68.8141,Espacios de Exhibición Patrimonial
54,Misiones,25 de Mayo,Museo Paula Florido,Calle 27 N° 761,-35.433043,-60.170553,Espacios de Exhibición Patrimonial
54,Misiones,Apóstoles,Museo Y Centro Cultural Ucraniano,"General Paz, entre Suipacha y Tarás Schevchenko, Frente a la plaza General Belgrano",-27.912326,-55.75318,Espacios de Exhibición Patrimonial
54,Misiones,Apóstoles,Museo Y Archivo Histórico Padre Diego De Alfaro,Belgrano 845,-27.911843,-55.750475,Espacios de Exhibición Patrimonial
54,Misiones,Apóstoles,Museo Histórico Juan Szychowsky,Establecimiento yerbatero La Cachuera Lote 280,-27.912326,-55.75318,Espacios de Exhibición Patrimonial
54,Misiones,Aristóbulo del Valle,Museo De Esculturas Al Aire Libre,"Avda. De las Américas S/N, entre Rutas 14 y 7",-27.097826,-54.894889,Espacios de Exhibición Patrimonial
54,Misiones,Capiovi,Museo Casa De Los Abuelos,José Manuel Estrada y Av. De los Próceres,-26.93174,-55.056918,Espacios de Exhibición Patrimonial
54,Misiones,El Dorado,Museo Cooperativo,Av. San Martín Este 1879- Km 9,-26.40687,-54.65366,Espacios de Exhibición Patrimonial
54,Misiones,El Dorado,Museo Municipal Casa De Adolfo Julio Schwelm,Avda. San Martín Km 1,-26.403134,-54.634078,Espacios de Exhibición Patrimonial
54,Misiones,Leandro N Alem,Museo De La Escultura En Madera Fabriciano Gómez Y Humberto Gómez Lollo,Sarmiento S/N y 9 de Julio,-27.604393,-55.326442,Espacios de Exhibición Patrimonial
54,Misiones,Leandro N Alem,Museo Pedro Faryluk- Colección De Carruajes Y Automóviles Antiguos,9 de Julio 1250,-27.609018,-55.328343,Espacios de Exhibición Patrimonial
54,Misiones,Montecarlo,Museo Del Agricultor,Av. el Libertador y Facundo Quiroga,-26.569216,-54.753967,Espacios de Exhibición Patrimonial
54,Misiones,Montecarlo,Museo Huellas Del Pasado,Ayacucho S/N,-26.572292,-54.748381,Espacios de Exhibición Patrimonial
54,Misiones,Montecarlo,Museo Histórico Arqueológico,Mariano Moreno 66,-26.568723,-54.761416,Espacios de Exhibición Patrimonial
54,Misiones,Oberá,Museo De Ciencias Naturales,Ucrania 1050 - Parque de las Naciones,-27.484183,-55.125138,Espacios de Exhibición Patrimonial
54,Misiones,Oberá,Museo Histórico Y Archivo De La Municipalidad De Oberá,Ucrania 1050 - Parque de las Naciones,-27.484183,-55.125138,Espacios de Exhibición Patrimonial
54,Misiones,Posadas,Museo Histórico Policial,Tucumán 380,-27.372594,-55.894401,Espacios de Exhibición Patrimonial
54,Misiones,Posadas,Museo Provincial De Bellas Artes Juan Yaparí,Sarmiento 319,-27.3651,-55.8935,Espacios de Exhibición Patrimonial
54,Misiones,Posadas,Museo Regional Aníbal Cambas,"Alberdi 600, Parque República del Paraguay",-27.3547,-55.8935,Espacios de Exhibición Patrimonial
54,Misiones,Posadas,Museo Municipal De Bellas Artes Lucas Braulio Areco,Rivadavia 1846,-27.3676,-55.8917,Espacios de Exhibición Patrimonial
54,Misiones,Posadas,Museo Histórico-Arqueológico Andrés Guacurarí,General Paz 1865,-27.3682,-55.8886,Espacios de Exhibición Patrimonial
54,Misiones,Puerto Esperanza,Museo Arqueológico Regional De Las Tierras Bajas,Formosa 577,-26.017613,-54.614089,Espacios de Exhibición Patrimonial
54,Misiones,Puerto Iguazú,Museo Trinchera Mborore De Iguazú,Av. San Martín 615,-25.59712,-54.577609,Espacios de Exhibición Patrimonial
54,Misiones,Puerto Iguazú,Museo Imágenes De La Selva,"Guatambú 184, esquina Los Cedros",-25.603777,-54.572997,Espacios de Exhibición Patrimonial
54,Misiones,Puerto Libertad,Museo Regional Puerto Bemberg,Lisandro de la Torre S/N,-25.924229,-54.582111,Espacios de Exhibición Patrimonial
54,Misiones,Puerto Rico,Museo Raíces,Avda. San Martín 1450,-26.811527,-55.025593,Espacios de Exhibición Patrimonial
54,Misiones,San Ignacio,Museo Casa De Horacio Quiroga,"Lote 55 Subdivisión de la Frac. ""A"" Lote Agrícola 24 - Colonia San Ignacio",-27.259882,-55.53971,Espacios de Exhibición Patrimonial
54,Misiones,San Ignacio,Museo De Sitio Ruinas De San Ignacio,Ruinas Jesuíticas de la Misión de San Ignacio Miní,-27.259882,-55.53971,Espacios de Exhibición Patrimonial
54,Misiones,San Ignacio,Museo Provincial Miguel Nadasdy,Sarmiento 557,-27.25539,-55.538014,Espacios de Exhibición Patrimonial
54,Misiones,San Ignacio,Centro De Interpretación Recreativo,Alberdi 437,-27.251892,-55.530909,Espacios de Exhibición Patrimonial
54,Misiones,San José,Museo Provincial San Ignacio De Loyola,Av. 9 de Julio 703,-27.767837,-55.774661,Espacios de Exhibición Patrimonial
54,Misiones,San Vicente,Museo Y Archivo Histórico Regional De La Comuna De San Vicente,Libertad y Avellaneda,-31.702385,-61.568816,Espacios de Exhibición Patrimonial
54,Misiones,San Vicente,Museo Histórico Provincial 17 De Octubre Quinta San Vicente,Lavalle y Eva Perón,-35.021771,-58.433466,Espacios de Exhibición Patrimonial
58,Neuquén,Andacollo,"Museo Municipal, Recuerdos Del Alma",Nahueve S/N y Jaime de Nevares,-37.18371,-70.669052,Espacios de Exhibición Patrimonial
58,Neuquén,Añelo,Museo Esteban Guerrero,Calle 5 Esquina Calle 13,-38.352451,-68.799999,Espacios de Exhibición Patrimonial
58,Neuquén,Añelo,Museo De Sitio De Añelo,Tierras de la Agrupación Mapuche Los Painemil (A 4 Km de Añelo),-38.352451,-68.799999,Espacios de Exhibición Patrimonial
58,Neuquén,Centenario,Museo Y Archivo Histórico Municipal,Islas Malvinas y Don Bosco,-38.82983,-68.153232,Espacios de Exhibición Patrimonial
58,Neuquén,Chos Malal,Museo Coronel Manuel José Olascoaga,San Martín y 25 de Mayo,-37.374826,-70.277469,Espacios de Exhibición Patrimonial
58,Neuquén,Covunco,Museo Histórico Del Regimiento De Infantería De Montaña Nº 10,"Regimiento de Montaña 10, a 1 Km de la Localidad de Mariano Moreno",-38.752166,-70.019944,Espacios de Exhibición Patrimonial
58,Neuquén,Huingan-Co,Museo Del Árbol Y La Madera,Avda. Temistocles Figueroa S/N,-37.164552,-70.624011,Espacios de Exhibición Patrimonial
58,Neuquén,Huingan-Có,Museo El Minero,Trapiches S/N,-37.164552,-70.624011,Espacios de Exhibición Patrimonial
58,Neuquén,Huingan-Có,Museo Regional Puesto Pedro Olave,Los Abedules S/N,-37.164552,-70.624011,Espacios de Exhibición Patrimonial
58,Neuquén,Junín de Los Andes,Museo Histórico De Don Moisés Roca Jalil,Cnel. Suárez y San Martín,-39.95124,-71.071762,Espacios de Exhibición Patrimonial
58,Neuquén,Junín de Los Andes,Museo Mapuche,Ginés Ponte 570,-39.953096,-71.068461,Espacios de Exhibición Patrimonial
58,Neuquén,"Lago Barreales, cerca de Mari Menuco",Museo De Geología Y Paleontología De La Universidad Nacional Del Comahue Y Del Proyecto Dino,"Av. Megaraptor 1450, Ruta Provincial 51, Km 65",-38.458382,-68.717612,Espacios de Exhibición Patrimonial
58,Neuquén,Las Lajas,"Museo Histórico, Regional Y Paleontológico Emilia Ondetti De Fix",Avda. del Trabajo S/N y Acceso Avda. San Martín,-38.531524,-70.368931,Espacios de Exhibición Patrimonial
58,Neuquén,Neuquén,Museo Y Archivo Histórico Policial De La Provincia Del Neuquén,Montevideo 50,-38.96038,-68.058339,Espacios de Exhibición Patrimonial
58,Neuquén,Neuquén,Museo Nacional De Bellas Artes - Neuquén,Calle Mitre y Santa Cruz - Parque Central,-38.956872,-68.05355,Espacios de Exhibición Patrimonial
58,Neuquén,Neuquén,Museo Municipal Dr. Gregorio Álvarez,"San Martín 280, Parque Central",-38.95571,-68.062309,Espacios de Exhibición Patrimonial
58,Neuquén,Neuquén,Museo De La Ciudad Paraje Confluencia,Independencia y Pasaje Héroes de Malvinas - Parque Central,-38.955262,-68.054918,Espacios de Exhibición Patrimonial
58,Neuquén,Paso Aguerre,Museo Soldado Águila,,-39.339257,-69.844373,Espacios de Exhibición Patrimonial
58,Neuquén,Piedra del Aguila,Museo Municipal Piedra Del Águila,Los Cerritos S/N - Ruta 237 (Km 600),-40.043397,-70.071314,Espacios de Exhibición Patrimonial
58,Neuquén,Plaza Huincul,Museo Carmen Funes,Córdoba 55,-38.931213,-69.193785,Espacios de Exhibición Patrimonial
58,Neuquén,Plottier,Museo De La Ciudad,Libertad y Pasaje Viejo Molino,-38.955601,-68.231967,Espacios de Exhibición Patrimonial
58,Neuquén,Rincón de Los Sauces,Museo Municipal Argentino Urquiza,Jujuy y Chaco,-37.387395,-68.925246,Espacios de Exhibición Patrimonial
58,Neuquén,San Martín de Los Andes,Museo Municipal Primeros Pobladores,Juan Manuel de Rosas 775,-40.156688,-71.352112,Espacios de Exhibición Patrimonial
58,Neuquén,San Martín de Los Andes,"La Pastera, Museo Del Che",Rudesindo Roca y Sarmiento,-40.152615,-71.348721,Espacios de Exhibición Patrimonial
58,Neuquén,San Martín de Los Andes,Museo Celección Georg,Casa Las Frutillas 198,-40.155978,-71.35498,Espacios de Exhibición Patrimonial
58,Neuquén,San Martín de Los Andes,Museo De Las Patentes Argentinas,Calle Cortada de Los Abedules S/N,-40.155978,-71.35498,Espacios de Exhibición Patrimonial
58,Neuquén,San Martín de Los Andes,Centro De Visitantes Y Museo Del Parque Nacional Lanín,Emilio Frey 749,-40.155978,-71.35498,Espacios de Exhibición Patrimonial
58,Neuquén,San Martín de Los Andes,Museo De Sitio De Hua Hum,"Paraje y Paso Fronterizo Hua Hum, Parque Nacional Lanín, Ruta Provincial 48",-40.155978,-71.35498,Espacios de Exhibición Patrimonial
58,Neuquén,Villa Curi Leuvu,Museo Comunal Ana María Biset,Ruta Pov. 41 - Paraje Caepe Malal,-37.136035,-70.396904,Espacios de Exhibición Patrimonial
58,Neuquén,Villa el Chocón,Museo Municipal Ernesto Bachmann,Centro Cívico,-39.26311,-68.791122,Espacios de Exhibición Patrimonial
58,Neuquén,Villa la Angostura,Museo Histórico Regional,Bv Nahuel Huapi 2177,-40.764572,-71.648051,Espacios de Exhibición Patrimonial
58,Neuquén,Villa Termal Copahue,Museo Adolfo Edelman,"Ricardo Bialao, Centro de Convenciones - Centro Cultural Caviahue",-37.823141,-71.10273,Espacios de Exhibición Patrimonial
58,Neuquén,Zapala,Museo De La Ciudad,Luis Monti y Martín Cirilo Etcheluz,-38.9041,-70.0632,Espacios de Exhibición Patrimonial
58,Neuquén,Zapala,Museo Provincial De Ciencias Naturales Prof. Dr. Juan Augusto Olsacher,Martín Cirilo Etcheluz y Ejército Argentino,-38.898421,-70.066839,Espacios de Exhibición Patrimonial
58,Neuquén,Cutral Có,Casa De La Historia,,-38.938855,-69.241336,Espacios de Exhibición Patrimonial
58,Neuquén,Neuquen,Sala Emilio Saraco,Avenida Olascoaga y Vías del FFCC,-38.95610502,-68.06017399,Espacios de Exhibición Patrimonial
58,Neuquén,Neuquen,Casa Museo de Gregorio Alvarez,Cordoba 302,-38.95061509,-68.05468082,Espacios de Exhibición Patrimonial
58,Neuquén,Neuquen,Archivo Historico Municipal,Av Argentina y Roca,-38.95191669,-68.05946589,Espacios de Exhibición Patrimonial
58,Neuquén,Neuquen,Sistema Provincial de Archivos,Hipolito Irigoyen 280,-38.95213363,-68.06074262,Espacios de Exhibición Patrimonial
62,Río Negro,Allen,Museo Municipal De Allen,Libertad 250,-38.98176,-67.827997,Espacios de Exhibición Patrimonial
62,Río Negro,Cinco Saltos,Museo Regional Cinco Saltos,"Belgrano 550, Casa Estación Del Ferrocarril",-38.829816,-68.066069,Espacios de Exhibición Patrimonial
62,Río Negro,Cipolletti,Museo Provincial Carlos Ameghino,Pasaje Pichi Ruca,-38.9195,-67.9963,Espacios de Exhibición Patrimonial
62,Río Negro,Contralmirante Cordero,Museo Histórico Del Riego,Contralmirante Cordero,-38.759262,-68.099469,Espacios de Exhibición Patrimonial
62,Río Negro,El Bolsón,Museo Piedras Patagónicas,"Chacra Iaten K'aike"", Circuito de Mallín Ahogado, a 13 Km de la localidad de El Bolsón",-41.968059,-71.534272,Espacios de Exhibición Patrimonial
62,Río Negro,General Conesa,Museo Histórico Regional Alicia Zanona,,-40.105711,-64.454549,Espacios de Exhibición Patrimonial
62,Río Negro,General Roca,Museo Municipal De Bellas Artes Juan Sánchez,"25 De Mayo 1494, Esquina Kennedy",-39.0287,-67.585725,Espacios de Exhibición Patrimonial
62,Río Negro,General Roca,Museo Patagónico De Ciencias Naturales,Av. Roca 1280,-39.029876,-67.576264,Espacios de Exhibición Patrimonial
62,Río Negro,Ingeniero Jacobacci,Museo Jorge H. Gerhold,Julio A. Roca 189,-41.328994,-69.544083,Espacios de Exhibición Patrimonial
62,Río Negro,Lamarque,Museo Paleontológico De Lamarque,Rivadavia y Libertad,-39.425503,-65.701454,Espacios de Exhibición Patrimonial
62,Río Negro,Lamarque,Exposición De La Historia De Los Inmigrantes Coreanos Agricultores En Argentina,Dr. Molina 1051,-39.423634,-65.701091,Espacios de Exhibición Patrimonial
62,Río Negro,Padre Alejandro Stefenelli,Museo San Miguel,Pellegrini y Ruta 22,-39.049226,-67.543313,Espacios de Exhibición Patrimonial
62,Río Negro,San Carlos De Bariloche,Museo Paleontológico Bariloche,Avda. Costanera y Sarmiento,-41.132895,-71.291658,Espacios de Exhibición Patrimonial
62,Río Negro,San Carlos De Bariloche,Museo De La Patagonia Dr. Francisco P. Moreno,Centro Cívico,-41.132902,-71.310256,Espacios de Exhibición Patrimonial
62,Río Negro,Valcheta,Museo Regional Valcheta,Roca y Gobernador Pagano S/N,-40.680063,-66.165324,Espacios de Exhibición Patrimonial
62,Río Negro,Viedma,Museo Provincial Gobernador Eugenio Tello,San Martín 263,-40.808,-62.9943,Espacios de Exhibición Patrimonial
62,Río Negro,Viedma,Museo Tecnológico Del Agua Y Del Suelo Ing. O. Casamiquela,"Colón 498, 1er Piso",-40.8103,-62.9925,Espacios de Exhibición Patrimonial
62,Río Negro,Villa Los Coihues,Museo Del Lago Gutiérrez Dr. Rosendo Pascual,Bosque Petrificado 365 Villa Los Cohiues - Lago Gutiérrez,-41.159763,-71.41309,Espacios de Exhibición Patrimonial
62,Río Negro,Villa Regina,Museo Comunitario Villa Regina,Uruguay 165,-39.094907,-67.088747,Espacios de Exhibición Patrimonial
58,Salta,Salta,Museo Catedralicio,Av. Belgrano 589,-24.7877622,-65.410492,Espacios de Exhibición Patrimonial
66,Salta,Angastaco,Museo Arqueológico Prof. Néstor A. Grau,Centro Cívico Municipal Poeta Manuel J. Castilla S/N,-25.686295,-66.163005,Espacios de Exhibición Patrimonial
66,Salta,Cachi,Museo Arqueológico Pío Pablo Díaz,Juan Calchaquí S/N,-25.122737,-66.167946,Espacios de Exhibición Patrimonial
66,Salta,Cafayate,Museo De La Vid Y El Vino,Avenida Güemes Sur 280,-26.07598,-65.975652,Espacios de Exhibición Patrimonial
66,Salta,Cafayate,Museo Regional Y Arqueológico Rodolfo F. Bravo,Colón 191,-26.074623,-65.978178,Espacios de Exhibición Patrimonial
66,Salta,Campamento Vespucio,Museo Regional De Ciencias Naturales Prof. Rodolfo P. Bustos,Av. San Martín 313,-22.582665,-63.852372,Espacios de Exhibición Patrimonial
66,Salta,Campo Santo,Museo De Campo Santo,"San Martín y Gral. Güemes, frente a la plaza central",-24.677818,-65.104687,Espacios de Exhibición Patrimonial
66,Salta,Finca la Cruz,Museo De La Vida Rural Salteña Finca La Cruz,"Camino a La Quesera y a La Troja, a 23 Km de la Ciudad de Salta",-22.432365,-65.167985,Espacios de Exhibición Patrimonial
66,Salta,Molinos,Museo De Arqueología Del Churcal,"Abraham Cornejo S/N, Hacienda de Molinos",-25.446811,-66.308844,Espacios de Exhibición Patrimonial
66,Salta,Rosario De La Frontera,Museo Histórico Arqueológico Prof. Juan Carlos Rivas,"Melchora F. de Cornejo 650, predio de la escuela normal",-25.811457,-64.984083,Espacios de Exhibición Patrimonial
66,Salta,Rosario De La Frontera,Museo-Escuela Provincial De Bellas Artes Quinquela Martin,San Martín 345,-25.800419,-64.975482,Espacios de Exhibición Patrimonial
66,Salta,Salta,Biblioteca Y Museo Histórico Del Regimiento De Caballería  De Exploración 5  Grl Güemes,Av. Arenales S/N (al lado del Hospital Militar),-24.769133,-65.421799,Espacios de Exhibición Patrimonial
66,Salta,Salta,Museo De Arte Étnico Americano Pajcha,20 de Febrero 838,-24.779244,-65.412717,Espacios de Exhibición Patrimonial
66,Salta,Salta,Museo De Antropología De Salta,Ejército del Norte y Ricardo Solá,-24.786601,-65.398186,Espacios de Exhibición Patrimonial
66,Salta,Salta,Museo De Arqueología De Alta Montaña,Bartolomé Mitre 77,-24.788858,-65.410844,Espacios de Exhibición Patrimonial
66,Salta,Salta,Museo Histórico Del Norte,Caseros 549,-24.7898,-65.4104,Espacios de Exhibición Patrimonial
66,Salta,Salta,Museo Presidente José Evaristo Uriburu,Caseros 417,-24.79,-65.4085,Espacios de Exhibición Patrimonial
66,Salta,Salta,Museo Casa Arias Rengel,La Florida 20,-24.7909,-65.4125,Espacios de Exhibición Patrimonial
66,Salta,Salta,Museo De  La  Ciudad Casa De Hernández,La Florida 97,-24.7909,-65.4125,Espacios de Exhibición Patrimonial
66,Salta,Salta,Museo De Historia De La Universidad Nacional De Salta Prof. Eduardo M. Ashur,Buenos Aires 177,-24.792204,-65.409865,Espacios de Exhibición Patrimonial
66,Salta,Salta,Museo De Ciencias Naturales De La Universidad Nacional De Salta,Mendoza 2,-24.7953,-65.4046,Espacios de Exhibición Patrimonial
66,Salta,Salta,Museo Folclórico Pajarito Velarde,Pueyrredón 106,-24.7888,-65.4068,Espacios de Exhibición Patrimonial
66,Salta,Salta,Museo Del Convento San Francisco,Córdoba 15,-24.7913,-65.4084,Espacios de Exhibición Patrimonial
66,Salta,Salta,Museo De Bellas Artes,Av. Belgrano 992,-24.786806,-65.416138,Espacios de Exhibición Patrimonial
66,Salta,Salta,Museo De Arte Contemporáneo,Zuviría 90,-24.7887,-65.4096,Espacios de Exhibición Patrimonial
66,Salta,San Antonio de los Cobres,"Museo Antapu, Étnico Y Arqueológico De San Antonio De Los Cobres",Belgrano S/N y Ruta 51,-24.221255,-66.319263,Espacios de Exhibición Patrimonial
66,Salta,San Carlos,Museo Histórico Regional De San Carlos,General Güemes y Rivadavia,-25.892339,-65.929979,Espacios de Exhibición Patrimonial
66,Salta,San Carlos,Museo Jesuítico Y Centro De Documentación,Felipe Vivero e Hipólito Irigoyen,-27.748309,-55.900069,Espacios de Exhibición Patrimonial
66,Salta,San José de Metan,Museo Municipal De Bellas Artes,Lavalle y Güemes,-25.499567,-64.968849,Espacios de Exhibición Patrimonial
66,Salta,San Ramón de la nueva Orán,Museo Regional De Orán,Av. Vicente López y Planes y San Martín,-23.132423,-64.318626,Espacios de Exhibición Patrimonial
66,Salta,Santa Rosa de Tastil,Museo De Sitio Santa Rosa De Tastil,"Santa Rosa de Tastil, Ruta Provincial Nº 51",-24.43333,-65.95,Espacios de Exhibición Patrimonial
66,Salta,Santa Rosa de Tastil,Museo Regional Moisés Zerpa,Santa Rosa de Tastil,-24.43333,-65.95,Espacios de Exhibición Patrimonial
66,Salta,Vaqueros,Museo Popular Municipal,Av. San Martín y Los Crespones,-24.701366,-65.40973,Espacios de Exhibición Patrimonial
66,Salta,Yatasto cerca de Metan,Posta De Yatasto,Ruta 9 Km. 1446 a 6 Km de Metan,-25.595939,-64.947686,Espacios de Exhibición Patrimonial
66,Salta,Guachipas,Cuevas Pintadas,Eugenio Romano S/N,-25.526114,-65.518774,Espacios de Exhibición Patrimonial
66,Salta,Salta,Mercado Artesanal,San Martín 2555,-24.7916912,-65.4384001,Espacios de Exhibición Patrimonial
70,San Juan,Barreal,Museo Herrera,Calle Las Heras S/N,-31.632389,-69.46656,Espacios de Exhibición Patrimonial
70,San Juan,Calingasta,Museo Arqueológico De Calingasta,Av. Argentina entre Aldo Cantoni y Sarmiento,-31.33751,-69.427453,Espacios de Exhibición Patrimonial
70,San Juan,Caucete,Museo Histórico Regional Caucete,Juan José Bustos y Coronel Cabot,-31.654169,-68.285278,Espacios de Exhibición Patrimonial
70,San Juan,Ciudad de Jachal,Museo Arqueológico Prieto,Avda. 25 de Mayo 788 Oeste,-30.245769,-68.745496,Espacios de Exhibición Patrimonial
70,San Juan,Las Flores,Museo Histórico Alfredo Ramón Almada,General Paz 570,-36.017328,-59.102572,Espacios de Exhibición Patrimonial
70,San Juan,Las Flores,Museo Ingeniero Carlos Echagüe,Alem y Sarmiento,-36.020201,-59.097906,Espacios de Exhibición Patrimonial
70,San Juan,Las Flores,Museo De Ciencias Naturales Florentino Ameghino,Avenida General Paz 570,-36.017328,-59.102572,Espacios de Exhibición Patrimonial
70,San Juan,Parque Federico Cantoni,Museo Geográfico Municipal Einstein,Túneles y Cavernas de la Quebrada del Zonda,-31.549594,-68.685819,Espacios de Exhibición Patrimonial
70,San Juan,Rivadavia,Museo Y Biblioteca Hnos. Nacif Weiss,Av. José Ignacio de la Roza 1516 (Oeste),-31.5376,-68.5546,Espacios de Exhibición Patrimonial
70,San Juan,San Juan,Museo Don Julio,25 de Mayo 165 (Oeste),-31.531819,-68.527069,Espacios de Exhibición Patrimonial
70,San Juan,San Juan,Museo Provincial De Bellas Artes Franklin Rawson,Av Libertador 862 (Oeste),-31.53326,-68.51434,Espacios de Exhibición Patrimonial
70,San Juan,San Juan,Casa Natal De Sarmiento - Museo Y Biblioteca,Sarmiento 21 (Sur),-31.5346,-68.529,Espacios de Exhibición Patrimonial
70,San Juan,San Juan,Museo Y Biblioteca De La Memoria Urbana,España y Mitre (Ex Estación Ferroviaria San Martín),-31.538697,-68.535956,Espacios de Exhibición Patrimonial
70,San Juan,San Juan,Museo Histórico Provincial Agustín V. Gnecco,Avda. Rawson 621 (Sur),-31.54129,-68.514664,Espacios de Exhibición Patrimonial
70,San Juan,San Juan,Museo Santiago Graffigna,Colon 1342 (N),-31.520405,-68.496563,Espacios de Exhibición Patrimonial
70,San Juan,San Juan,Museo De Ciencias Naturales De San Juan,Av. España 400 (Norte),-31.526181,-68.537961,Espacios de Exhibición Patrimonial
70,San Juan,Usno,Museo Mineralógico Piedras Del Mundo,Ruta 510 S/N,-30.566467,-67.540354,Espacios de Exhibición Patrimonial
70,San Juan,Villa Bolaños,Museo Parque Coleccion Suero,Médano de Oro,-31.630542,-68.481669,Espacios de Exhibición Patrimonial
70,San Juan,Zonda,Museo Enzo Valentin Mancini,"Ruta 12, Km 28",-31.547881,-68.734048,Espacios de Exhibición Patrimonial
70,San Juan,Santa Lucia,Museo Abenhamar Rodrigo,Hipólito Irigoyen 2537,-31.54197,-68.492969,Espacios de Exhibición Patrimonial
70,San Juan,Calingasta,Coleccion Cora Esquivel,Dr. Aldo Cantoni S/N,-31.33751,-69.427453,Espacios de Exhibición Patrimonial
70,San Juan,San Agustín de Valle Fértil,Centro Cultural Pachamalui,Calle Calixto Elizondo y Rivadavia S/N,-30.638682,-67.463568,Espacios de Exhibición Patrimonial
70,San Juan,San José de Jachal,Templo De San José De Jachal,San Juan Esq. Juan Echegaray,-30.245769,-68.745496,Espacios de Exhibición Patrimonial
74,San Luis,Ciudad de la Punta,Réplica Del Histórico Cabildo De 1810,Av. Serrana y Av. Universidad,-33.181657,-66.313608,Espacios de Exhibición Patrimonial
74,San Luis,Concarán,Museo Ferroviario,Estación de Ferrocarril,-32.563143,-65.245293,Espacios de Exhibición Patrimonial
74,San Luis,Justo Daract,Museo Histórico Audiovisual,Chacabuco y San Luis,-33.856847,-65.181556,Espacios de Exhibición Patrimonial
74,San Luis,Justo Daract,Museo Ferroviario De Justo Daract,"Calle Pasaje 8 de Julio, en la Estación de FGSM",-33.860968,-65.187054,Espacios de Exhibición Patrimonial
74,San Luis,La Carolina,Museo De La Poesía Manuscrita Juan Crisóstomo Lafinur,9 de Julio y San Martín,-32.825926,-66.103879,Espacios de Exhibición Patrimonial
74,San Luis,La Carolina,Museo Mineralógico,Calle 16 de Julio 113,-32.825926,-66.103879,Espacios de Exhibición Patrimonial
74,San Luis,Merlo,"Museo Municipal De Historia, Ciencias Naturales Y Arte De Merlo",Padre Espinal 1183,-34.674469,-58.71969,Espacios de Exhibición Patrimonial
74,San Luis,Saladillo,Museo De Saladillo,Rivadavia y Moreno,-35.638018,-59.779323,Espacios de Exhibición Patrimonial
74,San Luis,San Francisco del Monte de Oro,Sala Histórica - Primera Escuela De Sarmiento,Maestros Puntanos S/N,-32.603054,-66.127368,Espacios de Exhibición Patrimonial
74,San Luis,San Francisco del Monte de Oro,Casa Museo  Rosenda Quiroga,Calle Rosenda Quiroga y Coronel Concha,-32.598794,-66.121306,Espacios de Exhibición Patrimonial
74,San Luis,San José del Morro,"Museo Religioso, Autoctono Y Regional De San José Del Morro","Lafinur, Frente a la Plaza Gral. Juan Esteban Pedernera",-33.214386,-65.492742,Espacios de Exhibición Patrimonial
74,San Luis,San Luis,Museo Contacto U.N.S.L.,"Av. Ejército de Los Andes 950, Bloque Ii - Unsl",-33.292021,-66.340767,Espacios de Exhibición Patrimonial
74,San Luis,San Luis,La Casa De Las Culturas,San Martín 383,-33.307214,-66.33617,Espacios de Exhibición Patrimonial
74,San Luis,San Luis,Museo Provincial Dora Ochoa De Masramón,Colón 508,-33.305203,-66.33386,Espacios de Exhibición Patrimonial
74,San Luis,San Luis,Museo Privado De Ciencias Naturales Guillermo Enrique Hudson,Avda. España 1555,-33.2942,-66.3477,Espacios de Exhibición Patrimonial
74,San Luis,Santa Rosa del Conlara,Museo Polifacetico Municipal Vieja Usina,Calle Aviador Franco Nº 862,-32.344729,-65.207134,Espacios de Exhibición Patrimonial
74,San Luis,Tilisarao,Museo La Tradición,Bartolomé Mitre y Tres Granaderos,-32.73534,-65.291539,Espacios de Exhibición Patrimonial
74,San Luis,Tilisarao,Museo Los Primeros Habitantes,Boulevard Bartolomé Mitre y Calle Renca,-32.73534,-65.291539,Espacios de Exhibición Patrimonial
74,San Luis,Villa de Merlo,Casa Museo Palmira Scrosoppi,Av. del Sol Nº 870,-32.34496,-65.014154,Espacios de Exhibición Patrimonial
74,San Luis,Villa de Merlo,Museo Casa Del Poeta Antonio Esteban Agüero,Poeta Agüero 330,-32.34496,-65.014154,Espacios de Exhibición Patrimonial
74,San Luis,Villa de Merlo,Museo Kurteff,Av. de Los Césares 2370. Rincón del Este.,-32.34496,-65.014154,Espacios de Exhibición Patrimonial
74,San Luis,Villa de Merlo,Museo La Pampa Gringa,Bella Vista 1800,-32.34496,-65.014154,Espacios de Exhibición Patrimonial
74,San Luis,Villa de Merlo,Museo Regional Lolma,Av. de Los Incas S/N (Al Lado del Algarrobo Abuelo),-32.34496,-65.014154,Espacios de Exhibición Patrimonial
74,San Luis,Villa Larca,Museo Inti,Ruta Nacional Nº 6. a 45 Km de la Villa de Merlo Por Ruta Nacional Nº 1,-32.619958,-64.980926,Espacios de Exhibición Patrimonial
74,San Luis,Villa Mercedes,Museo Temático De Física Prof A. M. Fiorella De Grilli López,"Av. Mitre Nº 873, Localizado en el Colegio Nº 2 Juan Esteban Pedernera",-33.677056,-65.4624,Espacios de Exhibición Patrimonial
74,San Luis,Villa Mercedes,Museo Malvinas Eduardo R. Guzmán,Av. Mitre Nº 778,-33.679049,-65.46318,Espacios de Exhibición Patrimonial
74,San Luis,Villa Mercedes,Museo Ferroviario,Av. Mitre 630,-33.681641,-65.463961,Espacios de Exhibición Patrimonial
74,San Luis,Villa Mercedes,Museo De Sitio Del Centro Educativo Nº 9 Juan Llerena,General Paz 555,-33.683228,-65.463286,Espacios de Exhibición Patrimonial
74,San Luis,Villa Mercedes,Museo Argentino Nativista Héctor Aubert,Las Heras y Eleodoro Lobos,-33.690073,-65.470689,Espacios de Exhibición Patrimonial
74,San Luis,Villa Mercedes,Museo Histórico Municipal Santiago Betbeder,Urquiza 33,-33.6825,-65.4659,Espacios de Exhibición Patrimonial
74,San Luis,Villa Reynolds,Museo Héroes De Malvinas Villa Reynolds,"V Brigada Aérea Villa Reynolds""",-33.72535,-65.381426,Espacios de Exhibición Patrimonial
78,Santa Cruz,Caleta Olivia,Museo Del Hombre Y Su Entorno,Deocarets 21,-46.435354,-67.521406,Espacios de Exhibición Patrimonial
78,Santa Cruz,El Calafate,Museo Regional El Calafate,Av. del Libertador 571,-50.339123,-72.255631,Espacios de Exhibición Patrimonial
78,Santa Cruz,Pico Truncado,Museo Histórico Y Regional Pico Truncado,Gobernador Gregores y Ruta Provincial 12,-46.802509,-67.928467,Espacios de Exhibición Patrimonial
78,Santa Cruz,Puerto Deseado,Museo Ferroviario Puerto Deseado,Oneto S/N,-47.75094,-65.88629,Espacios de Exhibición Patrimonial
78,Santa Cruz,Puerto Deseado,Museo Municipal Mario Brozoski,Colón y Belgrano S/N,-47.755649,-65.89781,Espacios de Exhibición Patrimonial
78,Santa Cruz,Puerto San Julián,Museo Temático Nao Victoria,Av. Costanera y Av. San Martín,-49.309623,-67.731981,Espacios de Exhibición Patrimonial
78,Santa Cruz,Puerto Santa Cruz,Museo Casa De Los Pioneros,Av. Piedra Buena 104,-50.019085,-68.52483,Espacios de Exhibición Patrimonial
78,Santa Cruz,Rio Gallegos,Museo Regional Y Provincial Padre Manuel Jesús Molina,Ramón y Cajal 51,-51.6266,-69.2192,Espacios de Exhibición Patrimonial
78,Santa Cruz,Rio Gallegos,Sala Histórica Del Regimiento De Infantería Mecanizado 24 Gral. Jerónimo Costa,Avda. San Martín 2215,-51.636856,-69.230371,Espacios de Exhibición Patrimonial
78,Santa Cruz,Rio Gallegos,Museo De Arte Eduardo Minnicelli,Maipú 13,-51.6239,-69.2159,Espacios de Exhibición Patrimonial
78,Santa Cruz,Rio Gallegos,Museo De La Prefectura Naval Argentina,Alcorta 598,-51.624729,-69.205359,Espacios de Exhibición Patrimonial
78,Santa Cruz,Rio Gallegos,Museo De Los Pioneros Casa Parisi,Alberdi y El Cano,-51.6152,-69.2258,Espacios de Exhibición Patrimonial
78,Santa Cruz,Rio Gallegos,Museo Marítimo Y Naval De La Patagonia Austral,Alcorta 487,-51.6238,-69.2071,Espacios de Exhibición Patrimonial
78,Santa Cruz,Rio Gallegos,Museo Ferroviario Roberto Galian,Mendoza y Pellegrini,-51.612956,-69.225004,Espacios de Exhibición Patrimonial
78,Santa Cruz,Rio Gallegos,Centro Cultural Casa Histórica Gregores,Alcorta 475,-51.623912,-69.207164,Espacios de Exhibición Patrimonial
78,Santa Cruz,Rio Turbio,Escuela Museo Minero Don Anatol Kowaloff,Paraje Mina 3 (a 3 Km de Río Turbio),-51.534677,-72.334078,Espacios de Exhibición Patrimonial
78,Santa Cruz,Rio Gallegos,Museo Marítimo y Naval de la Patagonia Austral,Alcorta 487,-51.6240918,-69.2071654,Espacios de Exhibición Patrimonial
78,Santa Cruz,Rio Gallegos,Museo de la Policía,Teófilo De Loqui  90,-51.62342942,-69.20836298,Espacios de Exhibición Patrimonial
78,Santa Cruz,Rio Gallegos,Museo de Informática  UNPA UARG,Piloto Lero Rivero y av. Gob. Gregores,-51.6217044,-69.2503724,Espacios de Exhibición Patrimonial
78,Santa Cruz,Rio Gallegos,Museo Malvinas Argentinas,Pasteur 74,-51.62570148,-69.22152547,Espacios de Exhibición Patrimonial
82,Santa Fe,Alcorta,Museo Comunal De Alcorta,Bv. 25 de Mayo 543,-33.54123,-61.123263,Espacios de Exhibición Patrimonial
82,Santa Fe,Alejandra,Museo Regional De Alejandra,Av. San Martín 1039,-29.909543,-59.827869,Espacios de Exhibición Patrimonial
82,Santa Fe,Arequito,Centro Cultural Y Museo Ferroviario De Arequito,"Estación Ferroviaria, Av. 9 de Julio y Av. San Martín",-33.150701,-61.47131,Espacios de Exhibición Patrimonial
82,Santa Fe,Arequito,Museo General Y Archivo Comunal De Arequito,E. Destéfanis 1178,-33.150701,-61.47131,Espacios de Exhibición Patrimonial
82,Santa Fe,Armstrong,Museo Histórico Municipal Enrico Orsetti,Bv. Pte. Perón 1674,-32.787067,-61.605455,Espacios de Exhibición Patrimonial
82,Santa Fe,Arroyo Seco,Museo Público Municipal De Arroyo Seco,9 de Julio y Bv. Mansueto Maiorano (Est. Ferroviaria),-33.158424,-60.510122,Espacios de Exhibición Patrimonial
82,Santa Fe,Arteaga,Museo Regional De Arteaga,Estación Ferroviaria,-33.093534,-61.791683,Espacios de Exhibición Patrimonial
82,Santa Fe,Barrancas,Museo Histórico Y De Ciencias Vicente R. Del Pópolo,L. N. Alem 726,-32.235883,-60.979346,Espacios de Exhibición Patrimonial
82,Santa Fe,Berabevú,Museo Histórico De Berabevú,San Martín 157,-33.342431,-61.862503,Espacios de Exhibición Patrimonial
82,Santa Fe,Bigand,Museo Histórico Cultural,Ex Estación Ferroviaria,-33.378513,-61.185481,Espacios de Exhibición Patrimonial
82,Santa Fe,Calchaquí,Complejo Museológico Privado N. Y A. Rodrigo,"Ruta Nacional Nº 11, Km 673, 2",-29.891279,-60.280489,Espacios de Exhibición Patrimonial
82,Santa Fe,Cañada de Gómez,Museo Histórico Municipal,"Ballesteros 991, Altos del Teatro Verdi",-32.819095,-61.389942,Espacios de Exhibición Patrimonial
82,Santa Fe,Carcarañá,Museo Regional De Carcarañá El Chingolo,Laprida 676,-32.857142,-61.150398,Espacios de Exhibición Patrimonial
82,Santa Fe,Carcarañá,Museo De La Ciudad,Roca 1310,-32.857792,-61.151359,Espacios de Exhibición Patrimonial
82,Santa Fe,Carlos Pellegrini,Museo Histórico Comunal Carlos Pellegrini,Bv. Alsina y Nicolás Lavalle,-32.05509,-61.788921,Espacios de Exhibición Patrimonial
82,Santa Fe,Casilda,Museo Particular De Antropología E Historia Natural Los Desmochados,Remedios de Escalada 1321,-33.037128,-61.15996,Espacios de Exhibición Patrimonial
82,Santa Fe,Casilda,Museo Y Archivo Histórico Municipal Don Santos F. Tosticarelli,Ovidio Lagos 1206,-33.051619,-61.158899,Espacios de Exhibición Patrimonial
82,Santa Fe,Cayasta,Ruinas De Santa Fe La Vieja Y Museo Fundacional Argentina,Ruta Prov. N° 1 Km 78,-31.196898,-60.159302,Espacios de Exhibición Patrimonial
82,Santa Fe,Ceres,Museo Regional De Ceres,Sarmiento 140,-29.884814,-61.945202,Espacios de Exhibición Patrimonial
82,Santa Fe,Chañar Ladeado,Museo Comunal De Chañar Ladeado,Italia y Belgrano,-33.32814,-62.040788,Espacios de Exhibición Patrimonial
82,Santa Fe,Coronda,Museo Municipal José Manuel Maciel,Sarmiento y 25 de Mayo,-31.978075,-60.920119,Espacios de Exhibición Patrimonial
82,Santa Fe,Correa,Museo Regional Y Archivo Histórico De Correa,Molina 1461,-32.850825,-61.254181,Espacios de Exhibición Patrimonial
82,Santa Fe,El Trébol,Museo Municipal El Trébol,Avda. Libertad 200,-32.205447,-61.702865,Espacios de Exhibición Patrimonial
82,Santa Fe,Esperanza,Museo De La Colonización,Lehmann 1566,-31.450512,-60.931525,Espacios de Exhibición Patrimonial
82,Santa Fe,Esperanza,Museo De La Máquina Agrícola,"Maestro Donnet S/N, Parque de la Agricultura",-31.447261,-60.918438,Espacios de Exhibición Patrimonial
82,Santa Fe,Firmat,Museo Municipal De Firmat,San Martín 1550,-33.457295,-61.490859,Espacios de Exhibición Patrimonial
82,Santa Fe,Franck,Museo Particular Los Abuelos,Urquiza 2557,-31.586744,-60.939795,Espacios de Exhibición Patrimonial
82,Santa Fe,Funes,Museo Liceo Aeronáutico Militar,Av. Fuerza Aérea 1901,-32.929386,-60.815292,Espacios de Exhibición Patrimonial
82,Santa Fe,Funes,Museo Ferroviario Y De La Ciudad De Funes Juan Murray,Tomás de la Torre 1726,-32.917371,-60.811527,Espacios de Exhibición Patrimonial
82,Santa Fe,Gálvez,Museo Municipal De Artes Visuales Orlando Ruffinengo,Rivadavia 781,-32.029919,-61.219101,Espacios de Exhibición Patrimonial
82,Santa Fe,Gobernador Crespo,Museo Histórico Regional Sebastián J. Puig,Belgrano S/N,-30.359457,-60.403877,Espacios de Exhibición Patrimonial
82,Santa Fe,Helvecia,Museo Histórico De Helvecia Doña Eulogia María Encina De Antille,Entre Ríos 807,-31.101368,-60.088713,Espacios de Exhibición Patrimonial
82,Santa Fe,Humboldt,Museo Histórico De La Colonia Humboldt,Avda. Libertad 2180,-31.4005,-61.084458,Espacios de Exhibición Patrimonial
82,Santa Fe,La Criolla,Museo Comunal,Nicolás Nitri S/N,-30.228626,-60.366489,Espacios de Exhibición Patrimonial
82,Santa Fe,La Gallareta,Museo Histórico La Forestal De La Gallareta,Rivadavia S/N,-29.587974,-60.379933,Espacios de Exhibición Patrimonial
82,Santa Fe,Las Palmeras,Museo Paseo De Los Recuerdos,Paseo de la Estación S/N,-30.635096,-61.627695,Espacios de Exhibición Patrimonial
82,Santa Fe,Las Parejas,Museo Y Archivo Del Centenario,Cortada 13 Bis (Entre Calle 11 y Avda. 13),-32.685098,-61.518555,Espacios de Exhibición Patrimonial
82,Santa Fe,Las Rosas,Museo Criollo Francisco Scutella,Lavalle 956,-32.476309,-61.585445,Espacios de Exhibición Patrimonial
82,Santa Fe,Las Rosas,Museo Municipal Centenario,"Bv. Kemmis 1000, Predio Estación Ferrocarril",-32.480992,-61.574778,Espacios de Exhibición Patrimonial
82,Santa Fe,Llambi Campbell,Museo Del Pueblo,Gral. Urquiza 338,-31.188705,-60.748465,Espacios de Exhibición Patrimonial
82,Santa Fe,Llambi Campbell,Museo Rio Salado,Zona Rural,-31.188705,-60.748465,Espacios de Exhibición Patrimonial
82,Santa Fe,Maggiolo,Museo Dr. Reynaldo Laboureau,Carreras 627,-33.726809,-62.247803,Espacios de Exhibición Patrimonial
82,Santa Fe,María Susana,Museo De La Colonia Y Las Comunicaciones De Estación Matilde,Bv. San Martín S/N,-32.267908,-61.900993,Espacios de Exhibición Patrimonial
82,Santa Fe,Matilde,Museo Histórico E Interactivo Del Trigo Al Pan,"Bv. San Martín, Esq. Italia (Estación)",-31.795648,-60.981788,Espacios de Exhibición Patrimonial
82,Santa Fe,Moisés Ville,Museo Histórico Comunal Y De La Colonización Judía Rabino Aarón Halevi Goldman,25 de Mayo 188,-30.711537,-61.472049,Espacios de Exhibición Patrimonial
82,Santa Fe,Monte Vera,Museo Histórico Regional,Santiago del Estero 1128,-31.513628,-60.675977,Espacios de Exhibición Patrimonial
82,Santa Fe,Peyrano,Museo Comunal 30 De Julio,Av. Centenario 1005,-33.53862,-60.800729,Espacios de Exhibición Patrimonial
82,Santa Fe,Pueblo Esther,Museo Piedras Blancas,Castelli 1630,-33.066033,-60.583382,Espacios de Exhibición Patrimonial
82,Santa Fe,Rafaela,Museo Privado Polifacético,Urquiza 154,-31.253254,-61.481461,Espacios de Exhibición Patrimonial
82,Santa Fe,Rafaela,Museo Y Biblioteca De La Música Y El Sonido,Av. Hipólito Irigoyen 1653,-31.277163,-61.497356,Espacios de Exhibición Patrimonial
82,Santa Fe,Rafaela,Colección De Arte Precolombino Arminio Weiss,Bv. Santa Fe y 9 de Julio,-31.2529,-61.4907,Espacios de Exhibición Patrimonial
82,Santa Fe,Rafaela,Museo Histórico Municipal De Rafaela,9 de Julio y Bv. Santa fe,-31.252793,-61.49064,Espacios de Exhibición Patrimonial
82,Santa Fe,Rafaela,Museo De La Fotografía Del Foto Cine Club Rafaela,Sarmiento 530,-31.2518,-61.4856,Espacios de Exhibición Patrimonial
82,Santa Fe,Rafaela,Museo Municipal De Arte Dr. Urbano Poggi,Sarmiento 530,-31.2518,-61.4855,Espacios de Exhibición Patrimonial
82,Santa Fe,Rafaela,Museo Municipal Usina Del Pueblo,Av. Santa Fe 1633,-31.2556,-61.4741,Espacios de Exhibición Patrimonial
82,Santa Fe,Reconquista,Museo Municipal De Artes De Reconquista,Patricio Diez 716 (Esq. Obligado),-29.14436,-59.644757,Espacios de Exhibición Patrimonial
82,Santa Fe,Reconquista,Museo Histórico De La Ciudad De Reconquista,Bv. España y Roca,-29.154788,-59.645096,Espacios de Exhibición Patrimonial
82,Santa Fe,Reconquista,Museo Municipal De Arqueología Y Paleontología,Mitre y Olessio S/N,-29.144785,-59.649856,Espacios de Exhibición Patrimonial
82,Santa Fe,Romang,Museo De La Colonización Cuatro Gaspares,"Urquiza S/N, Entre Gaspar Kaufmann y Samuel Sager",-29.504313,-59.748599,Espacios de Exhibición Patrimonial
82,Santa Fe,Rosario,Macro (Museo De Arte Contemporáneo De Rosario),Bv. Oroño y el Río Paraná,-32.930053,-60.650826,Espacios de Exhibición Patrimonial
82,Santa Fe,Rosario,Museo De La Memoria,Av. Aristóbulo del Valle y Callao,-32.930809,-60.657231,Espacios de Exhibición Patrimonial
82,Santa Fe,Rosario,Museo Ferroviario Mario Mayo,Paraná y 3 de Febrero. Estación Rosario Oeste,-32.943427,-60.692571,Espacios de Exhibición Patrimonial
82,Santa Fe,Rosario,Museo Del Correo,Córdoba 721,-32.947571,-60.633067,Espacios de Exhibición Patrimonial
82,Santa Fe,Rosario,Museo Privado El Paraná Y Las Islas,"Estación Fluvial de Rosario, Av. Belgrano y Raúl Domínguez",-32.949208,-60.626489,Espacios de Exhibición Patrimonial
82,Santa Fe,Rosario,Museo De Arte Sacro Eduardo Amanzacio Barnes,Laprida 1235 (Subsuelo del Teatro el Círculo),-32.952741,-60.635372,Espacios de Exhibición Patrimonial
82,Santa Fe,Rosario,Museo De La Ciudad,"Bv. Oroño 2300, Parque de la Independencia",-32.961241,-60.657803,Espacios de Exhibición Patrimonial
82,Santa Fe,Rosario,Museo Provincial De Ciencias Naturales Dr. Ángel Gallardo,San Lorenzo 1949,-32.942,-60.6494,Espacios de Exhibición Patrimonial
82,Santa Fe,Rosario,Museo Municipal De Bellas Artes Juan B. Castagnino,Avda. Pellegrini 2202,-32.9542,-60.6561,Espacios de Exhibición Patrimonial
82,Santa Fe,Rosario,Museo Histórico Provincial Dr. Julio Marc,Lasaga 1955,-32.955888,-60.659524,Espacios de Exhibición Patrimonial
82,Santa Fe,Rosario,Museo Municipal De Arte Decorativo Firma Y Odilo Estévez,Santa Fe 748,-32.9467,-60.6331,Espacios de Exhibición Patrimonial
82,Santa Fe,Rosario,Museo De Ciencias Morfológicas Dr. Juan Carlos Fajardo.,"Santa Fe 3100, 2 Piso, Ala Oeste, Facultad de Medicina",-32.93997,-60.66514,Espacios de Exhibición Patrimonial
82,Santa Fe,Rosario,Museo De La Partitura Histórica,Dorrego 2180,-32.960827,-60.65342,Espacios de Exhibición Patrimonial
82,Santa Fe,Rosario,Museo Experimental De Ciencias,"Planetario y Observatorio Astronómico, Parque Urquiza",-32.959561,-60.624061,Espacios de Exhibición Patrimonial
82,Santa Fe,Rosario,Museo De La Memoria,Córdoba 2019,-32.944312,-60.650723,Espacios de Exhibición Patrimonial
82,Santa Fe,Rueda,Museo Histórico Ferroviario Escribano Alfredo Rueda,Gral. San Martin y J.J.Urquiza,-33.338253,-60.460867,Espacios de Exhibición Patrimonial
82,Santa Fe,Rufino,Museo Y Archivo Histórico Municipal De Rufino,Santa Fe 159,-34.261948,-62.719142,Espacios de Exhibición Patrimonial
82,Santa Fe,San Agustín,Museo Histórico Regional De San Agustín,"25 de Mayo 1601, Zona Rural",-31.687212,-60.941298,Espacios de Exhibición Patrimonial
82,Santa Fe,San Antonio de Obligado,Museo Histórico Y Religioso Fray Hermete Constanzi,Calle Nº 8 (Al Lado de la Iglesia),-28.384855,-59.264588,Espacios de Exhibición Patrimonial
82,Santa Fe,San Carlos Centro,Museo Histórico De La Colonia San Carlos,San Martín 550,-32.941927,-60.674136,Espacios de Exhibición Patrimonial
82,Santa Fe,San Carlos Norte,Museo Pedroniano,Fermín Laprade 420,-31.674063,-61.074435,Espacios de Exhibición Patrimonial
82,Santa Fe,San Cristóbal,Museo Histórico Municipal De San Cristóbal,J. M. Bullo 1425,-30.314156,-61.238622,Espacios de Exhibición Patrimonial
82,Santa Fe,San Cristóbal,Museo De Ciencias Naturales Del Departamento San Cristóbal,Hipólito Irigoyen y Dr. Gerónimo Lassaga,-30.314156,-61.238622,Espacios de Exhibición Patrimonial
82,Santa Fe,San Guillermo,Museo Comunal Regional De San Guillermo,Independencia S/N,-30.362675,-61.917792,Espacios de Exhibición Patrimonial
82,Santa Fe,San Javier,Museo Batalla Del Mbororé,Plaza de los Jesuitas,-27.867845,-55.134817,Espacios de Exhibición Patrimonial
82,Santa Fe,San Javier,Museo San Francisco Javier,"9 de Julio 873, Esquina Alvear",-30.584667,-59.931401,Espacios de Exhibición Patrimonial
82,Santa Fe,San Jerónimo del Sauce,Museo Pbro. Guillermo Lagger,Santa Fe 689,-31.609469,-61.140968,Espacios de Exhibición Patrimonial
82,Santa Fe,San Jerónimo Norte,Museo Histórico Lorenzo Bodenmann,Guillermo Tell 790,-31.556973,-61.078495,Espacios de Exhibición Patrimonial
82,Santa Fe,San Jorge,Museo Aurelio Genovese,Av. 25 de Mayo 810,-31.90233,-61.855598,Espacios de Exhibición Patrimonial
82,Santa Fe,San Jorge,Museo De La Ciudad,Bv. 25 de Mayo 810,-31.90233,-61.855598,Espacios de Exhibición Patrimonial
82,Santa Fe,San José de la Esquina,Museo Comunal Guardia De La Esquina,Rivadavia 434,-33.111199,-61.703568,Espacios de Exhibición Patrimonial
82,Santa Fe,San José del Rincón,Museo Regional Y Tradicional De La Costa,San Martín 1401,-31.6058,-60.568,Espacios de Exhibición Patrimonial
82,Santa Fe,San Lorenzo,Museo Histórico Conventual San Carlos,Belgrano 430,-32.7469,-60.7312,Espacios de Exhibición Patrimonial
82,Santa Fe,Santa Clara de Saguier,Museo Rafael Escriña,Av. Sarmiento S/N,-31.339802,-61.818148,Espacios de Exhibición Patrimonial
82,Santa Fe,Santa Fe,Observatorio Astronómico Code - Centro De Observaciones Del Espacio De Santa Fe,Av. Almirante Brown 4998 (Costanera),-31.626196,-60.678816,Espacios de Exhibición Patrimonial
82,Santa Fe,Santa Fe,Museo De Arte Contemporáneo - Mac,Bv. Gálvez 1578,-31.637801,-60.691936,Espacios de Exhibición Patrimonial
82,Santa Fe,Santa Fe,Museo Ferroviario,San Luis 2950,-31.642495,-60.701779,Espacios de Exhibición Patrimonial
82,Santa Fe,Santa Fe,Museo De La Cervecería Santa Fe,Calchines 1401,-31.643039,-60.691559,Espacios de Exhibición Patrimonial
82,Santa Fe,Santa Fe,Museo Judío Hinenu,1 de Mayo 2152,-31.650089,-60.711552,Espacios de Exhibición Patrimonial
82,Santa Fe,Santa Fe,Teatro Municipal 1° De Mayo Y Museo Del Teatro,San Martín 2020,-31.652334,-60.708137,Espacios de Exhibición Patrimonial
82,Santa Fe,Santa Fe,Museo Y Biblioteca Peniteciaria,San Jerónimo 1168,-31.661439,-60.712307,Espacios de Exhibición Patrimonial
82,Santa Fe,Santa Fe,Museo Del Médico Del Colegio Médico De La 1° Circ. De Santa Fe,9 de Julio 2464,-31.6466,-60.7095,Espacios de Exhibición Patrimonial
82,Santa Fe,Santa Fe,Museo De Artes Visuales Sor Josefa Díaz Clucellas,San Martín 2068,-31.6518,-60.7084,Espacios de Exhibición Patrimonial
82,Santa Fe,Santa Fe,Museo Etnográfico Y Colonial Juan De Garay,25 de Mayo 1470 (Paseo de Las Culturas),-31.65,-60.7167,Espacios de Exhibición Patrimonial
82,Santa Fe,Santa Fe,Museo Provincial De Ciencias Naturales Florentino Ameghino,Primera Junta 2859,-31.6471,-60.7104,Espacios de Exhibición Patrimonial
82,Santa Fe,Santa Fe,Museo Provincial De Bellas Artes Rosa Galisteo De Rodríguez,4 de Enero 1510,-31.6571,-60.7154,Espacios de Exhibición Patrimonial
82,Santa Fe,Santa Fe,Museo Histórico Provincial De Santa Fe Brig. Estanislao López,San Martín 1490,-31.6579,-60.7103,Espacios de Exhibición Patrimonial
82,Santa Fe,Santa Fe,Museo Histórico San Francisco,Amenábar 2557,-31.6591,-60.7105,Espacios de Exhibición Patrimonial
82,Santa Fe,Santa Fe,Museo Y Biblioteca Policial Alguacil Mayor Bernabé De Luján,San Jerónimo 1199,-31.662,-60.7128,Espacios de Exhibición Patrimonial
82,Santa Fe,Santa Fe,Museo López Claro,Piedras 7352,-31.6048,-60.6738,Espacios de Exhibición Patrimonial
82,Santa Fe,Santa Fe,Museo De La Ciudad,San Martín 2076 P.A.,-31.6517,-60.7084,Espacios de Exhibición Patrimonial
82,Santa Fe,Santa Rosa de Calchines,Museo Aníbal Bergallo,Primera Junta y Santa Fe,-31.424807,-60.334888,Espacios de Exhibición Patrimonial
82,Santa Fe,Santo Tome,Museo Municipal De Artes Y Artesanías Enrique Estrada Bello,Libertad 1620,-31.6623,-60.7589,Espacios de Exhibición Patrimonial
82,Santa Fe,Santo Tome,Museo Histórico Y Archivo Municipal Andrés A. Roverano,Libertad 1620,-31.6623,-60.7589,Espacios de Exhibición Patrimonial
82,Santa Fe,Sastre,Museo Histórico Municipal Dr. Rodolfo Doval Fermi,Sarmiento 1989,-31.769377,-61.829332,Espacios de Exhibición Patrimonial
82,Santa Fe,Suardi,Museo Histórico,Clemente de Zabaleta 698,-30.538607,-61.961646,Espacios de Exhibición Patrimonial
82,Santa Fe,Sunchales,Museo Y Archivo Histórico Municipal Basilio María Donato,25 de Mayo 318,-30.94452,-61.562949,Espacios de Exhibición Patrimonial
82,Santa Fe,Tacural,Museo Histórico Rodolfo Brühl,Ex Estación del Ferrocarril,-30.850561,-61.592373,Espacios de Exhibición Patrimonial
82,Santa Fe,Tostado,Museo Histórico Regional Historiador Manuel Hernández Galiano,Belgrano y Regimiento 6 de Caballería,-29.236964,-61.771951,Espacios de Exhibición Patrimonial
82,Santa Fe,Totoras,Museo De La Ciudad,San Lorenzo y Laprida,-32.585491,-61.163567,Espacios de Exhibición Patrimonial
82,Santa Fe,Venado Tuerto,Museo Regional Y Archivo Histórico Cayetano Alberto Silva,Maipú 966,-33.747662,-61.967969,Espacios de Exhibición Patrimonial
82,Santa Fe,Vera,Museo Ferroviario La Fraternidad De Vera,Allende Lezama y Buenos Aires,-29.46401,-60.207862,Espacios de Exhibición Patrimonial
82,Santa Fe,Villa Constitución,Museo Municipal Histórico Y Regional Santiago Lischetti,Ing. Arturo Acevedo 650,-33.234815,-60.332494,Espacios de Exhibición Patrimonial
82,Santa Fe,Villa Gobernador Gálvez,Museo Swift-Armour Argentina S.A.,Av. Gral. Perón S/N,-33.021686,-60.622068,Espacios de Exhibición Patrimonial
82,Santa Fe,Villa Ocampo,Museo De Historia Y Ciencias Naturales Ángel Gregoret,Padre Ángel Tibaldo,-28.488481,-59.354166,Espacios de Exhibición Patrimonial
82,Santa Fe,Villa Trinidad,Museo Y Archivo Histórico Comunal,Belgrano 150,-30.212202,-61.875771,Espacios de Exhibición Patrimonial
82,Santa Fe,Santa Fe,Museo César López Claro,Piedras 7352,-31.6048,-60.6738,Espacios de Exhibición Patrimonial
82,Santa Fe,Santa Fe,Museo de Arte Contemporáneo de la Universidad Nacional del Litoral,Bv. Gálvez 1578,-31.637801,-60.691936,Espacios de Exhibición Patrimonial
82,Santa Fe,Santa Fe,Museo de cerámica regional Alfredo D' Auría / Taller de Cerámica Artesanal de la Guardia,Antonio de Petre y Ruta Nac. Nº 168,-31.639861,-60.633733,Espacios de Exhibición Patrimonial
82,Santa Fe,Santa Fe,Museo del Colegio Inmaculada,Gral. López 2545,-31.657078,-60.708936,Espacios de Exhibición Patrimonial
82,Santa Fe,Santa Fe,Museo del Juego y de la Lotería de Santa Fe,1º Junta 2724,-31.647543,-60.708642,Espacios de Exhibición Patrimonial
82,Santa Fe,Santa Fe,Museo Del Médico Del Colegio Médico De La 1° Circ. De Santa Fe,9 de Julio 2464,-31.6466,-60.7095,Espacios de Exhibición Patrimonial
82,Santa Fe,Santa Fe,Museo del Puerto,Cabecera Dique I- Puerto,-31.647747,-60.701678,Espacios de Exhibición Patrimonial
82,Santa Fe,Santa Fe,Museo Etnográfico Y Colonial Juan De Garay,25 de Mayo 1470 (Paseo de Las Culturas),-31.65,-60.7167,Espacios de Exhibición Patrimonial
82,Santa Fe,Santa Fe,Museo Ferroviario Regional de Santa Fe,San Luis 2950,-31.642495,-60.701779,Espacios de Exhibición Patrimonial
82,Santa Fe,Santa Fe,Museo Histórico de la Universidad Nacional del Litoral,9 de Julio 2150,-31.650298,-60.710343,Espacios de Exhibición Patrimonial
82,Santa Fe,Santa Fe,Museo Judío Hinenu,1 de Mayo 2152,-31.650089,-60.711552,Espacios de Exhibición Patrimonial
82,Santa Fe,Santa Fe,Museo Malvinas Santa Fe,Pedro Vittori 4282,-31.62889,-60.698854,Espacios de Exhibición Patrimonial
82,Santa Fe,Santa Fe,Museo Municipal de Artes Visuales Sor Josefa Díaz y Clucellas,San Martín 2068,-31.6518,-60.7084,Espacios de Exhibición Patrimonial
82,Santa Fe,Santa Fe,Museo Pedagógico “Prof. Enrique Muzzio”,Junín 2850,-31.661439,-60.712307,Espacios de Exhibición Patrimonial
82,Santa Fe,Santa Fe,Museo Penitenciario de la Provincia de Santa Fe,San Jerónimo 1168,-31.6571,-60.7154,Espacios de Exhibición Patrimonial
82,Santa Fe,Santa Fe,Museo Provincial De Bellas Artes Rosa Galisteo De Rodríguez,4 de Enero 1510,-31.6471,-60.7104,Espacios de Exhibición Patrimonial
82,Santa Fe,Santa Fe,Academia Argentina de Fotografía,Rivadavia 3192,-31.638864,-60.687468,Espacios de Exhibición Patrimonial
82,Santa Fe,Santa Fe,Academia de Arte del Litoral,San Juan 2373,-31.636234,-60.675311,Espacios de Exhibición Patrimonial
82,Santa Fe,Santa Fe,Aguas Santafesinas S.a.-Planta Potabilizadora Santa Fe Ing. Marcial Candioti,Gobernador Candioti 1500,-31.606419,-60.668038,Espacios de Exhibición Patrimonial
82,Santa Fe,Santa Fe,Alianza Francesa de Santa Fe,Bv. Gálvez 2147,-31.656622,-60.712105,Espacios de Exhibición Patrimonial
82,Santa Fe,Santa Fe,Archivo General de la Provincia,Av. General López 2792,-31.646716,-60.709293,Espacios de Exhibición Patrimonial
82,Santa Fe,Santa Fe,Asociación Argentina de Cultura Inglesa de Santa Fe,Monseñor Zaspe 2790,-31.636805,-60.697882,Espacios de Exhibición Patrimonial
82,Santa Fe,Santa Fe,Asociación Cultural Israelita Argentina “I.l.Peretz”,Francia 2248,-31.651653,-60.717597,Espacios de Exhibición Patrimonial
82,Santa Fe,Santa Fe,Casa De La Cultura China y Paseo por la Cultura China “Ni Hao”,Monseñor Zaspe 2721,-31.646254,-60.705723,Espacios de Exhibición Patrimonial
82,Santa Fe,Santa Fe,Casa de la Cultura Indo-Afro-Americana “Mario Luis López”,Monseñor Zaspe 2721,-31.655617,-60.710958,Espacios de Exhibición Patrimonial
82,Santa Fe,Santa Fe,Casa de Catalunya de Santa Fe,Saavedra 1932,-31.651698,-60.717616,Espacios de Exhibición Patrimonial
82,Santa Fe,Santa Fe,Centro Cultural Roma,San Jerónimo 2673,-31.647963,-60.715098,Espacios de Exhibición Patrimonial
82,Santa Fe,Santa Fe,Centro Experimental del Color,Bv. Gálvez 1150,-31.639066,-60.702006,Espacios de Exhibición Patrimonial
82,Santa Fe,Santa Fe,Centro Numismático Santa Fe,Cardenal Fasolino 266,-31.644626,-60.721185,Espacios de Exhibición Patrimonial
82,Santa Fe,Santa Fe,Espacio de Arte Fundación Osde,Rivadavia 3238,-31.618757,-60.694567,Espacios de Exhibición Patrimonial
82,Santa Fe,Santa Fe,Instituto Superior de Fotografía Lux Capere,San Martín 3283,-31.655469,-60.711778,Espacios de Exhibición Patrimonial
82,Santa Fe,Santa Fe,La Casa del Sur,San Jerónimo 1133,-31.635807,-60.710313,Espacios de Exhibición Patrimonial
82,Santa Fe,Santa Fe,Logia Masónica Armonía Nº 99,9 de Julio 2454,-31.638131,-60.704004,Espacios de Exhibición Patrimonial
82,Santa Fe,Santa Fe,Reserva Ecológica Ciudad Universitaria – UNL,Costanera Este,-31.639525,-60.702161,Espacios de Exhibición Patrimonial
82,Santa Fe,Santa Fe,Solcuer – Espacio Turístico Cultural,República de Siria 3530,-31.662228,-60.712582,Espacios de Exhibición Patrimonial
82,Santa Fe,Santa Fe,Unión y Benevolencia Dante Alighieri,25 de Mayo 2569,-31.644595,-60.707506,Espacios de Exhibición Patrimonial
82,Santa Fe,Santa Fe,Museo Casa de Los Aldao,Monseñor Zaspe 2861,-31.65556411,-60.71272373,Espacios de Exhibición Patrimonial
86,Santiago del Estero,Capital,Museo De Ciencias Antropológicas Y Naturales Emilio Y Duncan Wagner,Avellaneda 355 b° centro,-27.7867,-64.257,Espacios de Exhibición Patrimonial
86,Santiago del Estero,Capital,Museo Histórico De La Provincia Dr. Orestes Di Lullo,Urquiza 354,-27.7882,-64.255,Espacios de Exhibición Patrimonial
86,Santiago del Estero,Capital,Museo Provincial De Bellas Artes Ramón Gómez Cornet,Belgrano (s) 1554,-27.8,-64.2529,Espacios de Exhibición Patrimonial
86,Santiago del Estero,Icaño,Museo Integral Provincial De Icaño Nicolás De La Fuente,,-28.9,-65.316681,Espacios de Exhibición Patrimonial
86,Santiago del Estero,La Banda,Museo De La Ciudad Lázaro Criado,Av. Comandante Besares 222,-27.7322,-64.2418,Espacios de Exhibición Patrimonial
86,Santiago del Estero,Termas de Río Hondo,Museo Municipal Rincón De Atacama,Caseros 468,-27.495376,-64.861564,Espacios de Exhibición Patrimonial
86,Santiago del Estero,Termas de Río Hondo,Museo Bellas Artes Y Artesanías,Juan B. Alberdi y Juan D. Perón,-27.495649,-64.864101,Espacios de Exhibición Patrimonial
86,Santiago del Estero,Termas de Río Hondo,Museo Histórico De La Ciudad,Juan B. Alberdi 245,-27.4988,-64.8607,Espacios de Exhibición Patrimonial
86,Santiago del Estero,Termas de Río Hondo,Museo Del Automóvil,"Ubicado a 6 km del centro de la ciudad, en el predio del autódromo, perilago del dique frontal.",-27.523637,-64.880529,Espacios de Exhibición Patrimonial
86,Santiago del Estero,Santiago capital,Casa Argañaraz Alcorta,Pellegrini 189,-27.7862,-64.2605,Espacios de Exhibición Patrimonial
94,"Tierra del Fuego, Antártida e Islas del Atlántico Sur",Río Grande,Comunidad Indígena Rafaela Ishton,Ameghino 715,-53.7816,-67.6988,Espacios de Exhibición Patrimonial
94,"Tierra del Fuego, Antártida e Islas del Atlántico Sur",Río Grande,Museo Fueguino De Arte,Av. Belgrano Nº 319,-53.782519,-67.697344,Espacios de Exhibición Patrimonial
94,"Tierra del Fuego, Antártida e Islas del Atlántico Sur",Río Grande,Museo Privado Astes,Av. Perito Moreno 1075,-53.783273,-67.709923,Espacios de Exhibición Patrimonial
94,"Tierra del Fuego, Antártida e Islas del Atlántico Sur",Río Grande,Museo Municipal De La Ciudad De Río Grande,Alberdi 555,-53.788,-67.7037,Espacios de Exhibición Patrimonial
94,"Tierra del Fuego, Antártida e Islas del Atlántico Sur",Río Grande,Museo Monseñor José Fagnano,Ruta Nº 3 Km 2800 Colegio Agrotecnico Salesiano,-53.706858,-67.83082,Espacios de Exhibición Patrimonial
94,"Tierra del Fuego, Antártida e Islas del Atlántico Sur",Río Grande,Museo Escolar Akawahia Yoirka,Ibarra 64,-53.770832,-67.733557,Espacios de Exhibición Patrimonial
94,"Tierra del Fuego, Antártida e Islas del Atlántico Sur",Tolhuin,Museo Histórico Kami,Cabecera del Lago Fagnano,-54.527317,-67.230226,Espacios de Exhibición Patrimonial
94,"Tierra del Fuego, Antártida e Islas del Atlántico Sur",Ushuaia,Museo Antártico Usuahia José María Sobral,"Yaganes y Gobernador Paz, Base Naval Ushuaia, Planta Alta, Pabellón 4 del Ex Presidio",-54.803084,-68.299176,Espacios de Exhibición Patrimonial
94,"Tierra del Fuego, Antártida e Islas del Atlántico Sur",Ushuaia,Museo De Arte Marino Ushuaia,"Yaganes y Gobernador Paz, Base Naval Ushuaia, Planta Alta, Pabellón 3 del Ex Presidio",-54.803084,-68.299176,Espacios de Exhibición Patrimonial
94,"Tierra del Fuego, Antártida e Islas del Atlántico Sur",Ushuaia,Museo Maritimo De Ushuaia,"Yaganes y Gobernador Paz, Edificio Ex Presidio de Ushuaia",-54.803084,-68.299176,Espacios de Exhibición Patrimonial
94,"Tierra del Fuego, Antártida e Islas del Atlántico Sur",Ushuaia,Museo Yámana,Rivadavia 56,-54.8058,-68.3009,Espacios de Exhibición Patrimonial
94,"Tierra del Fuego, Antártida e Islas del Atlántico Sur",Ushuaia,Museo Acatushún De Aves Y Mamíferos Marinos Australes,Estancia Harberton,-54.871872,-67.421059,Espacios de Exhibición Patrimonial
94,"Tierra del Fuego, Antártida e Islas del Atlántico Sur",Ushuaia,Museo Del Presidio De Ushuaia,"Yaganes y Gobernador Paz, Base Naval Ushuaia, Pabellón 4 del Ex Presidio",-54.803084,-68.299176,Espacios de Exhibición Patrimonial
94,"Tierra del Fuego, Antártida e Islas del Atlántico Sur",Ushuaia,Museo Del Fin Del Mundo,Avda. Maipú 175/ 181,-54.8062,-68.3002,Espacios de Exhibición Patrimonial
90,Tucumán,Aguilares,Museo Arqueológico,Alberdi 1021,-27.431276,-65.616291,Espacios de Exhibición Patrimonial
90,Tucumán,El Bañado,Museo Arqueológico Juan Bautista Ambrosetti De Las Ruinas De Quilmes,Ruta Provincial 307 (a 70 Km de Tafí del Valle),-26.434075,-65.967496,Espacios de Exhibición Patrimonial
90,Tucumán,El Mollar,Menhires - Museo Arqueológico A Cielo Abierto,El Mollar,-26.9387,-65.70705,Espacios de Exhibición Patrimonial
90,Tucumán,Los Sarmientos,Museo Raíces De Mi Pueblo,Alberdi 49,-27.417169,-65.683694,Espacios de Exhibición Patrimonial
90,Tucumán,Ramada de Abajo,Museo Sanmartiniano De Tucumán,Solar Histórico de la Ramada de Abajo - Ruta 317 Km. 4,-26.688827,-64.94789,Espacios de Exhibición Patrimonial
90,Tucumán,San Miguel de Tucumán,Instituto De Arqueología Y Museo,San Martín 1545,-26.8263,-65.2203,Espacios de Exhibición Patrimonial
90,Tucumán,San Miguel de Tucumán,Museo Casa Padilla,25 de Mayo 36,-26.8306,-65.2044,Espacios de Exhibición Patrimonial
90,Tucumán,San Miguel de Tucumán,Museo Miguel Lillo De Ciencias Naturales,Calle Miguel Lillo 251,-26.831924,-65.221207,Espacios de Exhibición Patrimonial
90,Tucumán,San Miguel de Tucumán,Museo Iramain,Entre Ríos 27,-26.8323,-65.2002,Espacios de Exhibición Patrimonial
90,Tucumán,San Miguel de Tucumán,Museo De La Industria Azucarera - Casa Quinta Del Obispo Colombres,Parque 9 de Julio,-26.8337,-65.1841,Espacios de Exhibición Patrimonial
90,Tucumán,San Miguel de Tucumán,Museo De La Universidad Nacional De Tucumán Dr. Juan B. Terán,San Martín 1545,-26.826043,-65.220231,Espacios de Exhibición Patrimonial
90,Tucumán,San Miguel de Tucumán,Museo-Archivo Elmira Paz Gallo,Av. Sarmiento 253,-26.8194,-65.1979,Espacios de Exhibición Patrimonial
90,Tucumán,San Miguel de Tucumán,Musema (Museo Histórico-Seminario Mayor Arquidiocesano),Av. Sarmiento 841,-26.817594,-65.206903,Espacios de Exhibición Patrimonial
90,Tucumán,San Miguel de Tucumán,Museo Provincial De Bellas Artes Timoteo Navarro,9 de Julio 44 - 46,-26.8315,-65.2047,Espacios de Exhibición Patrimonial
90,Tucumán,San Miguel de Tucumán,Museo Casa Histórica De La Independencia,Congreso 141,-26.8334,-65.2036,Espacios de Exhibición Patrimonial
90,Tucumán,San Miguel de Tucumán,Museo Folklórico Provincial Gral. Manuel Belgrano,24 de Septiembre 565,-26.8308,-65.2056,Espacios de Exhibición Patrimonial
90,Tucumán,San Miguel de Tucumán,Museo Arquidiocesano De Arte Sacro,Congreso 53,-26.8321,-65.2033,Espacios de Exhibición Patrimonial
90,Tucumán,San Miguel de Tucumán,Museo Histórico Provincial Presidente Nicolás Avellaneda,Congreso 56,-26.8321,-65.2033,Espacios de Exhibición Patrimonial
90,Tucumán,San Miguel de Tucumán,Museo Del Ejército - Guarnición Militar Tucumán,25 de Mayo 1029,-26.8188,-65.2017,Espacios de Exhibición Patrimonial
90,Tucumán,Tafí del Valle,Museo De Mitos Y Leyendas Casa Duende,"Ruta Provincial 307, Km 58",-26.822594,-65.718395,Espacios de Exhibición Patrimonial
90,Tucumán,Tafí del Valle,Museo Runa De Antropología,Av. Belgrano y Los Palenques,-26.851696,-65.711769,Espacios de Exhibición Patrimonial
90,Tucumán,Tafí del Valle,Museo Histórico Y Arqueológico Jesuítico La Banda,La Banda S/N,-26.85288,-65.712622,Espacios de Exhibición Patrimonial
90,Tucumán,Tafí Viejo,Mac-Museo Arqueológico El Cadillal,Centro Principal el Cadillal,-26.683331,-65.26667,Espacios de Exhibición Patrimonial
90,Tucumán,Tafí Viejo,Museo Ferroviario De Los Talleres De Tafí Viejo,Avda. Pte. Roque Sáenz Peña 234,-26.740733,-65.263231,Espacios de Exhibición Patrimonial
90,Tucumán,Villa El Cadillal,Museo Arqueológico Dr. Ernesto Padilla,Ernesto Padilla S/N,-21.937642,-66.052043,Espacios de Exhibición Patrimonial
90,Tucumán,Tafí del Valle,"Asentamientos De Menhires En Las Áreas Arqueológicas De: El Mollar, El Potrerillo, Rodeo Grande Y",,-26.85288,-65.712622,Espacios de Exhibición Patrimonial
6,Buenos Aires,25 de mayo,Cine Teatro Español,Calle 9 entre 29 Y 30,-35.430488,-60.170686,Salas de cine
6,Buenos Aires,30 de agosto,Cine Santa Rosa De Lima,Santa Rosa De Lima 170,-36.278508,-62.544355,Salas de cine
6,Buenos Aires,9 de julio,Tu Cine 9 de Julio,Robbio 840,-35.4462648,-60.8857887,Salas de cine
6,Buenos Aires,Adrogué,Cinema Adrogue,Hipolito Yrigoyen 13200,-34.80811,-58.4024,Salas de cine
6,Buenos Aires,Adrogué,CPM Paseo Adrogue,Segui 699,-34.800097,-58.396753,Salas de cine
6,Buenos Aires,Avellaneda,Cinemark Alto Avellaneda,Guemes 897,-34.677993,-58.36723,Salas de cine
6,Buenos Aires,Avellaneda,Cinepolis Avellaneda,Autopista Bs. As. - La Plata Km 6,-34.680206,-58.332777,Salas de cine
6,Buenos Aires,Azul,Flix Cinema,Bolivar 416,-36.77836,-59.864783,Salas de cine
6,Buenos Aires,Bahía Blanca,Cine Vision,Belgrano 153,-38.718149,-62.262122,Salas de cine
6,Buenos Aires,Bahía Blanca,Cine Visual,Chiclana 452,-38.722103,-62.261507,Salas de cine
6,Buenos Aires,Bahía Blanca,Cinemacenter Bahia Blanca,Av. Sarmiento 2153,-38.698777,-62.244043,Salas de cine
6,Buenos Aires,Balcarce,Cine Paris 2D Balcarce,Calle 18 684,-37.848567,-58.256225,Salas de cine
6,Buenos Aires,Benito Juarez,Centro Cultural Atilio Marinelli,Otamendi y Av. San Martin,-37.682663,-59.816052,Salas de cine
6,Buenos Aires,Bolivar,Cine Avenida,Av. San Martin 642,-36.231224,-61.113367,Salas de cine
6,Buenos Aires,Boulogne,Cinemark Soleil,Bernardo De Yrigoyen 2647,-34.490982,-58.58856,Salas de cine
6,Buenos Aires,Bragado,Centro Cultural Florencio Constantino,Belgrano 1260,-35.11502,-60.489391,Salas de cine
6,Buenos Aires,Caseros,Cine Teatro Paramount,Tres De Febrero 2561,-34.605396,-58.563977,Salas de cine
6,Buenos Aires,Castelli,Cine Teatro Avenida,Av. 25 De Mayo 540,-36.0899001,-57.8030217,Salas de cine
6,Buenos Aires,Chacabuco,Cine Teatro Español,Pueyrredón 29,-34.641214,-60.471635,Salas de cine
6,Buenos Aires,Chacabuco,Teatro Italiano Espacio INCAA,Av. Alsina 29,-34.6430186,-60.4700374,Salas de cine
6,Buenos Aires,Chivilcoy,Cine Español Chivilcoy,Av. Soarez 86,-34.90193,-60.015456,Salas de cine
6,Buenos Aires,Chivilcoy,Metropol,Av. Ceballos 29,-34.895844,-60.020493,Salas de cine
6,Buenos Aires,Chivilcoy,Tu Cine Chivilcoy,Pellegrini 225,-34.8931179,-60.0160649,Salas de cine
6,Buenos Aires,Ciudadela,Nuevo Ciudadela,Av. Maipu 3927,-34.639772,-58.54124,Salas de cine
6,Buenos Aires,Colón,Cine Teatro Colon,Calle 48 Y 19,-33.906237,-61.11381,Salas de cine
6,Buenos Aires,El Palomar,Cine Teatro Helios,Boulevard San Martin 3076,-34.603921,-58.592904,Salas de cine
6,Buenos Aires,Ezeiza,Canning Multiplex,Formosa 653,-34.856114,-58.504664,Salas de cine
6,Buenos Aires,Florencio Varela,Cinemacenter Florencio Varela,Av. San Martin 554,-34.779714,-58.279417,Salas de cine
6,Buenos Aires,General Belgrano,Cine Teatro Español,Larrea 688,-35.767143,-58.495995,Salas de cine
6,Buenos Aires,General Madariaga,Espacio INCAA Gral Madariaga,Dr. Carlos Madariaga 499,-36.998699,-57.134121,Salas de cine
6,Buenos Aires,Gonzalez Catán,CPM Catan,Ruta 3 Km 29 Bj Manuel De Rosas 14457,-34.761032,-58.615582,Salas de cine
6,Buenos Aires,Haedo,Showcase Cinemas Haedo,Dr. Luis Guemes 393,-34.644068,-58.595643,Salas de cine
6,Buenos Aires,Junín,Tu Cine Junin,Jorge Newbery 263,-34.583546,-60.945387,Salas de cine
6,Buenos Aires,La Plata,Cine Municipal Ecoselect,19 Y 51,-34.926546,-57.961577,Salas de cine
6,Buenos Aires,La Plata,Cine Municipal Select,Calle 50 entre 6 y 7,-34.9142398,-57.94922616,Salas de cine
6,Buenos Aires,La Plata,Cinema 8,Calle 8 981,-34.9169959,-57.9493148,Salas de cine
6,Buenos Aires,La Plata,Cinema City,Calle 50 723,-34.9170872,-57.9524285,Salas de cine
6,Buenos Aires,La Plata,Cinema Paradiso,Calle 46 780,-34.915734,-57.956742,Salas de cine
6,Buenos Aires,La Plata,Cinema Rocha,Calle 49 621,-34.91472,-57.950898,Salas de cine
6,Buenos Aires,La Plata,Cinema San Martin,Calle 7 923,-34.91532089,-57.94927541,Salas de cine
6,Buenos Aires,Lanús,Coto Lanus,Warnes 2450,-34.690192,-58.419057,Salas de cine
6,Buenos Aires,Las Flores,San Martin,San Martin 593,-36.015599,-59.098583,Salas de cine
6,Buenos Aires,Las Toninas,Las Toninas,Calle 7 1564 Entre 36 Y 38,-36.494604,-56.696022,Salas de cine
6,Buenos Aires,Lincoln,Cine Club Jorge Newbery,Av. Massey 839,-34.866042,-61.527907,Salas de cine
6,Buenos Aires,Lobos,Cine Teatro Italiano,9 De Julio 142,-35.1848326,-59.0958551,Salas de cine
6,Buenos Aires,Los Polvorines,Cinemark Malvinas Argentinas,Av. Illia 3770,-34.530697,-58.703113,Salas de cine
6,Buenos Aires,Los Toldos,Leonardo Favio,Mitre 841,-35.000252,-61.037525,Salas de cine
6,Buenos Aires,Luján,Cinepolis Luján,R. Payró y Mario Bravo,-34.546153,-59.109463,Salas de cine
6,Buenos Aires,Luján,Cinema Rosso,Lavalle 410,-34.564152,-59.115852,Salas de cine
6,Buenos Aires,Maipú,Cine Teatro Sociedad Italiana,Rivadavia 555,-36.861231,-57.883152,Salas de cine
6,Buenos Aires,Mar de Ajó,Atlantica California,Hipolito Irigoyen 18,-36.726598,-56.675313,Salas de cine
6,Buenos Aires,Mar del Plata,Ambassador,Cordoba 1673,-37.999077,-57.546914,Salas de cine
6,Buenos Aires,Mar del Plata,Cine Cristal,Entre Rios 1783,-38.002209,-57.543388,Salas de cine
6,Buenos Aires,Mar del Plata,Cines Paseo Aldrey,Alberti 1610,-38.01162,-57.542939,Salas de cine
6,Buenos Aires,Mar del Plata,Herodes,Belgrano 2327,-38.002416,-57.545386,Salas de cine
6,Buenos Aires,Mar del Plata,Paseo Diagonal,Belgrano Y Diag. Pueyrredon 3058,-37.99894,-57.552262,Salas de cine
6,Buenos Aires,Mar del Plata,T.E.Y.C.I. Cinema,Rivadavia 3050,-37.997965,-57.552019,Salas de cine
6,Buenos Aires,Mar del Plata,Teatro Auditorium,Bv. Maritimo 2280,-38.006718,-57.545561,Salas de cine
6,Buenos Aires,Martínez,Hoyts Unicenter,Parana 3745,-34.508921,-58.523471,Salas de cine
6,Buenos Aires,Mercedes,Cine Mercedes,Calle 20 728,-34.652278,-59.433057,Salas de cine
6,Buenos Aires,Miramar,Cine Atlantico,Calle 21 1564,-38.268129,-57.841066,Salas de cine
6,Buenos Aires,Moreno,Hoyts Moreno,Av. Victorica 1128,-34.635647,-58.791968,Salas de cine
6,Buenos Aires,Morón,Hoyts Moron,Juan Manuel De Rosas 658,-34.634968,-58.629305,Salas de cine
6,Buenos Aires,Morón,T. Municipalidad G. De La Ferrere,Alte. Brown 990,-34.651188,-58.621931,Salas de cine
6,Buenos Aires,Munro,Lumiton,Sargento Cabral 2354,-34.527919,-58.515934,Salas de cine
6,Buenos Aires,Munro,Showcase Norte,E. Echeverria 3750,-34.514341,-58.522151,Salas de cine
6,Buenos Aires,Necochea,Cine Ocean,Calle 83 350,-38.579616,-58.731164,Salas de cine
6,Buenos Aires,Olavarría,Cine Paris,General Paz 2720,-36.894039,-60.323944,Salas de cine
6,Buenos Aires,Olavarría,Flix Olavarria,Rivadavia 4730,-36.880816,-60.304409,Salas de cine
6,Buenos Aires,Olivos,Centro Cultural York,Juan Bautista Alberdi 895,-34.507715,-58.484962,Salas de cine
6,Buenos Aires,Pergamino,Cinema Pergamino,Av. Mayo y San Nicolas,-33.89284,-60.572327,Salas de cine
6,Buenos Aires,Pila,"Cine Teatro Municipal Pila ""Padre Adolfo Anastasio""",Calle 6 y Calle 19,-36.000073,-58.145664,Salas de cine
6,Buenos Aires,Pilar,Cinepolis Pilar,Panamericana Ac. Norte Km 50,-34.455906,-58.908329,Salas de cine
6,Buenos Aires,Pilar,Palmas Multiplex,Las Magnolias 754,-34.447067,-58.867098,Salas de cine
6,Buenos Aires,Pinamar,Atlantica Oasis,Av. Shaw 644,-38.722103,-62.261507,Salas de cine
6,Buenos Aires,Punta Alta,Cinema Colon,Rivadavia 459,-38.880196,-62.076721,Salas de cine
6,Buenos Aires,Quilmes,Cine Teatro Municipalidad De Quilmes,Mitre 721,-34.722566,-58.253201,Salas de cine
6,Buenos Aires,Quilmes,Hoyts General Cinema Quilmes,Av. Calchaqui 3950,-34.759703,-58.278794,Salas de cine
6,Buenos Aires,Quilmes,Showcase Quilmes,Olavarria 180,-34.725459,-58.255294,Salas de cine
6,Buenos Aires,Rincón de Milberg,Atlas Nordelta,Av. De Los Lagos 7010,-34.39934,-58.653797,Salas de cine
6,Buenos Aires,Rojas,Cine Frances,Bartolomé Mitre 328,-34.198146,-60.732001,Salas de cine
6,Buenos Aires,Salliqueló,Cine Teatro Soc. Italiana,Pueyrredón 77,-36.7509085,-62.9586057,Salas de cine
6,Buenos Aires,Salto,Cervantes,Alvear 65,-34.292986,-60.255264,Salas de cine
6,Buenos Aires,San Antonio de Padua,Cinepolis Merlo,Av. Juan Domingo Peron 24056,-34.66661,-58.702902,Salas de cine
6,Buenos Aires,San Bernardo,Atlantica Arenas,Chiozza 1776,-36.699278,-56.677434,Salas de cine
6,Buenos Aires,San Clemente,Gran Tuyu,Av. San Martin 181,-36.356863,-56.721892,Salas de cine
6,Buenos Aires,San Justo,Cinemark San Justo,Av. Juan Manuel De Rosas 3990,-34.685116,-58.558255,Salas de cine
6,Buenos Aires,San Pedro,La Palma,Belgrano 961,-33.678826,-59.668011,Salas de cine
6,Buenos Aires,Santa Teresita,Atlantica Yanel,Calle 32 372,-36.534911,-56.694027,Salas de cine
6,Buenos Aires,Santa Teresita,Atlantico,Calle 41 258,-36.54343,-56.700912,Salas de cine
6,Buenos Aires,Tandil,Cinemacenter Tandil,Panama 351,-37.324258,-59.114758,Salas de cine
6,Buenos Aires,Tandil,Espacio INCAA Unicen,Yrigoyen 662,-37.3261317,-59.1385772,Salas de cine
6,Buenos Aires,Tapalque,Centro Cultural Municipal Dr. Ricardo Romera,Av. 9 De Julio Y Av. San Martin,-36.356939,-60.025212,Salas de cine
6,Buenos Aires,Temperley,Hoyts Temperley,Av. Hipolito Irigoyen 10699,-34.781692,-58.406675,Salas de cine
6,Buenos Aires,Tortuguitas,Cinemark Tortuguitas,Constituyentes Y Au. Panamericana Km 36.5,-34.453372,-58.728969,Salas de cine
6,Buenos Aires,Trenque Lauquen,Cine Barrio Alegre,9 De Julio 133,-35.972252,-62.73485,Salas de cine
6,Buenos Aires,Tres Lomas,Cine Teatro Español,Monteverde 257,-36.457207,-62.862913,Salas de cine
6,Buenos Aires,Villa Ballester,Cine Teatro Jose Hernandez,Balcarce 2973,-34.550658,-58.55834,Salas de cine
6,Buenos Aires,Villa Bosch,Victor Show Cinemas,El Payador 5539,-34.58918,-58.573161,Salas de cine
6,Buenos Aires,Villa Gesell,Atlantic,Paseo 105 Entre 3 Y 2,-37.25143,-56.976791,Salas de cine
6,Buenos Aires,Zarate,Cine Teatro Coliseo,19 De Marzo 314,-34.097529,-59.022145,Salas de cine
10,Catamarca,Catamarca,Cinemacenter Catamarca,Av. Guemes 850,-28.475867,-65.774581,Salas de cine
10,Catamarca,Catamarca,Cines Del Solar,Intendente Mamerto Medina 220,-28.464737,-65.800675,Salas de cine
22,Chaco,Resistencia,Cinemacenter Avalos,Av. Avalos y Av. Lavalle,-27.438214,-58.987038,Salas de cine
22,Chaco,Resistencia,Cinemacenter Resistencia,Av. Dr. Sabin y Av. Nicolas Avellaneda,-27.438747,-58.987285,Salas de cine
22,Chaco,Resistencia,Los Cines De La Costa - Sarmiento,Av. Sarmiento 2600,-27.430995,-58.962672,Salas de cine
26,Chubut,Comodoro Rivadavia,Cine Coliseo,San Martin 570,-45.861057,-67.482581,Salas de cine
26,Chubut,Comodoro Rivadavia,Cine Teatro Español,San Martin 668,-45.861071,-67.484072,Salas de cine
26,Chubut,Esquel,Auditorio Municipal De Esquel,Belgrano 330,-42.914332,-71.33242,Salas de cine
26,Chubut,Puerto Madryn,Sociedad Italiana - Auditorium Puerto Madryn,28 De Julio 129,-42.766251,-65.035369,Salas de cine
26,Chubut,Rawson,Centro Cultural Jose Hernandez,Dr. Jorge Galina S/N y Mitre,-43.299858,-65.099487,Salas de cine
26,Chubut,Trelew,Coliseo,Belgrano 375,-43.252784,-65.307667,Salas de cine
26,Chubut,Trelew,Espacio INCAA Km 1460,9 De Julio 655,-43.253461,-65.316231,Salas de cine
26,Chubut,Trevelin,Salon Municipal de Cine,28 De Julio 414,-43.079516,-71.463135,Salas de cine
2,Ciudad Autónoma de Buenos Aires,Ciudad Autónoma de Buenos Aires,Angeba,Lavalle 750,-34.6024845,-58.3773438,Salas de cine
2,Ciudad Autónoma de Buenos Aires,Ciudad Autónoma de Buenos Aires,Arte Multiplex,Av. Cabildo 2829,-34.55597,-58.461705,Salas de cine
2,Ciudad Autónoma de Buenos Aires,Ciudad Autónoma de Buenos Aires,Atlas Caballito,Av. Rivadavia 5071,-34.618581,-58.437367,Salas de cine
2,Ciudad Autónoma de Buenos Aires,Ciudad Autónoma de Buenos Aires,Atlas La Rural,Juncal 4431,-34.5776958,-58.4211033,Salas de cine
2,Ciudad Autónoma de Buenos Aires,Ciudad Autónoma de Buenos Aires,Atlas Liniers,Ramón L. Falcón 7115,-34.6401748,-58.5266769,Salas de cine
2,Ciudad Autónoma de Buenos Aires,Ciudad Autónoma de Buenos Aires,Atlas Paseo Alcorta,Jeronimo Salguero 3172,-34.575385,-58.403997,Salas de cine
2,Ciudad Autónoma de Buenos Aires,Ciudad Autónoma de Buenos Aires,Atlas Patio Bullrich,Posadas 1245,-34.588095,-58.383485,Salas de cine
2,Ciudad Autónoma de Buenos Aires,Ciudad Autónoma de Buenos Aires,Atlas Rivera Indarte,Rivera Indarte 44,-34.629368,-58.462523,Salas de cine
2,Ciudad Autónoma de Buenos Aires,Ciudad Autónoma de Buenos Aires,Belgrano Multiplex,Vuelta De Obligado 2238,-34.560503,-58.456499,Salas de cine
2,Ciudad Autónoma de Buenos Aires,Ciudad Autónoma de Buenos Aires,Centro Cultural San Martín Sala 1 y 2,Sarmiento 1551,-34.605014,-58.3887091,Salas de cine
2,Ciudad Autónoma de Buenos Aires,Ciudad Autónoma de Buenos Aires,Cine Amigos Del Bellas Artes,Av. Pte. Figueroa Alcorta 2280,-34.583511,-58.392686,Salas de cine
2,Ciudad Autónoma de Buenos Aires,Ciudad Autónoma de Buenos Aires,Cine Box,Laprida 1423,-34.592435,-58.405847,Salas de cine
2,Ciudad Autónoma de Buenos Aires,Ciudad Autónoma de Buenos Aires,Cine del Recuerdo,Av. Juan de Garay 1267,-34.626836,-58.383669,Salas de cine
2,Ciudad Autónoma de Buenos Aires,Ciudad Autónoma de Buenos Aires,Cine Popular HQ,Moreno 2654,-34.6135315,-58.4036714,Salas de cine
2,Ciudad Autónoma de Buenos Aires,Ciudad Autónoma de Buenos Aires,Cine San Francisco,Av. Gral. Paz 10652,-34.6399054,-58.5288246,Salas de cine
2,Ciudad Autónoma de Buenos Aires,Ciudad Autónoma de Buenos Aires,Cinema Devoto,Jose Pedro Varela 4866,-34.611658,-58.516928,Salas de cine
2,Ciudad Autónoma de Buenos Aires,Ciudad Autónoma de Buenos Aires,Cinemark Caballito,Av. La Plata 96,-34.616128,-58.428999,Salas de cine
2,Ciudad Autónoma de Buenos Aires,Ciudad Autónoma de Buenos Aires,Cinemark Palermo,Beruti 3399,-34.586565,-58.410421,Salas de cine
2,Ciudad Autónoma de Buenos Aires,Ciudad Autónoma de Buenos Aires,Cinemark Puerto Madero,Av. Alicia M De Justo 1920,-34.622186,-58.365288,Salas de cine
2,Ciudad Autónoma de Buenos Aires,Ciudad Autónoma de Buenos Aires,Cinepolis Recoleta,Vicente Lopez 2050,-34.58922,-58.392976,Salas de cine
2,Ciudad Autónoma de Buenos Aires,Ciudad Autónoma de Buenos Aires,Complejo Cultural 25 de Mayo,Av. Triunvirato 4444,-34.5763369,-58.4836525,Salas de cine
2,Ciudad Autónoma de Buenos Aires,Ciudad Autónoma de Buenos Aires,Eden - Sala 2,Santa Fe 1825,-34.595832,-58.393655,Salas de cine
2,Ciudad Autónoma de Buenos Aires,Ciudad Autónoma de Buenos Aires,El Páramo Cultural,Carlos Calvo 3974,-34.6250548,-58.4215037,Salas de cine
2,Ciudad Autónoma de Buenos Aires,Ciudad Autónoma de Buenos Aires,Gaumont,Av. Rivadavia 1635,-34.60898,-58.38964,Salas de cine
2,Ciudad Autónoma de Buenos Aires,Ciudad Autónoma de Buenos Aires,Hoyts Abasto,Aguero 665,-34.603485,-58.410853,Salas de cine
2,Ciudad Autónoma de Buenos Aires,Ciudad Autónoma de Buenos Aires,Hoyts Panamericana,Melian 4880,-34.546344,-58.488435,Salas de cine
2,Ciudad Autónoma de Buenos Aires,Ciudad Autónoma de Buenos Aires,Leopoldo Lugones,Av. Corrientes 1530,-34.604258,-58.388392,Salas de cine
2,Ciudad Autónoma de Buenos Aires,Ciudad Autónoma de Buenos Aires,Lorca,Av. Corrientes 1428,-34.604091,-58.38682,Salas de cine
2,Ciudad Autónoma de Buenos Aires,Ciudad Autónoma de Buenos Aires,Malba,Av. Figuero Alcorta 3415,-34.577273,-58.403747,Salas de cine
2,Ciudad Autónoma de Buenos Aires,Ciudad Autónoma de Buenos Aires,Monumental Lavalle,Lavalle 780,-34.602358,-58.377801,Salas de cine
2,Ciudad Autónoma de Buenos Aires,Ciudad Autónoma de Buenos Aires,Nueva Victoria,Hipolito Yrigoyen 965,-34.6094911,-58.3800409,Salas de cine
2,Ciudad Autónoma de Buenos Aires,Ciudad Autónoma de Buenos Aires,Popular Ecuador,Ecuador 54,-34.6097095,-58.4090281,Salas de cine
2,Ciudad Autónoma de Buenos Aires,Ciudad Autónoma de Buenos Aires,Raúl González Tuñón,Av. Corrientes 1543,-34.6040092,-58.3885434,Salas de cine
2,Ciudad Autónoma de Buenos Aires,Ciudad Autónoma de Buenos Aires,Showcase Cinemas Belgrano,Monroe 1655,-34.553878,-58.452868,Salas de cine
2,Ciudad Autónoma de Buenos Aires,Ciudad Autónoma de Buenos Aires,UBA - Cosmos,Av. Corrientes 2046,-34.604629,-58.396198,Salas de cine
2,Ciudad Autónoma de Buenos Aires,Ciudad Autónoma de Buenos Aires,Yrigoyen,Hipolito Yrigoyen 945,-34.6093723,-58.3796419,Salas de cine
2,Ciudad Autónoma de Buenos Aires,Ciudad Autónoma de Buenos Aires,Microcine Centro Cultural Recoleta,Junin 1930,-34.586753,-58.391672,Salas de cine
14,Córdoba,Alta Gracia,Cinemacenter Alta Gracia,Belgrano 466,-31.658439,-64.4284228,Salas de cine
14,Córdoba,Alta Gracia,Dinosaurio Mall Alta Gracia,Gabino Ezeiza 1080,-31.3743198,-64.1888852,Salas de cine
14,Córdoba,Berrotarán,Cine Cooperativo Berrotarán,ROGELIO MARTINEZ y MARIANO MORENO,-32.451917,-64.388374,Salas de cine
14,Córdoba,Córdoba,El Jardín de las Delicias,Bv. San Juan 49,-31.4209116,-64.186749,Salas de cine
14,Córdoba,La Francia,Cine Moderno,Antonio G. Almada 172,-31.404247,-62.632551,Salas de cine
14,Córdoba,Arroyito,Cinema 2000 Auditorium,Belgrano y Rafael Nuñez,-31.415409,-63.050541,Salas de cine
14,Córdoba,Bell Ville,Sudcinemas Bell Ville,Mitre 61,-32.630182,-62.686628,Salas de cine
14,Córdoba,Canals,Guillermo J. Nolter,Moreno Y Sarmiento,-33.561974,-62.881592,Salas de cine
14,Córdoba,Capilla del Monte,Enrique Muiño,Dean Funes 526,-30.85886021,-64.52498635,Salas de cine
14,Córdoba,Córdoba,Cines Gran Rex,Av. Gral. Paz 174,-31.413467,-64.185517,Salas de cine
14,Córdoba,Córdoba,Complejo Cinerama,Av. Colon 345,-31.41215,-64.18797,Salas de cine
14,Córdoba,Córdoba,Dinosaurio Mall 60 Cuadras,Av. Circunvalacion Agustin Tosco 4552,-31.455392,-64.139799,Salas de cine
14,Córdoba,Córdoba,Dinosaurio Mall Alto Verde,Rodriguez Del Busto 4086,-31.374331,-64.222543,Salas de cine
14,Córdoba,Córdoba,Dinosaurio Mall Ruta 20,Av. Fuerza Aerea 1700,-31.430367,-64.213755,Salas de cine
14,Córdoba,Córdoba,Hoyts Nuevo Centro Cordoba,Duarte Quiros 1400,-31.413218,-64.204384,Salas de cine
14,Córdoba,Córdoba,Hoyts Patio Olmos,Av. Velez Sarsfield 361,-31.419463,-64.188813,Salas de cine
14,Córdoba,Córdoba,Showcase Cordoba,J.A. Goyechea 2851,-31.37983,-64.214238,Salas de cine
14,Córdoba,Córdoba,Cine Arte Córdoba,27 De Abril 275,-31.415918,-64.188507,Salas de cine
14,Córdoba,Cruz del Eje,Cine Aida,Thomas Edison 2126,-30.721123,-64.809898,Salas de cine
14,Córdoba,Elena,Cine Teatro Coop Luz y Fuerza,Mitre 31,-32.571612,-64.393329,Salas de cine
14,Córdoba,Jesús María,Las Tipas Jesus Maria,Ruta Nacional 9 Esq. Corrientes,-30.977117,-64.08461,Salas de cine
14,Córdoba,Morteros,Las Tipas Morteros,Bv. Illia 232,-30.709913,-62.004292,Salas de cine
14,Córdoba,Río Cuarto,Centro Cultural Leonardo Favio,Buenos Aires 55,-33.124306,-64.349166,Salas de cine
14,Córdoba,Río Cuarto,Cines Del Paseo,Av. Mugnaini Y Sobremonte,-33.118053,-64.346569,Salas de cine
14,Córdoba,Río Tercero,Strike,Velez Sarfield 143,-32.173616,-64.112293,Salas de cine
14,Córdoba,Salsipuedes,Dinosaurio Mall Salsipuedes,Av. Sarmiento 1007,-31.126828,-64.296023,Salas de cine
14,Córdoba,San Francisco,Las Tipas San Francisco,Iturraspe 1448,-31.429048,-62.082118,Salas de cine
14,Córdoba,Unquillo,Espacio Incaa Unquillo,San Martin 1505,-31.2376037,-64.3120955,Salas de cine
14,Córdoba,Vicuña Mackenna,Sala C.E.Y.A.L,Av. Carlos S. Yde 1056,-33.92201,-64.391679,Salas de cine
14,Córdoba,Villa Allende,Showcase Villa Allende,Rio De Janeiro 1725,-31.29374,-64.290766,Salas de cine
14,Córdoba,Villa Carlos Paz,Holiday Cines,9 De Julio 53,-31.42071,-64.499959,Salas de cine
14,Córdoba,Villa del Rosario,Cine General Paz,Sarmiento 731,-31.553891,-63.53414,Salas de cine
14,Córdoba,Villa Dolores,Eter Cine,Felipe Erdman 145,-31.944437,-65.192108,Salas de cine
14,Córdoba,Villa María,Centro Cultural Leonardo Favio,Av. Sabattini 200,-32.410815,-63.248169,Salas de cine
14,Córdoba,Villa María,Sudcinemas,"Ruta Nacional 158 Km 155,5",-32.41003,-63.262294,Salas de cine
14,Córdoba,Villa Rivera Indarte,Sunstar Cordoba,Ricardo Rojas 9200,-31.335765,-64.289746,Salas de cine
18,Corrientes,Bella Vista,Fantasio,Salta 1059,-28.508494,-59.045464,Salas de cine
18,Corrientes,Corrientes,Cinemacenter Corrientes,Av. Pedro Ferre y Chacabuco,-27.46464,-58.810635,Salas de cine
18,Corrientes,Corrientes,De La Costa Costanera,Carlos Pellegrini 451/311,-27.464752,-58.843015,Salas de cine
18,Corrientes,Corrientes,De La Costa Shopping,Av. Centenario 3535,-27.481359,-58.766998,Salas de cine
18,Corrientes,Curuzú Cuatiá,Sociedad Rural,Beron De Astrada 641,-29.790473,-58.054474,Salas de cine
18,Corrientes,Goya,Cines del Litoral Goya,España 659,-29.144283,-59.266741,Salas de cine
18,Corrientes,Paso de los Libres,Cine Teatro Opera,Los 108 941,-29.7137101,-57.0855601,Salas de cine
30,Entre Ríos,Gualeguay,Cine Boulevard,Av. Illia Y Chocho Vivanco,-33.127799,-59.322437,Salas de cine
30,Entre Ríos,Chajarí,Cine Gran Libertad,3 De Febrero 3060,-30.759415,-57.984929,Salas de cine
30,Entre Ríos,Colón,Starlight Cinema Digital,Calle 12 De Abril 287,-32.22154,-58.138713,Salas de cine
30,Entre Ríos,Concepción del Uruguay,Cine Teatro San Martin,Estrada 820,-32.48,-58.235156,Salas de cine
30,Entre Ríos,Concordia,Teatro Gran Odeon,Entre Rios 567,-31.398151,-58.018999,Salas de cine
30,Entre Ríos,Gualeguay,Altos Del Gualeguay,Rocamora 33,-33.150323,-59.311609,Salas de cine
30,Entre Ríos,Gualeguaychú,Cinema Gualeguaychu,25 De Mayo 1383,-33.009937,-58.525474,Salas de cine
30,Entre Ríos,Paraná,Cine Circulo Obrero,Andres Pazos 339,-31.732929,-60.524631,Salas de cine
30,Entre Ríos,San José,Cine Urquiza,25 De Mayo 1849,-32.212515,-58.217901,Salas de cine
30,Entre Ríos,Victoria,Sala Municipal Cine Teatro Victoria,Alem 64,-32.6202247,-60.1572386,Salas de cine
30,Entre Ríos,Villaguay,Cine Teatro Berisso,San Martin 540,-31.865115,-59.027433,Salas de cine
34,Formosa,Formosa,El Pajarito Avenida,Av. Juan Domingo Peron 757,-26.169497,-58.181483,Salas de cine
38,Jujuy,Palpala,Cine Teatro Altos Hornos Zapla,Av. Rio De La Plata 383,-24.2575926,-65.213095,Salas de cine
38,Jujuy,San Salvador de Jujuy,Cine Auditorium,Independencia Esq. Italia S/N,-24.187252,-65.292851,Salas de cine
38,Jujuy,San Salvador de Jujuy,Cine Teatro Alfa,Patricias Argentinas 360,-24.184494,-65.311156,Salas de cine
38,Jujuy,Tilcara,Barbarita Cruz,Belgrano 547,-23.577105,-65.393961,Salas de cine
42,La Pampa,Gral. Pico,Espacio Incaa-Cine & Teatro Pico,Calle 17 957,-35.6605302,-63.7528695,Salas de cine
42,La Pampa,Gral. Pico,Gran Pampa,Calle 20 642,-35.658982,-63.753935,Salas de cine
42,La Pampa,Santa Rosa,Amadeus,Coronel Gil 31,-36.619904,-64.289902,Salas de cine
42,La Pampa,Santa Rosa,Milenium,Escalante 270,-36.623122,-64.294797,Salas de cine
42,La Pampa,Santa Rosa,Sala Auditorio Juan C. Bustriazo Ortiz,Quintana 172,-36.6188275,-64.2933999,Salas de cine
46,La Rioja,Aimogasta,Cine El Progreso,9 De Julio 85,-28.5600409,-66.8106825,Salas de cine
46,La Rioja,Chilecito,Cinema 3D Chilecito,La Plata y 19 De Febrero,-29.163011,-67.495688,Salas de cine
46,La Rioja,La Rioja,Cinema 3D Pelagio B. Luna,Pelagio Luna 960,-29.412799,-66.861693,Salas de cine
46,La Rioja,La Rioja,Cinema 3D San Martin,San Martin 62,-29.41478,-66.857701,Salas de cine
46,La Rioja,La Rioja,Cinemacenter La Rioja,Av. Abel Bazan Y Bustos 710,-29.41152524,-66.85814976,Salas de cine
46,La Rioja,La Rioja,Espacio 73,Catamarca 73,-29.412852,-66.8593276,Salas de cine
50,Mendoza,General Alvear,Cineteatro Antonio Lafalla,Av. Alvear Oeste 437,-34.9783447,-67.6949329,Salas de cine
50,Mendoza,Godoy Cruz,Cinemark Palmares,Ruta Panamericana 2650,-32.952537,-68.855684,Salas de cine
50,Mendoza,Las Heras,Tadicor Las Heras,Juan Dragui Lucero 1450,-32.853189,-68.808148,Salas de cine
50,Mendoza,Maipú,Cine Teatro Imperial,Pablo Pescara Y Peron,-32.98293032,-68.78722763,Salas de cine
50,Mendoza,Maipú,Cinepolis Arena Maipu,Emilio Civit Y Maza,-32.974843,-68.796178,Salas de cine
50,Mendoza,Malargüe,Sala Maiten,Ruta 40 Norte Y Pje Orteguina,-35.48035,-69.58467,Salas de cine
50,Mendoza,Mendoza,Cine Universidad,Juan Agustín Maza 250,-32.888547,-68.837395,Salas de cine
50,Mendoza,Mendoza,Cinemacenter Mendoza,Las Cañas 1833,-32.912576,-68.820262,Salas de cine
50,Mendoza,Mendoza,Cinepolis Mendoza,Av. Acceso Este 3280 Lateral Norte,-32.902037,-68.798003,Salas de cine
50,Mendoza,Mendoza,Microcine Municipal David Eisenchlas,9 De Julio 500,-32.896563,-68.842488,Salas de cine
50,Mendoza,Mendoza,Porky`S,Lavalle 32,-32.888518,-68.838264,Salas de cine
50,Mendoza,Rivadavia,Centro Cultural Juan Centorbi,Lavalle 740,-33.193378,-68.46537,Salas de cine
50,Mendoza,San Martín,Cine Cervantes San Martin,9 De Julio 187,-33.080928,-68.471596,Salas de cine
50,Mendoza,San Martín,Tadicor San Martin,Lateral Sur Ruta Nacional 7 Sin Nro,-32.853468,-68.808184,Salas de cine
50,Mendoza,San Rafael,Centro Cultural San Rafael del Diamante,Av. Hipolito Yrigoyen 280,-34.6148225,-68.3331498,Salas de cine
50,Mendoza,San Rafael,Cine Amelix,San Martin 139,-34.614613,-68.329305,Salas de cine
50,Mendoza,Tupungato,Cinema Américo,La Gloria 1777,-33.3494216,-69.1512149,Salas de cine
54,Misiones,Oberá,Cine Teatro Obera,San Martin 1069,-27.488208,-55.122305,Salas de cine
54,Misiones,Oberá,Microcines Obera,Av. Sarmiento 1044,-27.48614,-55.123172,Salas de cine
54,Misiones,Posadas,Imax Del Conocimiento,Ruta 12 Y Acceso Oeste (Av. Ulises Lopez),-27.396198,-55.963477,Salas de cine
54,Misiones,Posadas,Sunstar Posadas,Bolivar 1979,-27.366775,-55.895626,Salas de cine
58,Neuquén,Neuquén,Cinemark Neuquén,Av. Dr. Ramón 355,-38.9420114,-68.064777,Salas de cine
58,Neuquén,Rincón de Los Sauces,Auditorio Casa de la Cultura,Perón y 20 de Diciembre,-37.389866,-68.923387,Salas de cine
58,Neuquén,Cutral-Co,Cine Rex Cutral Co,Av. Del Trabajo 676,-38.937145,-69.228886,Salas de cine
58,Neuquén,Neuquén,Cine Teatro Español,Av. Argentina 245,-38.952502,-68.0588685,Salas de cine
58,Neuquén,Neuquén,Cinepolis Neuquen,Av. Antartida Argentina 1111,-38.947535,-68.080141,Salas de cine
58,Neuquén,San Martín de los Andes,Centro Cultural Cotesma,Gral. Roca 1154,-40.157383,-71.3518372,Salas de cine
58,Neuquén,Zapala,Cine Teatro Municipal Amado Sapag,San Martin 281,-38.9035456,-70.0649182,Salas de cine
62,Río Negro,Cipolletti,Lorenzo Kelly,Fernandez Oro 55,-38.940545,-68.0012023,Salas de cine
62,Río Negro,Bariloche,Sunstar Bariloche,Onelli 447,-41.133472,-71.310278,Salas de cine
62,Río Negro,Cinco Saltos,Cine Teatro Español,Av. Roca 326,-38.828301,-68.064467,Salas de cine
62,Río Negro,Gral. Roca,Cine Rex Gral. Roca,Av. Roca 1585,-39.027377,-67.575436,Salas de cine
62,Río Negro,Viedma,Cine Rex Viedma,Gallardo 160,-40.810812,-62.988497,Salas de cine
62,Río Negro,Villa Regina,Cine Teatro Circulo Italiano,Av. Rivadavia 117,-39.09326355,-67.08392556,Salas de cine
66,Salta,Orán,Cine Municipal De La Cultura Oran,Hipolito Yrigoyen 137,-23.1351322,-64.3222154,Salas de cine
66,Salta,Salta,Cine Opera,Urquiza 560,-24.792403,-65.410758,Salas de cine
66,Salta,Salta,Cine Rex,Av. San Martin 1170,-24.792967,-65.419175,Salas de cine
66,Salta,Salta,Cinemark Salta,Av. Monseñor Tavella 4400,-24.832302,-65.428458,Salas de cine
66,Salta,Salta,Hoyts Nuevo Noa,Virrey Toledo 702,-24.781472,-65.403547,Salas de cine
66,Salta,San José de Metán,Cine Club Center,20 De Febrero 19,-25.4998463,-64.974178,Salas de cine
66,Salta,Tartagal,Open Plaza,Guemes 421,-22.515933,-63.805018,Salas de cine
70,San Juan,San Juan,Cinemacenter San Juan,Av. Circunvalacion Y Scalabrini Ortiz,-31.522593,-68.542604,Salas de cine
70,San Juan,San Juan,CPM Espacio San Juan,Av. Jose Ignacio De La Roza Oeste 806,-31.539871,-68.572839,Salas de cine
70,San Juan,San Juan,Play Cinema San Juan,Av. Libertador 1826 (Oeste),-31.531766,-68.551432,Salas de cine
70,San Juan,San Juan,UPCN - San Juan,Sarmiento 461 Sur,-31.52639,-68.533644,Salas de cine
74,San Luis,Merlo,Cine Star Merlo,Av. Del Sol 1120,-32.346991,-64.998214,Salas de cine
74,San Luis,San Luis,Cinemacenter San Luis,J. A. Roca 260,-33.309224,-66.327647,Salas de cine
74,San Luis,Villa Mercedes,Cines Fenix,Pueyrredon 1651,-33.663019,-65.464344,Salas de cine
78,Santa Cruz,Caleta Olivia,Cine Municipal Caleta Olivia,J. Newbery y Deocarets S/N,-46.437506,-67.52675,Salas de cine
78,Santa Cruz,Comandante Luis Piedrabuena,Cine Select,Av. Gregorio Ibañez 388,-49.983691,-68.90921,Salas de cine
78,Santa Cruz,Gobernador Gregores,Cine Municipal Abuelas de Plaza de Mayo,Av. San Martin 514,-48.750801,-70.246605,Salas de cine
78,Santa Cruz,Las Heras,Osvaldo Jorge Bayer,13 De Diciembre Y Malvinas S/N,-46.538589,-68.944153,Salas de cine
78,Santa Cruz,Puerto Deseado,"Cine Auditorio Deseado ""ESPACIO INCAA""",Don Bosco 1075,-47.7520538,-65.8951281,Salas de cine
78,Santa Cruz,Puerto San Julian,Cine Teatro Talia,25 De Mayo 1188,-49.315227,-67.722103,Salas de cine
78,Santa Cruz,Puerto Santa Cruz,Auditorio Municipal,25 De Mayo 513,-50.016472,-68.517896,Salas de cine
78,Santa Cruz,Río Gallegos,Cine Rio Gallegos,Av. Nestor Kirchner 1142,-51.619917,-69.218735,Salas de cine
82,Santa Fe,Avellaneda,Luna De Avellaneda,Av. San Martin 810,-29.118061,-59.654853,Salas de cine
82,Santa Fe,Casilda,Cine Teatro Libertador,Buenos Aires 2441,-33.046245,-61.169568,Salas de cine
82,Santa Fe,Esperanza,E-Max Cines,Brigadier Lopez 1471,-31.450826,-60.895483,Salas de cine
82,Santa Fe,Rafaela,Cine Teatro Municipal Manuel Belgrano,Bv. Santa Fe 555,-31.2537076,-61.4856456,Salas de cine
82,Santa Fe,Rafaela,Las Tipas Rafaela,C. Conscripto Zurbriggen 865,-31.242567,-61.505319,Salas de cine
82,Santa Fe,Reconquista,Cine Recite,Habegger 755,-29.148596,-59.642839,Salas de cine
82,Santa Fe,Rosario,Arteon,Sarmiento 778,-32.946182,-60.638166,Salas de cine
82,Santa Fe,Rosario,Centro Cultural Cine Lumiere,Velez Sarfield 1029,-32.924992,-60.677156,Salas de cine
82,Santa Fe,Rosario,Cinepolis Rosario,Eva Peron 5856,-32.933053,-60.712949,Salas de cine
82,Santa Fe,Rosario,Cines Del Centro,Rioja 1660,-32.946177,-60.646324,Salas de cine
82,Santa Fe,Rosario,El Cairo,Santa Fe 1120,-32.95144,-60.639437,Salas de cine
82,Santa Fe,Rosario,Hoyts Rosario,Nansen 323,-32.909461,-60.683084,Salas de cine
82,Santa Fe,Rosario,Microcine De La Cortada,Ctda Ricardone 1244,-32.94773,-60.640286,Salas de cine
82,Santa Fe,Rosario,Monumental Rosario,San Martin 993,-32.94899,-60.637338,Salas de cine
82,Santa Fe,Rosario,Showcase Rosario,Junin 501,-32.926503,-60.670806,Salas de cine
82,Santa Fe,Rufino,Sala Hispano,Av. Cobo 185,-34.2630949,-62.71155166,Salas de cine
82,Santa Fe,San Jorge,Las Tipas San Jorge,Eva Peron 1388,-31.895262,-61.8595,Salas de cine
82,Santa Fe,San Vicente,Brown Cinema 3D,Cangallo 304,-31.698952,-61.567196,Salas de cine
82,Santa Fe,Santa Fe,Cine America,25 De Mayo 3075,-31.640525,-60.70422,Salas de cine
82,Santa Fe,Santa Fe,Cinemark Santa Fe,Dique 1 Puerto Santa Fe,-31.648852,-60.70404,Salas de cine
82,Santa Fe,Venado Tuerto,Cinema Casey,Av. Casey 790,-33.746371,-61.968125,Salas de cine
86,Santiago del Estero,La Banda,Cine Teatro Municipal Renzi,Av. Besares 151,-27.7317514,-64.2426123,Salas de cine
86,Santiago del Estero,La Banda,Cinemacenter La Banda,Aut. Juan D. Peron S/N Parque Industrial,-27.762487,-64.244804,Salas de cine
86,Santiago del Estero,Santiago del Estero,Sunstar Santiago del Estero,Av. Rivadavia Y Ejercito Argentino,-27.78442,-64.267281,Salas de cine
86,Santiago del Estero,Termas de Río Hondo,Nuevo Cine Rex,Bolivar 15,-27.496838,-64.85833,Salas de cine
94,"Tierra del Fuego, Antártida e Islas del Atlántico Sur",Río Grande,El Cine,9 De Julio 838,-53.790081,-67.697959,Salas de cine
94,"Tierra del Fuego, Antártida e Islas del Atlántico Sur",Ushuaia,Cine Teatro Pakewaia,Yaganes Y Gob Paz (Base Naval),-54.801912,-68.302951,Salas de cine
94,"Tierra del Fuego, Antártida e Islas del Atlántico Sur",Ushuaia,Sunstar Ushuaia,Av. Perito Moreno 1460,-54.7999427,-68.2801151,Salas de cine
90,Tucumán,San Miguel de Tucumán,Atlas Vía 24,24 de Septiembre 757,-26.8301689,-65.2087418,Salas de cine
90,Tucumán,San Miguel de Tucumán,Cine Popular San Miguel de Tucumán,Lavalle 688,-26.8387931,-65.2094995,Salas de cine
90,Tucumán,San Miguel de Tucumán,Sala Hynes O´Connor,San Martín 251,-26.8302371,-65.2005846,Salas de cine
90,Tucumán,Yerba Buena,Cine Popular de Yerba Buena,Av. Aconquija 2060,-26.8123017,-65.3003126,Salas de cine
90,Tucumán,San Miguel de Tucumán,Atlas Shopping Terminal,Av. Brigido Teran 250,-26.834701,-65.194059,Salas de cine
90,Tucumán,San Miguel de Tucumán,Atlas Tucuman,Monteagudo 250,-26.828516,-65.199312,Salas de cine
90,Tucumán,San Miguel de Tucumán,Cinemacenter Tucuman,Av. Nestor Kirchner(Ex Av. Roca) 3450,-26.83447,-65.252298,Salas de cine
90,Tucumán,San Miguel de Tucumán,Espacio Incaa Sala Orestes Caviglia,San Martin 251,-26.8303703,-65.200703,Salas de cine
90,Tucumán,San Miguel de Tucumán,Microcine Orion,Av. Mitre 817,-26.817212,-65.215481,Salas de cine
90,Tucumán,Yerba Buena,Solar del Cerro,Av. Aconquija 1336,-26.814179,-65.288937,Salas de cine
90,Tucumán,Yerba Buena,Sunstar Tucuman,Av. Fermin Carriola 42,-26.820976,-65.265894,Salas de cine
6,Buenos Aires,Vicente Lopez,Alparamis,Av. Del Libertador 2229,-34.510513,-58.478029,Salas de Teatro
6,Buenos Aires,Vicente Lopez,Complejo Cultural Comunicanto,Bolivia 1590,-34.5374337,-58.5128869,Salas de Teatro
2,Ciudad Autónoma de Buenos Aires,Ciudad Autonoma de Buenos Aires,La Fábrica,Acevedo 768,-34.59540311,-58.43663057,Salas de Teatro
2,Ciudad Autónoma de Buenos Aires,Ciudad Autonoma de Buenos Aires,Arlequino,Adolfo Alsina 1484,-34.61115,-58.387238,Salas de Teatro
2,Ciudad Autónoma de Buenos Aires,Ciudad Autonoma de Buenos Aires,Teatro de la Fabula,Agüero  444,-34.604695,-58.411907,Salas de Teatro
2,Ciudad Autónoma de Buenos Aires,Ciudad Autonoma de Buenos Aires,Espacio Aguirre. Teatro y Escuela de Clown,Aguirre 1270,-34.590792,-58.442096,Salas de Teatro
2,Ciudad Autónoma de Buenos Aires,Ciudad Autonoma de Buenos Aires,Cine Teatro  Brown,Almirante Brown. Av. 1375,-34.636751,-58.358031,Salas de Teatro
2,Ciudad Autónoma de Buenos Aires,Ciudad Autonoma de Buenos Aires,El Brio Teatro,Alvarez Thomas. Av. 1582,-34.57877,-58.46425,Salas de Teatro
2,Ciudad Autónoma de Buenos Aires,Ciudad Autonoma de Buenos Aires,Machado Teatro,Antonio Machado 617,-34.60641,-58.4405,Salas de Teatro
2,Ciudad Autónoma de Buenos Aires,Ciudad Autonoma de Buenos Aires,Teatro Ganesha,Av.  Tte. Gral. Donato Álvarez 524,-34.6199401,-58.4572499,Salas de Teatro
2,Ciudad Autónoma de Buenos Aires,Ciudad Autonoma de Buenos Aires,Tercer Arco,Av. de Mayo  1158,-34.60928,-58.382848,Salas de Teatro
2,Ciudad Autónoma de Buenos Aires,Ciudad Autonoma de Buenos Aires,Espacio Templum,Ayacucho  318,-34.60563,-58.39518,Salas de Teatro
2,Ciudad Autónoma de Buenos Aires,Ciudad Autonoma de Buenos Aires,Aérea Teatro,Bartolomé Mitre 4272,-34.6105074,-58.4271424,Salas de Teatro
2,Ciudad Autónoma de Buenos Aires,Ciudad Autonoma de Buenos Aires,El Galpón de Catalinas,Benito Pérez Galdós 93,-34.629274,-58.358347,Salas de Teatro
2,Ciudad Autónoma de Buenos Aires,Ciudad Autonoma de Buenos Aires,Espacio de Teatro Boedo XXI,Boedo. Av. 853,-34.623255,-58.416291,Salas de Teatro
2,Ciudad Autónoma de Buenos Aires,Ciudad Autonoma de Buenos Aires,Teatro Pan y Arte,Boedo. Av. 880,-34.623585,-58.416252,Salas de Teatro
2,Ciudad Autónoma de Buenos Aires,Ciudad Autonoma de Buenos Aires,Teatro del Perro,Bonpland 800,-34.5902626,-58.4460856,Salas de Teatro
2,Ciudad Autónoma de Buenos Aires,Ciudad Autonoma de Buenos Aires,Asociación Israelita Argentina Pro Arte IFT,Boulogne Sur Mer 549,-34.60368,-58.40632,Salas de Teatro
2,Ciudad Autónoma de Buenos Aires,Ciudad Autonoma de Buenos Aires,Pompapetriyasos Teatro Comunitario,Brasil. Av. 2802,-34.6327715,-58.4031891,Salas de Teatro
2,Ciudad Autónoma de Buenos Aires,Ciudad Autonoma de Buenos Aires,Auditorio Cendas,Bulnes 1350,-34.596101,-58.416881,Salas de Teatro
2,Ciudad Autónoma de Buenos Aires,Ciudad Autonoma de Buenos Aires,La Huella Arte En Movimiento,Bulnes 892,-34.6011571,-58.41791773,Salas de Teatro
2,Ciudad Autónoma de Buenos Aires,Ciudad Autonoma de Buenos Aires,Centro Creativo Cabildo,Cabildo. Av. 4740,-34.541247,-58.474016,Salas de Teatro
2,Ciudad Autónoma de Buenos Aires,Ciudad Autonoma de Buenos Aires,La Mueca Teatro,Cabrera 4255,-34.59503,-58.42505,Salas de Teatro
2,Ciudad Autónoma de Buenos Aires,Ciudad Autonoma de Buenos Aires,Moscu Teatro,Camargo 506,-34.60055,-58.44001,Salas de Teatro
2,Ciudad Autónoma de Buenos Aires,Ciudad Autonoma de Buenos Aires,Páramo Cultural Teatro,Carlos Calvo 3974,-34.624869,-58.42156,Salas de Teatro
2,Ciudad Autónoma de Buenos Aires,Ciudad Autonoma de Buenos Aires,Animal,Castro 561,-34.6183667,-58.420731,Salas de Teatro
2,Ciudad Autónoma de Buenos Aires,Ciudad Autonoma de Buenos Aires,TAI Teatro (Teatro artes independientes),Charlone 1752,-34.58050078,-58.46662243,Salas de Teatro
2,Ciudad Autónoma de Buenos Aires,Ciudad Autonoma de Buenos Aires,El Popular,Chile 2080,-34.61729576,-58.39564353,Salas de Teatro
2,Ciudad Autónoma de Buenos Aires,Ciudad Autonoma de Buenos Aires,Delborde Espacio Teatral,Chile 630,-34.616102,-58.374942,Salas de Teatro
2,Ciudad Autónoma de Buenos Aires,Ciudad Autonoma de Buenos Aires,La Hormiga Teatro,Ciudad de La Paz 828,-34.57106863,-58.44707239,Salas de Teatro
2,Ciudad Autónoma de Buenos Aires,Ciudad Autonoma de Buenos Aires,Teatro Del Pasillo,Colombres 35,-34.611714,-58.419521,Salas de Teatro
2,Ciudad Autónoma de Buenos Aires,Ciudad Autonoma de Buenos Aires,Picadilly,Corrientes. Av. 1524,-34.604122,-58.388223,Salas de Teatro
2,Ciudad Autónoma de Buenos Aires,Ciudad Autonoma de Buenos Aires,Columbia Teatro,Corrientes. Av. 1537,-34.60405776,-58.3884873,Salas de Teatro
2,Ciudad Autónoma de Buenos Aires,Ciudad Autonoma de Buenos Aires,Auditorio Losada,Corrientes. Av. 1551,-34.604156,-58.388647,Salas de Teatro
2,Ciudad Autónoma de Buenos Aires,Ciudad Autonoma de Buenos Aires,Belisario Club de Cultura,Corrientes. Av. 1624,-34.604258,-58.389721,Salas de Teatro
2,Ciudad Autónoma de Buenos Aires,Ciudad Autonoma de Buenos Aires,Teatro Eureka,Corrientes. Av. 4269,-34.60273,-58.42502,Salas de Teatro
2,Ciudad Autónoma de Buenos Aires,Ciudad Autonoma de Buenos Aires,La Pausa Teatral,Corrientes. Av. 4521,-34.60227885,-58.42894207,Salas de Teatro
2,Ciudad Autónoma de Buenos Aires,Ciudad Autonoma de Buenos Aires,La Ratonera Cultural,Corrientes. Av. 5552,-34.596803,-58.442137,Salas de Teatro
2,Ciudad Autónoma de Buenos Aires,Ciudad Autonoma de Buenos Aires,Corrientes Azul,Corrientes. Av. 5965,-34.593571,-58.44555,Salas de Teatro
2,Ciudad Autónoma de Buenos Aires,Ciudad Autonoma de Buenos Aires,Teatro Taller El Grito,Costa Rica 5459,-34.583649,-58.433388,Salas de Teatro
2,Ciudad Autónoma de Buenos Aires,Ciudad Autonoma de Buenos Aires,Cirujismo espacio cultural,Dean Funes 1267,-34.625271,-58.405666,Salas de Teatro
2,Ciudad Autónoma de Buenos Aires,Ciudad Autonoma de Buenos Aires,Galpón F.A.C.E,Dean Funes 2142,-34.636474,-58.4043237,Salas de Teatro
2,Ciudad Autónoma de Buenos Aires,Ciudad Autonoma de Buenos Aires,Teatro El Damero,Dean Funes 506,-34.6164596,-58.40679529,Salas de Teatro
2,Ciudad Autónoma de Buenos Aires,Ciudad Autonoma de Buenos Aires,Oeste Usina Cultural,Del Barco Centenera 143,-34.621537,-58.441007,Salas de Teatro
2,Ciudad Autónoma de Buenos Aires,Ciudad Autonoma de Buenos Aires,Actors Studio Teatro,Diaz Velez 3842,-34.60862,-58.42049,Salas de Teatro
2,Ciudad Autónoma de Buenos Aires,Ciudad Autonoma de Buenos Aires,La Kermesse,Doctor Tomás Manuel de Anchorena 1347,-34.5939,-58.40564,Salas de Teatro
2,Ciudad Autónoma de Buenos Aires,Ciudad Autonoma de Buenos Aires,Espacio Crearte Escuela de Teatro,Don Bosco 4124,-34.61351945,-58.42370219,Salas de Teatro
2,Ciudad Autónoma de Buenos Aires,Ciudad Autonoma de Buenos Aires,Estudio los vidrios,Donado 2348,-34.5708154,-58.4772422,Salas de Teatro
2,Ciudad Autónoma de Buenos Aires,Ciudad Autonoma de Buenos Aires,Paternal Teatro,Dr. Nicolás Repetto 1556,-34.605255,-58.45214,Salas de Teatro
2,Ciudad Autónoma de Buenos Aires,Ciudad Autonoma de Buenos Aires,El Método Kairós Teatro,El Salvador 4530,-34.5907753,-58.4253557,Salas de Teatro
2,Ciudad Autónoma de Buenos Aires,Ciudad Autonoma de Buenos Aires,Abre Club de Arte,Elpidio González 2764,-34.60868,-58.48111,Salas de Teatro
2,Ciudad Autónoma de Buenos Aires,Ciudad Autonoma de Buenos Aires,Club de Trapecistas,Ferrari 252,-34.604197,-58.439528,Salas de Teatro
2,Ciudad Autónoma de Buenos Aires,Ciudad Autonoma de Buenos Aires,El Taller de Omar,Fitz Roy 1245,-34.5879424,-58.4407935,Salas de Teatro
2,Ciudad Autónoma de Buenos Aires,Ciudad Autonoma de Buenos Aires,Espacio Polonia,Fitz Roy 1477,-34.58609057,-58.43835167,Salas de Teatro
2,Ciudad Autónoma de Buenos Aires,Ciudad Autonoma de Buenos Aires,Espacio Cultural Fonrouge,Fonrouge 483,-34.6433208,-58.5109236,Salas de Teatro
2,Ciudad Autónoma de Buenos Aires,Ciudad Autonoma de Buenos Aires,Ventanas espacio teatral,Francisco Acuña de Figueroa 700,-34.602357,-58.422498,Salas de Teatro
2,Ciudad Autónoma de Buenos Aires,Ciudad Autonoma de Buenos Aires,La Tertulia,Gallo 826,-34.600006,-58.412243,Salas de Teatro
2,Ciudad Autónoma de Buenos Aires,Ciudad Autonoma de Buenos Aires,Casa Temenos,Gaona 1880,-34.61194525,-58.45440258,Salas de Teatro
2,Ciudad Autónoma de Buenos Aires,Ciudad Autonoma de Buenos Aires,Multiespacio Jxi,Gascón 1474,-34.593119,-58.42274,Salas de Teatro
2,Ciudad Autónoma de Buenos Aires,Ciudad Autonoma de Buenos Aires,Border,Godoy Cruz 1838,-34.58653,-58.43262,Salas de Teatro
2,Ciudad Autónoma de Buenos Aires,Ciudad Autonoma de Buenos Aires,Codigo Montesco,Gorriti 3956,-34.595414,-58.420619,Salas de Teatro
2,Ciudad Autónoma de Buenos Aires,Ciudad Autonoma de Buenos Aires,Entretelones,Gral. Enrique  Martinez 1427,-34.575161,-58.460766,Salas de Teatro
2,Ciudad Autónoma de Buenos Aires,Ciudad Autonoma de Buenos Aires,Teatro Beckett,Guardia Vieja 3556,-34.601927,-58.414809,Salas de Teatro
2,Ciudad Autónoma de Buenos Aires,Ciudad Autonoma de Buenos Aires,La vieja Guarida,Guardia Vieja 3777,-34.600989,-58.417374,Salas de Teatro
2,Ciudad Autónoma de Buenos Aires,Ciudad Autonoma de Buenos Aires,Casa teatro estudio,Guardia Vieja 4257,-34.600236,-58.42468,Salas de Teatro
2,Ciudad Autónoma de Buenos Aires,Ciudad Autonoma de Buenos Aires,Teatro Buenas Artes,Guatemala 4484,-34.58799,-58.42248,Salas de Teatro
2,Ciudad Autónoma de Buenos Aires,Ciudad Autonoma de Buenos Aires,Onirico,Guatemala 6084,-34.57656,-58.4369,Salas de Teatro
2,Ciudad Autónoma de Buenos Aires,Ciudad Autonoma de Buenos Aires,El Galpón de Guevara,Guevara 326,-34.58733,-58.4495051,Salas de Teatro
2,Ciudad Autónoma de Buenos Aires,Ciudad Autonoma de Buenos Aires,Club Defensores de Bravard,Gurruchaga 1113,-34.59283385,-58.43456023,Salas de Teatro
2,Ciudad Autónoma de Buenos Aires,Ciudad Autonoma de Buenos Aires,El Piso Teatro y Afines,Hidalgo 878,-34.608936,-58.441268,Salas de Teatro
2,Ciudad Autónoma de Buenos Aires,Ciudad Autonoma de Buenos Aires,Teatro Empire,Hipólito Yrigoyen 1934,-34.610452,-58.393846,Salas de Teatro
2,Ciudad Autónoma de Buenos Aires,Ciudad Autonoma de Buenos Aires,Medio Mundo Club de Arte,Hipólito Yrigoyen 2148,-34.610632,-58.396832,Salas de Teatro
2,Ciudad Autónoma de Buenos Aires,Ciudad Autonoma de Buenos Aires,Teatro Luisa Vehil,Hipólito Yrigoyen 3133,-34.611596,-58.410728,Salas de Teatro
2,Ciudad Autónoma de Buenos Aires,Ciudad Autonoma de Buenos Aires,La Tangente,Honduras 5317,-34.58659383,-58.43306191,Salas de Teatro
2,Ciudad Autónoma de Buenos Aires,Ciudad Autonoma de Buenos Aires,Espacio Callejón,Humahuaca 3759,-34.602285,-58.417322,Salas de Teatro
2,Ciudad Autónoma de Buenos Aires,Ciudad Autonoma de Buenos Aires,Teatro Mandril,Humberto Primo 2758,-34.62271,-58.40339,Salas de Teatro
2,Ciudad Autónoma de Buenos Aires,Ciudad Autonoma de Buenos Aires,La Galera,Humboldt 1591,-34.585725,-58.43633,Salas de Teatro
2,Ciudad Autónoma de Buenos Aires,Ciudad Autonoma de Buenos Aires,NoAvestruz Espacio de Cultura Independiente,Humboldt 1857,-34.583682,-58.434074,Salas de Teatro
2,Ciudad Autónoma de Buenos Aires,Ciudad Autonoma de Buenos Aires,Planta Investigación & Creación Transversal,Inclán 2661,-34.629999,-58.401681,Salas de Teatro
2,Ciudad Autónoma de Buenos Aires,Ciudad Autonoma de Buenos Aires,Circuito Cultural Barracas,Iriarte 2165,-34.649129,-58.377779,Salas de Teatro
2,Ciudad Autónoma de Buenos Aires,Ciudad Autonoma de Buenos Aires,La Carpinteria Teatro,Jean Jaures 858,-34.60042,-58.40759,Salas de Teatro
2,Ciudad Autónoma de Buenos Aires,Ciudad Autonoma de Buenos Aires,Gargantúa,Jorge Newbery 3563,-34.583449,-58.449094,Salas de Teatro
2,Ciudad Autónoma de Buenos Aires,Ciudad Autonoma de Buenos Aires,Nun Teatro Bar,Juan Ramirez de Velasco 419,-34.598946,-58.436123,Salas de Teatro
2,Ciudad Autónoma de Buenos Aires,Ciudad Autonoma de Buenos Aires,El Arenal Teatro SRL,Juan Ramirez de Velasco 444,-34.598861,-58.436318,Salas de Teatro
2,Ciudad Autónoma de Buenos Aires,Ciudad Autonoma de Buenos Aires,Savia Espacio Cultural Teatro,Jufré 127,-34.597816,-58.430256,Salas de Teatro
2,Ciudad Autónoma de Buenos Aires,Ciudad Autonoma de Buenos Aires,El Jufré Teatro Bar,Jufré 444,-34.595321,-58.432795,Salas de Teatro
2,Ciudad Autónoma de Buenos Aires,Ciudad Autonoma de Buenos Aires,El Opalo,Junín 380,-34.604836,-58.396757,Salas de Teatro
2,Ciudad Autónoma de Buenos Aires,Ciudad Autonoma de Buenos Aires,Teatro Quirón,La Plata 1331,-34.6308039,-58.4263727,Salas de Teatro
2,Ciudad Autónoma de Buenos Aires,Ciudad Autonoma de Buenos Aires,Cara a Cara,Lascano 2895,-34.606859,-58.485098,Salas de Teatro
2,Ciudad Autónoma de Buenos Aires,Ciudad Autonoma de Buenos Aires,Sala de Máquinas,Lavalle 1145,-34.6019357,-58.3702367,Salas de Teatro
2,Ciudad Autónoma de Buenos Aires,Ciudad Autonoma de Buenos Aires,El Portal,Lavalle 3073,-34.60254,-58.40928,Salas de Teatro
2,Ciudad Autónoma de Buenos Aires,Ciudad Autonoma de Buenos Aires,Espacio Sísmico,Lavalleja 960,-34.59766,-58.42939,Salas de Teatro
2,Ciudad Autónoma de Buenos Aires,Ciudad Autonoma de Buenos Aires,El Alambique,Lázaro Griveo 2350,-34.58076791,-58.49742633,Salas de Teatro
2,Ciudad Autónoma de Buenos Aires,Ciudad Autonoma de Buenos Aires,Espacio Teatral Los Andes,Leiva 4249,-34.59245,-58.4502,Salas de Teatro
2,Ciudad Autónoma de Buenos Aires,Ciudad Autonoma de Buenos Aires,El Excéntrico de la 18,Lerma 420,-34.594869,-58.431375,Salas de Teatro
2,Ciudad Autónoma de Buenos Aires,Ciudad Autonoma de Buenos Aires,Patio de Actores,Lerma 568,-34.593478,-58.432688,Salas de Teatro
2,Ciudad Autónoma de Buenos Aires,Ciudad Autonoma de Buenos Aires,Teatro Orfeo,Luis María Campos 1375,-34.56392,-58.442225,Salas de Teatro
2,Ciudad Autónoma de Buenos Aires,Ciudad Autonoma de Buenos Aires,Silencio de Negras,Luis Saenz Peña 663,-34.616338,-58.387486,Salas de Teatro
2,Ciudad Autónoma de Buenos Aires,Ciudad Autonoma de Buenos Aires,Fandango Teatro,Luis Viale 108,-34.60233,-58.44403,Salas de Teatro
2,Ciudad Autónoma de Buenos Aires,Ciudad Autonoma de Buenos Aires,Movaq Aquelarre en Movimiento,Malabia 852,-34.595737,-58.434774,Salas de Teatro
2,Ciudad Autónoma de Buenos Aires,Ciudad Autonoma de Buenos Aires,Espacio TBK . Teatro Buster Keaton,Manuel Trelles 2033,-34.604654,-58.465704,Salas de Teatro
2,Ciudad Autónoma de Buenos Aires,Ciudad Autonoma de Buenos Aires,Querida Elena,Margall 1124,-34.63084884,-58.36970429,Salas de Teatro
2,Ciudad Autónoma de Buenos Aires,Ciudad Autonoma de Buenos Aires,Teatro Taller del Ángel,Mario Bravo 1239,-34.595205,-58.414868,Salas de Teatro
2,Ciudad Autónoma de Buenos Aires,Ciudad Autonoma de Buenos Aires,Korinthio Teatro,Mario Bravo 437,-34.604988,-58.41686975,Salas de Teatro
2,Ciudad Autónoma de Buenos Aires,Ciudad Autonoma de Buenos Aires,Archibrazo,Mario Bravo 441,-34.60486,-58.41687,Salas de Teatro
2,Ciudad Autónoma de Buenos Aires,Ciudad Autonoma de Buenos Aires,El Tinglado,Mario Bravo 948,-34.59867,-58.41617,Salas de Teatro
2,Ciudad Autónoma de Buenos Aires,Ciudad Autonoma de Buenos Aires,El Camarín de las Musas,Mario Bravo 960,-34.598456,-58.416034,Salas de Teatro
2,Ciudad Autónoma de Buenos Aires,Ciudad Autonoma de Buenos Aires,Hasta Trilce,Maza 177,-34.6132726,-58.4163986,Salas de Teatro
2,Ciudad Autónoma de Buenos Aires,Ciudad Autonoma de Buenos Aires,La Maza Teatro,Maza 908,-34.622456,-58.4149164,Salas de Teatro
2,Ciudad Autónoma de Buenos Aires,Ciudad Autonoma de Buenos Aires,El Estepario,Medrano 484,-34.60527,-58.42126,Salas de Teatro
2,Ciudad Autónoma de Buenos Aires,Ciudad Autonoma de Buenos Aires,Puerta Medrano,Medrano 688,-34.60217751,-58.42096641,Salas de Teatro
2,Ciudad Autónoma de Buenos Aires,Ciudad Autonoma de Buenos Aires,Teatro La Ranchería,México 1152,-34.615334,-58.38237,Salas de Teatro
2,Ciudad Autónoma de Buenos Aires,Ciudad Autonoma de Buenos Aires,Teatro Calibán,Mexico 1428,-34.615503,-58.386326,Salas de Teatro
2,Ciudad Autónoma de Buenos Aires,Ciudad Autonoma de Buenos Aires,Teatro Timbre 4,México 3554,-34.61989929,-58.41594078,Salas de Teatro
2,Ciudad Autónoma de Buenos Aires,Ciudad Autonoma de Buenos Aires,El Desguace. Teatro y Almacén Cultural,México 3694,-34.619946,-58.418054,Salas de Teatro
2,Ciudad Autónoma de Buenos Aires,Ciudad Autonoma de Buenos Aires,Centro Latinoamericano de Creación e Investigación Teatral CELCIT,Moreno 431,-34.61123942,-58.3724569,Salas de Teatro
2,Ciudad Autónoma de Buenos Aires,Ciudad Autonoma de Buenos Aires,Mil80Teatro,Muñecas 1080,-34.5982567,-58.4485099,Salas de Teatro
2,Ciudad Autónoma de Buenos Aires,Ciudad Autonoma de Buenos Aires,Pasillo al Fondo,Muñiz 1288,-34.6290097,-58.4251203,Salas de Teatro
2,Ciudad Autónoma de Buenos Aires,Ciudad Autonoma de Buenos Aires,Chacarerean Teatre,Nicaragua 5565,-34.581963,-58.433161,Salas de Teatro
2,Ciudad Autónoma de Buenos Aires,Ciudad Autonoma de Buenos Aires,Tadron Teatro,Niceto Vega 4802,-34.592176,-58.431457,Salas de Teatro
2,Ciudad Autónoma de Buenos Aires,Ciudad Autonoma de Buenos Aires,Espacio Cultural Carlos Gardel,Olleros 3640,-34.58254,-58.4508,Salas de Teatro
2,Ciudad Autónoma de Buenos Aires,Ciudad Autonoma de Buenos Aires,Paraje Arteson,Palestina 919,-34.59992,-58.4252,Salas de Teatro
2,Ciudad Autónoma de Buenos Aires,Ciudad Autonoma de Buenos Aires,Teatro Andamio ´90,Paraná 660,-34.601087,-58.388081,Salas de Teatro
2,Ciudad Autónoma de Buenos Aires,Ciudad Autonoma de Buenos Aires,El Fino,Paraná 673,-34.600936,-58.388084,Salas de Teatro
2,Ciudad Autónoma de Buenos Aires,Ciudad Autonoma de Buenos Aires,Espacio Abierto,Pasaje Carabelas 255,-34.605438,-58.380288,Salas de Teatro
2,Ciudad Autónoma de Buenos Aires,Ciudad Autonoma de Buenos Aires,Teatro Picadero,Pasaje Enrique Santos Discépolo 1857,-34.603714,-58.393106,Salas de Teatro
2,Ciudad Autónoma de Buenos Aires,Ciudad Autonoma de Buenos Aires,Carlos Trigo,Pasaje La selva 4022,-34.637807,-58.482331,Salas de Teatro
2,Ciudad Autónoma de Buenos Aires,Ciudad Autonoma de Buenos Aires,Teatro Colonial,Paseo Colón 413,-34.61248,-58.369472,Salas de Teatro
2,Ciudad Autónoma de Buenos Aires,Ciudad Autonoma de Buenos Aires,Espacio Tole Tole Teatro,Pasteur 683,-34.60144,-58.39974,Salas de Teatro
2,Ciudad Autónoma de Buenos Aires,Ciudad Autonoma de Buenos Aires,La Fábrica de Explosiones,Pavón 4018,-34.630844,-58.420806,Salas de Teatro
2,Ciudad Autónoma de Buenos Aires,Ciudad Autonoma de Buenos Aires,Teatro Carnero,Pedro Lozano 4707,-34.6117967,-58.5127474,Salas de Teatro
2,Ciudad Autónoma de Buenos Aires,Ciudad Autonoma de Buenos Aires,Casa Pichincha,Pichincha 674,-34.61703,-58.39894,Salas de Teatro
2,Ciudad Autónoma de Buenos Aires,Ciudad Autonoma de Buenos Aires,La Máscara,Piedras 736,-34.616701,-58.377412,Salas de Teatro
2,Ciudad Autónoma de Buenos Aires,Ciudad Autonoma de Buenos Aires,Artilugio Teatro,Presidente Teniente General Juan DomingoPerón 4231,-34.605893,-58.4267365,Salas de Teatro
2,Ciudad Autónoma de Buenos Aires,Ciudad Autonoma de Buenos Aires,Auditorio San Rafael,Ramallo  2606,-34.543761,-58.474865,Salas de Teatro
2,Ciudad Autónoma de Buenos Aires,Ciudad Autonoma de Buenos Aires,MU  Trinchera Boutique,Riobamba 143,-34.607648,-58.393467,Salas de Teatro
2,Ciudad Autónoma de Buenos Aires,Ciudad Autonoma de Buenos Aires,El Bululú,Rivadavia. Av. 1350,-34.608741,-58.385566,Salas de Teatro
2,Ciudad Autónoma de Buenos Aires,Ciudad Autonoma de Buenos Aires,Sr. Duncan Multiespacio Cultural,Rivadavia. Av. 3832,-34.61136597,-58.42009662,Salas de Teatro
2,Ciudad Autónoma de Buenos Aires,Ciudad Autonoma de Buenos Aires,La Fragua Cultural,Rivadavia. Av. 4127,-34.61277,-58.42397,Salas de Teatro
2,Ciudad Autónoma de Buenos Aires,Ciudad Autonoma de Buenos Aires,El Vitral,Rodriguez Peña 344,-34.605032,-58.390811,Salas de Teatro
2,Ciudad Autónoma de Buenos Aires,Ciudad Autonoma de Buenos Aires,Mitad del Mundo,Rojas 470,-34.61553,-58.44368,Salas de Teatro
2,Ciudad Autónoma de Buenos Aires,Ciudad Autonoma de Buenos Aires,Teatro del Pueblo,Roque Sáenz Peña 943,-34.604467,-58.38022,Salas de Teatro
2,Ciudad Autónoma de Buenos Aires,Ciudad Autonoma de Buenos Aires,Roseti,Roseti 722,-34.58321,-58.4532,Salas de Teatro
2,Ciudad Autónoma de Buenos Aires,Ciudad Autonoma de Buenos Aires,Gallo Rojo Espacio Cultural,,-34.61092523,-58.3887254,Salas de Teatro
2,Ciudad Autónoma de Buenos Aires,Ciudad Autonoma de Buenos Aires,"Pequeño Espacio Teatral ""Saavedra""",,-34.61092523,-58.3887254,Salas de Teatro
2,Ciudad Autónoma de Buenos Aires,Ciudad Autonoma de Buenos Aires,Centro Cultural El Deseo,Saavedra 569,-34.61632676,-58.40289149,Salas de Teatro
2,Ciudad Autónoma de Buenos Aires,Ciudad Autonoma de Buenos Aires,Espacio Gadí,San Juan. Av.  3852,-34.62606824,-58.41950616,Salas de Teatro
2,Ciudad Autónoma de Buenos Aires,Ciudad Autonoma de Buenos Aires,Teatro Payro,San Martín 766,-34.599034,-58.374166,Salas de Teatro
2,Ciudad Autónoma de Buenos Aires,Ciudad Autonoma de Buenos Aires,El Portón de Sanchez,Sanchez de Bustamante 1034,-34.598782,-58.413459,Salas de Teatro
2,Ciudad Autónoma de Buenos Aires,Ciudad Autonoma de Buenos Aires,El Cuervo,Santiago del Estero 433,-34.613716,-58.384632,Salas de Teatro
2,Ciudad Autónoma de Buenos Aires,Ciudad Autonoma de Buenos Aires,Santos Dumont 4040,Santos Dumont 4040,-34.58865704,-58.44989365,Salas de Teatro
2,Ciudad Autónoma de Buenos Aires,Ciudad Autonoma de Buenos Aires,Teatro del Artefacto,Sarandí 760,-34.617806,-58.394502,Salas de Teatro
2,Ciudad Autónoma de Buenos Aires,Ciudad Autonoma de Buenos Aires,El Espión,Sarandi 766,-34.617877,-58.394499,Salas de Teatro
2,Ciudad Autónoma de Buenos Aires,Ciudad Autonoma de Buenos Aires,La Sede Teatro,Sarmiento 1495,-34.60533069,-58.38776061,Salas de Teatro
2,Ciudad Autónoma de Buenos Aires,Ciudad Autonoma de Buenos Aires,Teatro El Trompo,Sarmiento 3235,-34.606402,-58.4117,Salas de Teatro
2,Ciudad Autónoma de Buenos Aires,Ciudad Autonoma de Buenos Aires,Espacio Kabuki,Scalabrini Ortíz 276,-34.60001,-58.43914,Salas de Teatro
2,Ciudad Autónoma de Buenos Aires,Ciudad Autonoma de Buenos Aires,El Crisol,Scalabrini Ortíz 657,-34.5975,-58.43485,Salas de Teatro
2,Ciudad Autónoma de Buenos Aires,Ciudad Autonoma de Buenos Aires,Teatro Río Colorado,Segurola 2355,-34.614578,-58.505732,Salas de Teatro
2,Ciudad Autónoma de Buenos Aires,Ciudad Autonoma de Buenos Aires,Espacio Lavallen,Solís 1125,-34.62178,-58.39017,Salas de Teatro
2,Ciudad Autónoma de Buenos Aires,Ciudad Autonoma de Buenos Aires,Sala de Teatro Ana Frank,Superí 2639,-34.562875,-58.470815,Salas de Teatro
2,Ciudad Autónoma de Buenos Aires,Ciudad Autonoma de Buenos Aires,El Astrolabio Teatro,Terrero 1456,-34.61136,-58.46423,Salas de Teatro
2,Ciudad Autónoma de Buenos Aires,Ciudad Autonoma de Buenos Aires,Sportivo Teatral,Thames 1426,-34.589209,-58.432862,Salas de Teatro
2,Ciudad Autónoma de Buenos Aires,Ciudad Autonoma de Buenos Aires,Espacio 33,Treinta y Tres Orientales 1119,-34.62803652,-58.42253135,Salas de Teatro
2,Ciudad Autónoma de Buenos Aires,Ciudad Autonoma de Buenos Aires,Brilla Cordelia,Tte. Gral. Juan Domingo Perón 1926,-34.60697,-58.39391,Salas de Teatro
2,Ciudad Autónoma de Buenos Aires,Ciudad Autonoma de Buenos Aires,Habitar Gómez,Valentín Gómez 3155,-34.60510206,-58.41012817,Salas de Teatro
2,Ciudad Autónoma de Buenos Aires,Ciudad Autonoma de Buenos Aires,Teatro El Extranjero,Valentín Gómez 3380,-34.6052,-58.41302,Salas de Teatro
2,Ciudad Autónoma de Buenos Aires,Ciudad Autonoma de Buenos Aires,El Ghueto,Venezuela 1557,-34.6146,-58.38835,Salas de Teatro
2,Ciudad Autónoma de Buenos Aires,Ciudad Autonoma de Buenos Aires,Teatro Anfitrión,Venezuela 3340,-34.616624,-58.413346,Salas de Teatro
2,Ciudad Autónoma de Buenos Aires,Ciudad Autonoma de Buenos Aires,Caras y Caretas San Telmo,Venezuela 370,-34.61362,-58.371521,Salas de Teatro
2,Ciudad Autónoma de Buenos Aires,Ciudad Autonoma de Buenos Aires,Vera Vera Teatro,Vera 108,-34.602249,-58.434569,Salas de Teatro
2,Ciudad Autónoma de Buenos Aires,Ciudad Autonoma de Buenos Aires,Escuela de teatro musical y danzas Fundación Julio Bocca,Viamonte 575,-34.59896942,-58.37479,Salas de Teatro
2,Ciudad Autónoma de Buenos Aires,Ciudad Autonoma de Buenos Aires,La Soderia Espacio Artístico Fabril,Vidal 2549,-34.560078,-58.463903,Salas de Teatro
2,Ciudad Autónoma de Buenos Aires,Ciudad Autonoma de Buenos Aires,Teatro Espíritu Mamut,Warnes 616,-34.6012007,-58.44494929,Salas de Teatro
2,Ciudad Autónoma de Buenos Aires,Ciudad Autonoma de Buenos Aires,Felisberto Teatro,Yatay 112,-34.61302,-58.42854,Salas de Teatro
2,Ciudad Autónoma de Buenos Aires,Ciudad Autonoma de Buenos Aires,Abasto Social Club,Yatay 666,-34.60446876,-58.42899755,Salas de Teatro
2,Ciudad Autónoma de Buenos Aires,Ciudad Autonoma de Buenos Aires,La Gloria Espacio Teatral,Yatay 890,-34.60132,-58.42851,Salas de Teatro
2,Ciudad Autónoma de Buenos Aires,Ciudad Autonoma de Buenos Aires,Teatro Ciego,Zelaya 3006,-34.602008,-58.408181,Salas de Teatro
2,Ciudad Autónoma de Buenos Aires,Ciudad Autonoma de Buenos Aires,Asterion Teatro,Zelaya 3122,-34.60179,-58.40995,Salas de Teatro
2,Ciudad Autónoma de Buenos Aires,Ciudad Autonoma de Buenos Aires,Zelaya,Zelaya 3134,-34.6016,-58.41002,Salas de Teatro
6,Buenos Aires,Almirante Brown,Espacio Cultural Superarte,Belgrano 1705,-34.860612,-58.39204,Salas de Teatro
6,Buenos Aires,Ayacucho,La Casa del Teatro de Ayacucho,Rivadavia 854,-37.15616,-58.48813,Salas de Teatro
6,Buenos Aires,Azul,Espacio Cultural La Criba,Bogliano 628,-36.77636,-59.85552,Salas de Teatro
6,Buenos Aires,Azul,LA SALITA. Vivero Cultural Otoño Azul,Malere 567,-36.77624,-59.85746,Salas de Teatro
6,Buenos Aires,Bahía Blanca,Espacio Juanita Primera,Alvarado 818,-38.708315,-62.271273,Salas de Teatro
6,Buenos Aires,Bahía Blanca,Teatro Variette,Villarino 214,-38.72516,-62.26398,Salas de Teatro
6,Buenos Aires,Berazategui,Indigo,Calle 144 nº 1536,-34.76524,-58.21228,Salas de Teatro
6,Buenos Aires,San Carlos de Bolívar,Grupo Artecon Sala El Taller,Avellaneda 730,-36.228064,-61.111454,Salas de Teatro
6,Buenos Aires,Coronel Brandsen,Teatro El Viejo Rafiki,Magdalena Fait 442,-35.16007,-58.243312,Salas de Teatro
6,Buenos Aires,Chascomús,Mundo Gurrumin,Garay E/H.Yrigoyen y Machado,-35.57285,-58.00787,Salas de Teatro
6,Buenos Aires,Chivilcoy,El Chasqui  Chivilcoy,Gral. Rodriguez 70,-34.89426,-60.1747,Salas de Teatro
6,Buenos Aires,Chivilcoy,Sala grupo teatral Trac,Humberto Primo 48,-34.88878,-60.01283,Salas de Teatro
6,Buenos Aires,Chivilcoy,"Teatro ""La Cueva""",Rosetti 36,-34.893776,-60.01464,Salas de Teatro
6,Buenos Aires,Escobar,La Kalimba Espacio de Arte,Don Bosco 843,-34.35185165,-58.79164094,Salas de Teatro
6,Buenos Aires,Garín,La Fábrica Teatral,Cabildo 2076,-34.4327,-58.73211,Salas de Teatro
6,Buenos Aires,Esteban Echeverría,Espacio Teatral Canning,Coronel Vicente Dupuy 4600,-34.88113,-58.5008,Salas de Teatro
6,Buenos Aires,Monte Grande,La Pentalpha Teatro,Valentín Alsina 7,-34.82364,-58.46286,Salas de Teatro
6,Buenos Aires,Monte Grande,La Rueca Teatro,General Alvear 483,-34.815196,-58.45861,Salas de Teatro
6,Buenos Aires,Mar del Sur,Teatro del Sur,Calle 31 y Calle 102,-38.33893,-57.99656,Salas de Teatro
6,Buenos Aires,Miramar,Espacio Konstantin Teatro,Calle 36 741,-38.263985,-57.840354,Salas de Teatro
6,Buenos Aires,General Pinto,AlmaZen Teatro,Alberto Brown 448,-34.75889,-61.89089,Salas de Teatro
6,Buenos Aires,Mercedes,SABA  Centro de Arte,Calle 41 s/n,-34.65178,-59.43907,Salas de Teatro
6,Buenos Aires,Mar del Plata,Centro Cultural Dudu,25 de Mayo 3349,-37.99379,-57.55314,Salas de Teatro
6,Buenos Aires,Mar del Plata,Cuatro Elementos Espacio Teatral,Alberti 2746,-38.00603369,-57.55431667,Salas de Teatro
6,Buenos Aires,Mar del Plata,Colectivo Cultural A la Vuelta de la Esquina,Alberti 3723,-38.00097,-57.5641,Salas de Teatro
6,Buenos Aires,Mar del Plata,Teatro Estudio Re Fa Si,Av. Luro  2320,-38.000018,-57.543389,Salas de Teatro
6,Buenos Aires,Mar del Plata,El Séptimo Fuego,Bolívar 3675,-37.997103,-57.560309,Salas de Teatro
6,Buenos Aires,Mar del Plata,La Guarida,Entre Ríos 1964,-38.003568,-57.544548,Salas de Teatro
6,Buenos Aires,Mar del Plata,El Telón Teatro,España 1839,-37.996035,-57.557093,Salas de Teatro
6,Buenos Aires,Mar del Plata,La Maga Casa de Arte,Jujuy 1771,-37.99583014,-57.55561143,Salas de Teatro
6,Buenos Aires,Mar del Plata,El Galpón de las Artes,Jujuy 2755,-37.980037,-57.553684,Salas de Teatro
6,Buenos Aires,Mar del Plata,Liberart Espacio Cultural,Moreno 2742,-38.0012,-57.55031,Salas de Teatro
6,Buenos Aires,Mar del Plata,Teatro Hostel,Olavarría 2373,-38.010926,-57.539397,Salas de Teatro
6,Buenos Aires,Mar del Plata,Teatro del Angel,Rivadavia 2312,-38.001705,-57.544601,Salas de Teatro
6,Buenos Aires,Mar del Plata,Teatro Bar La Campana,Rivadavia 2336,-38.001569,-57.544848,Salas de Teatro
6,Buenos Aires,Mar del Plata,El Club del Teatro,Rivadavia 3422,-37.996008,-57.555841,Salas de Teatro
6,Buenos Aires,Mar del Plata,Teatro La Bancaria. Sala Arturo Jauretche,San Luis 2069,-38.001891,-57.550207,Salas de Teatro
6,Buenos Aires,General San Martin,Las 4 Plumas Club de Arte,Islas Malvinas 2982,-34.56486,-58.5421,Salas de Teatro
6,Buenos Aires,General San Martin,Entelar Espacio,Marengo 3294,-34.56052348,-58.54235185,Salas de Teatro
6,Buenos Aires,Junin,Sala Teatro de Títeres Cubana Argentina,Lavalle 1511,-34.57582,-60.9649,Salas de Teatro
6,Buenos Aires,La Matanza,Teatro La Cordura del Copete,Arieta  3694,-34.683536,-58.553731,Salas de Teatro
6,Buenos Aires,La Matanza,Travesía Teatro,El Macurú 162,-34.734772,-58.53196,Salas de Teatro
6,Buenos Aires,La Matanza,Teatro La Cochera,J L Larre 477,-34.769,-58.647,Salas de Teatro
6,Buenos Aires,La Matanza,Aluperan Artes de Circo,Viamonte 160,-34.64415221,-58.55825928,Salas de Teatro
6,Buenos Aires,Lanús,Casa Teatro El Correo,Carlos Gardel 178,-34.70935,-58.39391,Salas de Teatro
6,Buenos Aires,Lanús,Sur Teatral,Gobernador Bernardo de Irigoyen 410,-34.70585,-58.39737,Salas de Teatro
6,Buenos Aires,Lanús,La Fabrica Concert,Sarmiento 1710,-34.70562,-58.38791,Salas de Teatro
6,Buenos Aires,La Plata,La Merceria Teatro,Av. 1 n°210,-34.8984,-57.95788,Salas de Teatro
6,Buenos Aires,La Plata,Espacio 44. Laboratorio Crativo,Av. 44 nº 496,-34.908757,-57.953107,Salas de Teatro
6,Buenos Aires,La Plata,Casa Teatro El Altillo del Sur,Calle 1 nº 1693,-34.921134,-57.927461,Salas de Teatro
6,Buenos Aires,La Plata,El Sótano Club Cultural,Calle 10  967,-34.918699,-57.951523,Salas de Teatro
6,Buenos Aires,La Plata,Asociación amigos del taller de Teatro de la Universidad Nacional de la Plata,Calle 10 nº 1076,-34.919862,-57.949851,Salas de Teatro
6,Buenos Aires,La Plata,Centro Cultural El Escudo,Calle 10 nº 1373,-34.924128,-57.944093,Salas de Teatro
6,Buenos Aires,La Plata,VIL Teatro,Calle 11 nº 1884,-34.93351,-57.93361,Salas de Teatro
6,Buenos Aires,La Plata,Teatro Telon Negro,Calle 13 entre Calle 32 y Calle 33,-34.90653,-57.97458,Salas de Teatro
6,Buenos Aires,La Plata,Dynamo Teatro,Calle 17 N°1754,-34.93721,-57.94266,Salas de Teatro
6,Buenos Aires,La Plata,Teatro Estudio,Calle 3 nº 386,-34.903341,-57.956031,Salas de Teatro
6,Buenos Aires,La Plata,Teatro El Escape,Calle 4 nº 1143,-34.91502,-57.94277,Salas de Teatro
6,Buenos Aires,La Plata,Escenario 40 Teatro,Calle 40 n° 1180,-34.91821,-57.9716,Salas de Teatro
6,Buenos Aires,La Plata,Teatro La Nonna,Calle 47 n°395,-34.899658,-57.938696,Salas de Teatro
6,Buenos Aires,La Plata,La Lechuza,Calle 58 n° 757,-34.92209,-57.94714,Salas de Teatro
6,Buenos Aires,La Plata,Espacio Arte Vivo,Calle 58 nº 461,-34.916774,-57.941135,Salas de Teatro
6,Buenos Aires,La Plata,Teatro Abierto,Calle 63 N°407,-34.91981,-57.93433,Salas de Teatro
6,Buenos Aires,La Plata,Teatro Practico,Calle 63 n°487,-34.9212,-57.93587,Salas de Teatro
6,Buenos Aires,La Plata,La  Caterva de City Bell,Cantilo 471,-34.87025,-58.04547,Salas de Teatro
6,Buenos Aires,Las Flores,Espacio Teatral del Borde,Bernardo de Irigoyen 570,-36.01754494,-59.10043227,Salas de Teatro
6,Buenos Aires,Lincoln,Teatro G.i.d.i ( Grupo independiente para el desarrollo integral del niño y el adolescente),Avenida 9 de Julio 348,-34.87086,-61.526014,Salas de Teatro
6,Buenos Aires,Lomas de Zamora,Asociación Teatro de las Nobles Bestias,14 de Julio 142,-34.774483,-58.394079,Salas de Teatro
6,Buenos Aires,Lomas de Zamora,Jicara Teatro (Ex Galón de Diablomundo),Almirante Brown 3589,-34.778155,-58.391194,Salas de Teatro
6,Buenos Aires,Lomas de Zamora,Cultura del Sur,Avenida Meeks 1066,-34.77419,-58.39755,Salas de Teatro
6,Buenos Aires,Lomas de Zamora,Cultura Click,Avenida Meeks 1387,-34.7777,-58.39718,Salas de Teatro
6,Buenos Aires,Lomas de Zamora,Latitud Teatro,Laprida 2590,-34.7567,-58.43084,Salas de Teatro
6,Buenos Aires,Lomas de Zamora,El Nido,Manuel Castro 478,-34.75449,-58.40287,Salas de Teatro
6,Buenos Aires,Lomas de Zamora,Teatro de las Memorias,Sáenz 227,-34.758385,-58.399529,Salas de Teatro
6,Buenos Aires,Lujan,Teatro La Mariana,Francia 1051,-34.565054,-59.119548,Salas de Teatro
6,Buenos Aires,Lujan,Teatro del Galpón,General Belgrano eHipólito Irigoyen,-34.576502,-59.103423,Salas de Teatro
6,Buenos Aires,Mar Chiquita,TEATRO POQUELIN,Bariloche 210,-37.843183,-57.508942,Salas de Teatro
6,Buenos Aires,Merlo,Teatro Municipal de Merlo Enrique Santos Discépolo,Colón 600,-34.666791,-58.723326,Salas de Teatro
6,Buenos Aires,Morón,Sociedad Fomento de Castelar y Biblioteca Popular 9 de Julio,Almafuerte 2642,-37.39283705,-62.80509305,Salas de Teatro
6,Buenos Aires,Morón,Teatro El Baldio,Avenida Boulevard Finca 6577,-34.597956,-58.594958,Salas de Teatro
6,Buenos Aires,Morón,Cine Teatro Helios,Avenida Boulevard San Martin 3076,-34.604,-58.59276,Salas de Teatro
6,Buenos Aires,Olavarría,Punto de Giro,Maipú 3428,-36.88496,-60.32271,Salas de Teatro
6,Buenos Aires,Carmen de Patagones,El Caldero Sala Teatral Espacio Autónomo,Patagonia 277,-40.809835,-62.980832,Salas de Teatro
6,Buenos Aires,Pehuajó,Lo de Oscar,Goyena 474,-35.81732,-61.90549,Salas de Teatro
6,Buenos Aires,Pehuajó,Teatro Independiente de Pehuajó TIP,Varela 558,-35.807363,-61.899635,Salas de Teatro
6,Buenos Aires,Pergamino,HIPÓCRITAS TEATRO UNDER,Avenida Colón 10,-33.887176,-60.578398,Salas de Teatro
6,Buenos Aires,Pergamino,Habemus Theatrum,Jujuy 227,-33.893452,-60.562279,Salas de Teatro
6,Buenos Aires,Quilmes,Teatro Municipal de Quilmes,Avenida Mitre 721,-34.7225129,-58.2532387,Salas de Teatro
6,Buenos Aires,Quilmes,Multicultural Don Bosco,Belgrano 280,-34.7126,-58.28012,Salas de Teatro
6,Buenos Aires,Quilmes,Casa de Arte Doña Rosa,Colón 279,-34.71818,-58.25809,Salas de Teatro
6,Buenos Aires,Ramallo,Teatro Ramallo,Sarmiento 1127,-33.49906,-60.066602,Salas de Teatro
6,Buenos Aires,Rauch,Candilejas,Sarmiento 53,-36.77781532,-59.08712447,Salas de Teatro
6,Buenos Aires,Pigué,El REFUGIO TEATRO,General Urquiza 584,-37.60771,-62.40389,Salas de Teatro
6,Buenos Aires,Saladillo,LAM TEATRO,12 de Octubre 3402-3500,-35.638443,-59.783407,Salas de Teatro
6,Buenos Aires,Saladillo,Comedia de Saladillo,Moreno 2999,-35.639482,-59.779096,Salas de Teatro
6,Buenos Aires,Victoria,Teatro Martín Fierro,Pasteur 1415,-34.451109,-58.546942,Salas de Teatro
6,Buenos Aires,Martínez,Espacio Teatral Rocha,Catamarca 1371,-34.489342,-58.521908,Salas de Teatro
6,Buenos Aires,San Isidro,Piropearte Espacio de Arte,Liniers 365,-34.46797,-58.52427,Salas de Teatro
6,Buenos Aires,San Miguel,Teatro Estudio More Altamirano,Las Heras 1298,-34.547519,-58.706345,Salas de Teatro
6,Buenos Aires,San Miguel,Teatro La Herrería,Sarmiento 2000,-34.53919,-58.71779,Salas de Teatro
6,Buenos Aires,San Nicolás de los Arroyos,"Espacio Artístico Independiente ""Ágora""",Almafuerte 275,-33.336687,-60.212178,Salas de Teatro
6,Buenos Aires,San Pedro,Cuarta Pared,Almafuerte e Independencia,-33.68481,-59.66651,Salas de Teatro
6,Buenos Aires,Tandil,Club de Teatro,Chacabuco 517,-37.327031,-59.136421,Salas de Teatro
6,Buenos Aires,Tandil,Teatro  Bajosuelo Tandil,General Rodríguez 457,-37.32826,-59.13556,Salas de Teatro
6,Buenos Aires,Tigre,Circo de las Artes,Av. San Martin 151,-34.42107,-58.58303,Salas de Teatro
6,Buenos Aires,Trenque Lauquen,Taller Actoral Henderson. Sala Beto Blanco,,-35.97469516,-62.73230997,Salas de Teatro
6,Buenos Aires,Tres de Febrero,El Bardio Teatro,Boulevard Finca 6577,-34.59732372,-58.59369,Salas de Teatro
6,Buenos Aires,Tres de Febrero,La Brújula al Oeste,Padre Elizalde 181,-34.63813,-58.54236,Salas de Teatro
6,Buenos Aires,25 De Mayo,Multiespacio de Arte,Calle 24 1482,-35.435209,-60.179515,Salas de Teatro
6,Buenos Aires,Vicente Lopez,La Choza de Padilla,B. de Yrigoyen 535,-34.5428792,-58.5012039,Salas de Teatro
6,Buenos Aires,Vicente Lopez,Teatro de Repertorio del Norte,Carlos Francisco Melo 1756,-34.531007,-58.483264,Salas de Teatro
6,Buenos Aires,Vicente Lopez,Teatro In,Talcahuano 671,-34.5483908,-58.5151535,Salas de Teatro
6,Buenos Aires,Villa Gesell,Casa de la Cultura de Villa Gesell,Av.3 nº 874,-37.261334,-56.972229,Salas de Teatro
6,Buenos Aires,Villa Gesell,La Casa de los Artistas,Av.a 5 y 127 (bis),-37.275716,-56.986865,Salas de Teatro
10,Catamarca,San Fernando del Valle de Catamarca,La Ramona sala teatral y espacio cultural,Rojas 414,-28.46438,-65.78126,Salas de Teatro
14,Córdoba,Cordoba,Espacio Centralia,27 de abril 370,-31.415624,-64.189533,Salas de Teatro
14,Córdoba,Cordoba,Bataclana Espacio Cultural,Arturo M. Bas 1083,-31.42575,-64.19732,Salas de Teatro
14,Córdoba,Cordoba,Teatro La Brújula,Bernardino Rivadavia 1452,-31.401712,-64.176216,Salas de Teatro
14,Córdoba,Cordoba,Espacio Tres 51,Félix Robin Ferreyra 2932,-31.39893,-64.182129,Salas de Teatro
14,Córdoba,Cordoba,Teatro La Cochera,Fructuoso Rivera 541,-31.424356,-64.196107,Salas de Teatro
14,Córdoba,Cordoba,La Llave,Gauss. Av. 5730,-31.3560984,-64.2506558,Salas de Teatro
14,Córdoba,Cordoba,Graciela Carena,Gral. Alvear 157,-31.41509,-64.18066,Salas de Teatro
14,Córdoba,Cordoba,Teatro La Calle,Gral. Bustos 1000,-31.399984,-64.192143,Salas de Teatro
14,Córdoba,Cordoba,Escenia Teatro,Hipólito Yrigoyen 464,-31.42571541,-64.18626833,Salas de Teatro
14,Córdoba,Cordoba,La Chacarita,Jacinto Ríos 1449,-31.400745,-64.170861,Salas de Teatro
14,Córdoba,Cordoba,La Casa del Títere,La Rioja 800,-31.408084,-64.193411,Salas de Teatro
14,Córdoba,Cordoba,La Máscara,La Rioja 836,-31.40794497,-64.19356194,Salas de Teatro
14,Córdoba,Cordoba,DocumentA/Escénicas,Lima 364,-31.413987,-64.177754,Salas de Teatro
14,Córdoba,Cordoba,La Balsa,Mariano Fragueiro 395,-31.40871886,-64.19194583,Salas de Teatro
14,Córdoba,Cordoba,Teatro El Cuenco,Mendoza 2063,-31.3900853,-64.18933883,Salas de Teatro
14,Córdoba,Cordoba,Medida x Medida,Montevideo 870,-31.418668,-64.198189,Salas de Teatro
14,Córdoba,Cordoba,La Nave Escénica,Ovidio Lagos 578,-31.41205,-64.17321,Salas de Teatro
14,Córdoba,Cordoba,Alquimia,Padre Claret. Av. 5033,-31.35221,-64.23718,Salas de Teatro
14,Córdoba,Cordoba,Espacio Blick,Pasaje Agustín Perez 11,-31.40557,-64.17768,Salas de Teatro
14,Córdoba,Cordoba,Teatro La Luna,Pasaje Escuti 915,-31.39893,-64.182129,Salas de Teatro
14,Córdoba,Cordoba,Espacio Cirulaxia,Pasaje Garibaldi 12,-31.40558,-64.1778,Salas de Teatro
14,Córdoba,Cordoba,Quinto Deva,Pasaje Pérez 10,-31.404772,-64.180855,Salas de Teatro
14,Córdoba,Cordoba,La Caracola,Pasaje Ramón Escuti 846,-31.41341,-64.21249,Salas de Teatro
14,Córdoba,Cordoba,Espacio Ramona,Perú 766,-31.427106,-64.19918924,Salas de Teatro
14,Córdoba,Cordoba,Casa Laberinto,Santa Rosa 210,-31.411751,-64.185552,Salas de Teatro
14,Córdoba,Cordoba,María Castaña,Tucuman 260,-31.41186568,-64.18677598,Salas de Teatro
14,Córdoba,Río Ceballos,Labeba Teatro,Brown 293,-31.1672929,-64.3232999,Salas de Teatro
14,Córdoba,San Marcos Sierras,Teatro El Anfibio,Mariano Moreno 502,-30.78119764,-64.63951439,Salas de Teatro
14,Córdoba,Villa María,Teatro La Panadería,José Ingenieros y Salta,-32.405716,-63.246665,Salas de Teatro
14,Córdoba,Villa María,El Globo Rojo Club de Arte,Mitre 633,-32.41639611,-63.24339867,Salas de Teatro
14,Córdoba,General Cabrera,El Horno,Bv. Fangio 530,-32.8143156,-63.8675596,Salas de Teatro
14,Córdoba,Cosquin,Teatro Alma Encantada,Pedro Ortiz  781,-31.242413,-64.462608,Salas de Teatro
14,Córdoba,Villa Giardino,La Nogalera,Av. San Martín 357,-31.50513,-64.495785,Salas de Teatro
14,Córdoba,Río Cuarto,Centro Cultural El Mascaviento,Avenida Marconi 727,-33.116188,-64.352792,Salas de Teatro
14,Córdoba,Río Cuarto,Las Hijas de Susú,Belgrano 462,-33.12448,-64.3437,Salas de Teatro
14,Córdoba,Villa del Rosario,Teatro Vivir la Vida,San Juan 1035,-31.54956545,-63.5363528,Salas de Teatro
14,Córdoba,Mina Clavero,La Casa de Los Titiriteros,Ruta 14 Y Alonso Rossel,-31.716912,-64.995843,Salas de Teatro
14,Córdoba,Alta Gracia,Sala Solares,España 60,-31.65843,-64.43379,Salas de Teatro
14,Córdoba,Río Tercero,El panal galpón cultural,Avenida España y Ginastera,-32.18195,-64.10477,Salas de Teatro
18,Corrientes,Corrientes,SALA LA TRAVIATTA,General Paz 350,-27.476863,-58.847779,Salas de Teatro
18,Corrientes,Corrientes,Teatro de la Ciudad,Pasaje Villanueva 1470,-27.471226,-58.839584,Salas de Teatro
18,Corrientes,Corrientes,Sala de Teatro de la Biblioteca Mariño,Santa Fe 847,-27.467556,-58.830498,Salas de Teatro
18,Corrientes,Goya,Teatro Vocacional Candilejas,San Martín 470,-29.140108,-59.262765,Salas de Teatro
18,Corrientes,Monte Caseros,TEATRO RAÍCES,Libertador. Av. 317,-30.251705,-57.645099,Salas de Teatro
18,Corrientes,Paso de Los Libres,El Escaparate,Coronel Reguera 1474,-29.70857,-57.09399,Salas de Teatro
18,Corrientes,Paso de los Libres,SALA SARMIENTO. Biblioteca Popular Sarmiento,,-29.71169986,-57.0877441,Salas de Teatro
22,Chaco,Roque Saenz Peña,Sala Septiembre,Calle 1 nº y 8,-26.794208,-60.440201,Salas de Teatro
22,Chaco,Roque Saenz Peña,La Usina,Ruta 16 Frente Politécnica Juan XXIII (Colectora Sur),-26.800862,-60.459282,Salas de Teatro
22,Chaco,Charata,TEATRO EL GALPON,Pasaje Taco Medina s/n,-27.114871,-61.303525,Salas de Teatro
22,Chaco,Villa Angela,DAMOSALA,Juan B.Justo y Sarmiento,-27.57942189,-60.70946096,Salas de Teatro
22,Chaco,San Bernardo,La Estiga de San Bernardo,San Lorenzo 643,-27.294841,-60.674965,Salas de Teatro
22,Chaco,Resistencia,Artes del Movimiento,A. J. J. Castelli 191,-27.45905,-58.99195,Salas de Teatro
22,Chaco,Resistencia,Sala 88,French 845,-27.447474,-58.975622,Salas de Teatro
22,Chaco,Resistencia,Centro Cultural Galatea,Mendoza 590,-27.45197114,-58.99774798,Salas de Teatro
22,Chaco,Resistencia,La Mascara Teatro,Posadas 76,-27.445712,-58.990841,Salas de Teatro
26,Chubut,Puerto Madryn,Teatro de la Rosada,Paulina Escardo 187,-42.7610105,-65.0382034,Salas de Teatro
26,Chubut,Puerto Madryn,El Galpón de la Escalera,San Martín 894,-42.77471554,-65.03436782,Salas de Teatro
26,Chubut,Lago Puelo,Teatro Casero,Callejón del Tiempo s/n,-42.03118,-71.58789,Salas de Teatro
26,Chubut,Comodoro Rivadavia,Infinito Espacio Urbano,Mitre 989,-45.86016,-67.4829,Salas de Teatro
26,Chubut,Comodoro Rivadavia,Teatro Astra,Simeon Savino 1120,-45.87595537,-67.51466223,Salas de Teatro
26,Chubut,Esquel,Tercera llamada,Alvear 1324,-42.91012,-71.31921,Salas de Teatro
26,Chubut,Esquel,La Juntadera,Urquiza 254,-42.911515,-71.30942,Salas de Teatro
26,Chubut,Gaiman,El Fondo Espacio de Arte,San Lorenzo 57,-43.285767,-65.508497,Salas de Teatro
26,Chubut,Trelew,El Rayo Verde,Ameghino 113,-43.251946,-65.31585,Salas de Teatro
26,Chubut,Trelew,La Podestá Territorio de Arte,Scalabrini Ortíz 707,-43.26072,-65.31773,Salas de Teatro
30,Entre Ríos,Colón,Teatro Alas,Rocamora 547,-32.218294,-58.147865,Salas de Teatro
30,Entre Ríos,Villa Elisa,Centro Cultural La Fragua,Hector De Elía 1489,-32.163136,-58.402789,Salas de Teatro
30,Entre Ríos,Concordia,Teatro La Cigarrera,Av. San Lorenzo 206,-31.385937,-58.011793,Salas de Teatro
30,Entre Ríos,Chajari,Centro Cultural Desde el Pie,Sarmiento 2863,-30.76044095,-57.98040522,Salas de Teatro
30,Entre Ríos,Gualeguay,Liebre de Marzo,25 de Mayo 1465,-33.134307,-59.315784,Salas de Teatro
30,Entre Ríos,Gualeguaychú,Sinergia Teatral,Pasteur 369,-33.015046,-58.531679,Salas de Teatro
30,Entre Ríos,Gualeguaychú,Eutopia,San José 168,-33.00614,-58.5118,Salas de Teatro
30,Entre Ríos,Nogoyá,Asociación Cultural Nogoyá,Centenario 930,-32.399216,-59.78774,Salas de Teatro
30,Entre Ríos,Crespo,PULSIÓN. Estudio de Formación Artística,Ramírez. Av. 877,-32.027436,-60.308593,Salas de Teatro
30,Entre Ríos,Paraná,Teatro Callejón,Alameda de la Federacion 453,-31.72318148,-60.53327934,Salas de Teatro
30,Entre Ríos,Paraná,Escuela del Bardo,Almafuerte 104,-31.743779,-60.516676,Salas de Teatro
30,Entre Ríos,Paraná,Sala Saltimbanquis,Feliciano 546,-31.7423038,-60.5272773,Salas de Teatro
30,Entre Ríos,Paraná,La Salita de Peron 648,Pte. Juan Domingo Perón 648,-31.74315,-60.524872,Salas de Teatro
30,Entre Ríos,Paraná,Arandú Espacio de Arte,Racedo 289,-31.74275425,-60.53083484,Salas de Teatro
30,Entre Ríos,Paraná,Arteatro,Tucumán 378,-31.7259998,-60.53335388,Salas de Teatro
30,Entre Ríos,Viale,Sala Abarajala,9 de Julio 323,-31.873515,-60.012107,Salas de Teatro
30,Entre Ríos,Rosario del Tala,Sala Municipal de Teatro Mónica Pesse,Centenario y 25 de Mayo,-32.302673,-59.141678,Salas de Teatro
30,Entre Ríos,Victoria,Agrupación Cultural Victoria,Italia 474,-32.622129,-60.156001,Salas de Teatro
30,Formosa,Comandante Fontana,EL GALPON DE ARLEQUIN,,-25.33479347,-59.68280719,Salas de Teatro
34,Formosa,Formosa,La Mandinga Espacio Cultural,Dean Funes 35,-26.175399,-58.171963,Salas de Teatro
34,Formosa,Formosa,LOS GREGORIANOS,Ayacucho 171,-26.1886,-58.1636,Salas de Teatro
38,Jujuy,Perico,Estación Perico,Alberdi 165,-24.376908,-65.117935,Salas de Teatro
38,Jujuy,San Salvador de Jujuy,"Sala de Teatro ""Sueños Intactos""",Carahuasi casi esq. Guerrero,-24.25007,-65.25966,Salas de Teatro
38,Jujuy,San Salvador de Jujuy,Teatro El Pasillo,José de la Iglesia 1190,-24.190855,-65.304716,Salas de Teatro
38,Jujuy,San Salvador de Jujuy,La Mar en Coche,Puna 173,-24.20670043,-65.27913168,Salas de Teatro
38,Jujuy,Palpala,El galpón de los sueños,Alfonsina Storni S/n,-24.24549,-65.21771,Salas de Teatro
38,Jujuy,Tilcara,CApEC Sala Barbarita Cruz,Belgrano 547,-23.57713,-65.393876,Salas de Teatro
38,Jujuy,Tilcara,Espacio Cultural y teatral Red Mote,Costanera Norte e/Vvillafañe y Bolívar,-23.57431,-65.39495,Salas de Teatro
42,La Pampa,Santa Rosa,Teatro A.T.T.P. (Asoc. Trab. Tro Pampeano),Bolivia 1286,-36.631161,-64.298925,Salas de Teatro
42,La Pampa,Intendente Alvear,La Quimera Cultura y Arte,Carlos Pellegrini 837,-35.232865,-63.599186,Salas de Teatro
46,La Rioja,25 de Mayo Sur,Kanoa de Papel,Olsacher 2280,-29.43724299,-66.85487509,Salas de Teatro
46,La Rioja,La Rioja,Sala Cultural Mis Viejos,9 De Julio 395,-29.41829,-66.85454,Salas de Teatro
46,La Rioja,La Rioja,El Teatrino espacio de teatro independiente,Almirante G. Brown,-29.4222076,-66.88134418,Salas de Teatro
50,Mendoza,Mendoza,Teatro Selectro,Capitán Fragata Moyano 102,-32.901,-68.84359,Salas de Teatro
50,Mendoza,Mendoza,Teatro Las Sillas,Chile 1754,-32.882165,-68.844003,Salas de Teatro
50,Mendoza,Mendoza,Teatro Cajamarca,España 1767,-32.882535,-68.839994,Salas de Teatro
50,Mendoza,Mendoza,Proyecto EQT,Francisco de la Reta 1343,-32.885164,-68.823676,Salas de Teatro
50,Mendoza,Mendoza,El Taller Centro Cultural,Granaderos 1964,-32.877784,-68.854722,Salas de Teatro
50,Mendoza,Mendoza,El Galpón Espacio Cultural,Hudson 250,-32.8661311,-68.8363402,Salas de Teatro
50,Mendoza,Mendoza,Enko Sala,San Juan 1469,-32.915967,-68.849784,Salas de Teatro
50,Mendoza,Mendoza,Teatro Tajamar,San Martin 1921,-32.88054,-68.83635,Salas de Teatro
50,Mendoza,Mendoza,Teatro La Compañía,San Martín 2494,-32.87364023,-68.83496761,Salas de Teatro
50,Mendoza,General Alvear,Escuela de Teatro María Delia Achetoni,Bernardo de Irigoyen 224,-34.98054,-67.69196,Salas de Teatro
50,Mendoza,Godoy Cruz,La Colombina,Balcarce 220,-32.922676,-68.842187,Salas de Teatro
50,Mendoza,Luján de Cuyo,Chacras para Todos. Teatro Leonardo Favio,Viamonte 5446,-32.98612,-68.88232,Salas de Teatro
50,Mendoza,Rivadavia,Salón Cultural,Presidente Perón 48,-33.180128,-68.453437,Salas de Teatro
54,Misiones,Apostoles,Sala Narass,Salta 55,-27.908954,-55.750271,Salas de Teatro
54,Misiones,Posadas,Sala Tempo,3 de Febrero 1916,-27.368409,-55.890737,Salas de Teatro
54,Misiones,Posadas,Centro Artístico Mandové Pedrozo,Beethoven 1762,-27.362137,-55.900875,Salas de Teatro
54,Misiones,Posadas,Espacio Reciclado,Misiones 3040,-27.397721,-55.89344,Salas de Teatro
54,Misiones,Posadas,Asociación Civil Grupo de la Estación,Pedro Méndez 171,-27.376595,-55.895325,Salas de Teatro
54,Misiones,Posadas,Galpón de la Murga de la Estación,Pedro Méndez 2260,-27.376156,-55.900361,Salas de Teatro
54,Misiones,Posadas,Arte Uno,San Martín 1644,-27.36618508,-55.89184337,Salas de Teatro
54,Misiones,El Dorado,Salón Eibl,San Martin 3248,-26.408566,-54.588217,Salas de Teatro
54,Misiones,El Dorado,Teatro del Pueblo,Santiago de Liniers 2559,-26.399919,-54.626812,Salas de Teatro
54,Misiones,Puerto Iguazú,La Cabaña de los Muñecos,Avenida Tres Fronteras 434,-25.5966802,-54.5832036,Salas de Teatro
54,Misiones,Puerto Iguazú,LA CASITA UP!,Horacio Quiroga 534,-25.60845,-54.57043,Salas de Teatro
54,Misiones,Puerto Iguazú,La Barcasa,Km 5 Barrio Orquideas-Franja,-25.60104312,-54.57673688,Salas de Teatro
54,Misiones,Puerto Rico,Teatro de los Cajones,Asunción 16,-26.813167,-55.022234,Salas de Teatro
54,Misiones,Montecarlo,Vortix Espacio Creativo Independiente,Avenida Libertador y Rivadavia,-26.56617649,-54.76142674,Salas de Teatro
54,Misiones,San Javier,SALA DEL RIO,Plaza Los Jesuitas s/n,-27.869495,-55.138697,Salas de Teatro
58,Neuquén,Neuquen,Espacio Cultural Amuc,Av. Argentina 1515,-38.93906392,-68.05882735,Salas de Teatro
58,Neuquén,Neuquen,Ámbito Histrion,Chubut 240,-38.9577318,-68.0547902,Salas de Teatro
58,Neuquén,Neuquen,El Arrimadero,Misiones 234,-38.95760676,-68.06330681,Salas de Teatro
58,Neuquén,Neuquen,Sala Teatristas Neuquinos Asociados Te.Ne.As,O. Leguizamon 1701,-38.97901131,-68.06815624,Salas de Teatro
58,Neuquén,Neuquen,DERIVA TEATRO,Sarmiento 841,-38.9570066,-68.0715615,Salas de Teatro
58,Neuquén,Neuquen,Araca Teatro,Villegas 90,-38.95450314,-68.04795384,Salas de Teatro
58,Neuquén,Plottier,El Zaguan Cine Teatro,Av.San Martín 239,-38.95134,-68.225931,Salas de Teatro
58,Neuquén,San Martín de los Andes,Piccolo Teatro Espacio de Arte,Elordi 976,-40.15798,-71.347185,Salas de Teatro
62,Río Negro,Viedma,Teatro El Tubo,Belgrano 747,-40.810097,-62.996775,Salas de Teatro
62,Río Negro,Luis Beltran,Teatro El Galpón,Saavedra 78,-39.308712,-65.76469,Salas de Teatro
62,Río Negro,El Bolson,Sala Eguer Puerto del Centro Cultural Galeano,Onelli 2871,-41.96461,-71.53694,Salas de Teatro
62,Río Negro,El Bolson,Sala Ave Fenix,Valle Nuevo 16,-41.973714,-71.53971,Salas de Teatro
62,Río Negro,San Carlos De Bariloche,Teatro Estación Araucania,Av Ezequiel Bustillo 11500,-41.10843,-71.434082,Salas de Teatro
62,Río Negro,San Carlos De Bariloche,Sala de Teatro Social El Brote,Beschtedt 568,-41.13800712,-71.30345821,Salas de Teatro
62,Río Negro,San Carlos De Bariloche,Espacio Arte Bariloche,Campichuelo 1197,-41.143185,-71.320418,Salas de Teatro
62,Río Negro,San Carlos De Bariloche,Teatro Biblioteca Sarmiento,Mitre 10,-41.133447,-71.309711,Salas de Teatro
62,Río Negro,San Carlos De Bariloche,Teatro Paico,Paico 617,-41.159585,-71.336025,Salas de Teatro
62,Río Negro,San Carlos De Bariloche,Espacio MOMA,Traful 210,-41.12871,-71.35389,Salas de Teatro
62,Río Negro,Cipolletti,Espacio Pueblarte,Chile 855,-38.93365348,-67.98825515,Salas de Teatro
62,Río Negro,Cipolletti,La Caja Mágica Teatro,Mariano Moreno 354,-38.932942,-68.005011,Salas de Teatro
62,Río Negro,General Roca,Teatro de la Estación,9 de Julio 929,-38.938614,-67.988056,Salas de Teatro
62,Río Negro,General Roca,Club de Arte El Biombo,Cnel. Rodhe 1464,-39.03318645,-67.58631281,Salas de Teatro
62,Río Negro,Villa Regina,La Hormiga Circular,9 de Julio 124,-38.936302,-67.999332,Salas de Teatro
62,Río Negro,Rio Colorado,Quetrén Quetrén,San Martín 550,-38.995703,-64.095559,Salas de Teatro
62,Río Negro,Rio Colorado,Teatro de la Barda,Sarmiento 473,-39.383416,-64.716242,Salas de Teatro
66,Salta,Salta,Sala Mitad del Pasillo,Alvarado 147,-24.791565,-65.403331,Salas de Teatro
66,Salta,Salta,Sala Raúl Gainza,Alvear 384,-24.784716,-65.418984,Salas de Teatro
66,Salta,Salta,Salón Auditorium Dr. Rafael Villagrán,Av. Belgrano 1349,-24.786495,-65.421158,Salas de Teatro
66,Salta,Salta,El Teatrino,Latorre 1211,-24.77317,-65.417911,Salas de Teatro
66,Salta,Salta,La Ventolera,O' Higgins 585,-24.77609,-65.40942,Salas de Teatro
70,San Juan,San Juan,Sala Biblioteca Franklin,Laprida 63,-31.5356,-68.52503,Salas de Teatro
70,San Juan,San Juan,Sala Z,Pedro Echagüe Oeste 451,-31.53094,-68.53323,Salas de Teatro
70,San Juan,Trinidad,El Avispero Escenica,Entre Rios 1566,-31.552487,-68.525361,Salas de Teatro
70,San Juan,Villa Krause,Espacio Cultural Franklin,Entre Ríos Sur 1116,-31.547534,-68.526257,Salas de Teatro
70,San Juan,Rivadavia,Espacio Teatral TeSTíteres en Serio,Juan B. Justo Sur 335,-31.532358,-68.571099,Salas de Teatro
74,San Luis,Villa Mercedes,La Oveja Negra Teatro,Ardiles 199,-33.681958,-65.460506,Salas de Teatro
74,San Luis,Villa Mercedes,Teatro las blancas,Avenida del Sol 676,-32.34649537,-65.00352946,Salas de Teatro
74,San Luis,Villa Mercedes,El Bochinche Multiespacio Cultural,San Martín 1515,-33.666123,-65.457058,Salas de Teatro
74,San Luis,Villa Mercedes,Teatro Independiente Mercedes T.I.M.,San Martín 466,-33.685077,-65.463121,Salas de Teatro
74,San Luis,Merlo,Teatro Chimango,Poeta Conti 832,-32.342373,-65.009956,Salas de Teatro
74,San Luis,Merlo,Centro Amigos de Merlo,Becerra 540,-32.345084,-65.13249,Salas de Teatro
74,San Luis,Merlo,Escenativa teatro,El colmenar y Las camelias S/N,-32.325482,-65.008455,Salas de Teatro
74,San Luis,San Luis,Teatro Estudio Arte Atalaya y Carlos Mora,9 de Julio 1431,-33.6560316,-65.4529141,Salas de Teatro
74,San Luis,San Luis,La Papelería,Junín 1535,-33.30316,-66.34548,Salas de Teatro
78,Santa Cruz,Comandante Luis Piedrabuena,Complejo Cultural Fes.Te.Sa. Sala Select,Avenida Gregorio Ibáñez 157,-49.98577,-68.90987,Salas de Teatro
78,Santa Cruz,Caleta Olivia,Los 4 Vientos,Deocarets y Felipe Varela,-46.437332,-67.526104,Salas de Teatro
78,Santa Cruz,Rio Gallegos,Sala del Obispado,Errazuriz 53,-51.65,-69.583333,Salas de Teatro
78,Santa Cruz,El Calafate,Plazakoon,Firmo Alfredo Vigil,-50.34967,-72.29414,Salas de Teatro
78,Santa Cruz,El Calafate,LibélulaSur,Pasaje 115,-50.34934,-72.25803,Salas de Teatro
82,Santa Fe,Rafaela,Teatro B.cJuan Lasserre,Bv. Lhemann 228,-31.250573,-61.491306,Salas de Teatro
82,Santa Fe,Venado Tuerto,Galpón Del Arte,Chacabuco 1071,-33.749037,-61.968673,Salas de Teatro
82,Santa Fe,Venado Tuerto,Teatro Malandra,Colón 785,-33.74122,-61.97014,Salas de Teatro
82,Santa Fe,Santa Fe,Asociación Cultural Teatro de la Abadía,Estanislao Zeballos 3074,-31.604108,-60.700978,Salas de Teatro
82,Santa Fe,Santa Fe,MABA ESPACIO CULTURAL,José María Pérez 823,-31.66316466,-60.72206079,Salas de Teatro
82,Santa Fe,Santa Fe,El Retablo Sala Cultural,Moreno 2441,-31.655056,-60.707209,Salas de Teatro
82,Santa Fe,Santa Fe,La 3068,San Martín 3068,-31.64053,-60.7047,Salas de Teatro
82,Santa Fe,Humboldt,Sala Tiro Federal,Santois Viann s/n,-31.40092106,-61.08255157,Salas de Teatro
82,Santa Fe,Rosario,La Escalera,9 de julio 324,-32.955687,-60.629144,Salas de Teatro
82,Santa Fe,Rosario,Tandava,9 de Julio 754,-32.95466305,-60.63534777,Salas de Teatro
82,Santa Fe,Rosario,La Grieta. Cultura sin moño,Centeno 1738,-32.98316,-60.65674,Salas de Teatro
82,Santa Fe,Rosario,Teatro Caras y Caretas,Corrientes 1518,-32.954383,-60.644575,Salas de Teatro
82,Santa Fe,Rosario,Sala La Sonrisa de Beckett,Entre Rios 1051,-32.94923,-60.64169,Salas de Teatro
82,Santa Fe,Rosario,Cultural de Abajo,Entre Ríos 599,-32.943367,-60.640374,Salas de Teatro
82,Santa Fe,Rosario,Instituto de Artes Escénicas. IDAE,Entre Ríos 840,-32.94640878,-60.64112083,Salas de Teatro
82,Santa Fe,Rosario,Club Fosse Teatro Concert,Falucho 278,-32.925197,-60.670634,Salas de Teatro
82,Santa Fe,Rosario,Teatro del Rayo,Salta 2991,-32.934757,-60.662491,Salas de Teatro
82,Santa Fe,Rosario,Teatro La Manzana,San Juan 1950,-32.948033,-60.650917,Salas de Teatro
82,Santa Fe,Rosario,Centro de Estudios Teatrales  CET,San Juan 842,-32.950779,-60.635537,Salas de Teatro
82,Santa Fe,Rosario,Odiseo Teatro,San Lorenzo 1329,-32.9438119,-60.6409352,Salas de Teatro
82,Santa Fe,Rosario,Teatro La Morada,San Martín 771,-32.946395,-60.636696,Salas de Teatro
82,Santa Fe,Rosario,Espacio Bravo,Santiago 150,-32.93562877,-60.65413413,Salas de Teatro
82,Santa Fe,Rosario,Teatro Arteon,Sarmiento 778,-32.946182,-60.638166,Salas de Teatro
82,Santa Fe,San Jorge,El Galpón Espacio Cultural,Eva Perón 1932,-31.895377,-61.857745,Salas de Teatro
86,Santiago del Estero,La Banda,Atelier Cultural,Av. Cmte. Besares y Garay,-27.73456,-64.23741,Salas de Teatro
86,Santiago del Estero,La Banda,La Comedia Bandeña,,-27.73390636,-64.23896099,Salas de Teatro
86,Santiago del Estero,Santiago del Estero,Observatorio,Av. Independencia 1665,-27.80452,-64.24305,Salas de Teatro
86,Santiago del Estero,Santiago del Estero,Sala Teatral ADATISE,Av. Libertad 175,-27.785247,-64.257393,Salas de Teatro
86,Santiago del Estero,Santiago del Estero,Hercules Espacio de artes escenicas,Hércules Occhiuzzi 376,-27.79064721,-64.26227413,Salas de Teatro
86,Santiago del Estero,Santiago del Estero,Superstars,Patagonia 613,-27.77953,-64.26112,Salas de Teatro
86,Santiago del Estero,Santiago del Estero,FOCUS Sala Teatral,Posadas 96,-27.80641,-64.25083,Salas de Teatro
86,Santiago del Estero,Santiago del Estero,Teatro La Casa,San Lorenzo 2723,-27.801362,-64.2572227,Salas de Teatro
86,Santiago del Estero,Frías,La Casa de Pocha Ramos,La Rioja e Irigoyen,-28.64181,-65.12663,Salas de Teatro
86,Santiago del Estero,Añatuya,Sala Teatral Auditórium del Centro Cultural Monseñor Jorge Gottau,Dr.Stemberg e/25 de Mayo y Alvear,-28.46185,-62.834,Salas de Teatro
90,Tucumán,San Miguel de Tucuman,Galpón 20.99,25 de Mayo 2081,-26.802685,-65.197945,Salas de Teatro
90,Tucumán,San Miguel de Tucuman,Teatro de La Paz,9 de Julio 162,-26.833182,-65.205109,Salas de Teatro
90,Tucumán,San Miguel de Tucuman,Casa Luján,Cornelio Saavedra 74,-26.823342,-65.233514,Salas de Teatro
90,Tucumán,San Miguel de Tucuman,La Veleta Cultural,Crisóstomo 124,-26.83363664,-65.19950317,Salas de Teatro
90,Tucumán,San Miguel de Tucuman,Sala CiTá Abasto de Cultura,Gral. Lamadrid 1457,-26.834167,-65.221099,Salas de Teatro
90,Tucumán,San Miguel de Tucuman,Tole Tole,Higueritas 1850,-26.80426973,-65.2935921,Salas de Teatro
90,Tucumán,San Miguel de Tucuman,Casa Dumit,Italia 536,-26.8155376,-65.2016268,Salas de Teatro
90,Tucumán,San Miguel de Tucuman,La Sodería,Juan Posse 1141,-26.808285,-65.21759,Salas de Teatro
90,Tucumán,San Miguel de Tucuman,Ross Sala Teatral,Laprida 135,-26.829585,-65.202697,Salas de Teatro
90,Tucumán,San Miguel de Tucuman,El Atelier,Mate de Luna 2930,-26.8233407,-65.2415587,Salas de Teatro
90,Tucumán,San Miguel de Tucuman,Sala Luis Franco 1 y 2,Mendoza 240,-26.790811,-65.190248,Salas de Teatro
90,Tucumán,San Miguel de Tucuman,La Gloriosa,San Luis 836,-26.839954,-65.219655,Salas de Teatro
90,Tucumán,El Cadillal,Teatro Armando Díaz El Cadillal,El Lago s/n,-26.63254443,-65.20574083,Salas de Teatro
94,"Tierra del Fuego, Antártida e Islas del Atlántico Sur",Río Grande,Tierra de Teatro,Dr. Albert Schweitzer 1335,-53.791358,-67.727106,Salas de Teatro
94,"Tierra del Fuego, Antártida e Islas del Atlántico Sur",Río Grande,Dionisio teatro,El Alambrador 853,-53.806469,-67.680832,Salas de Teatro
94,"Tierra del Fuego, Antártida e Islas del Atlántico Sur",Ushuaia,Teatro del Hain,12 de Octubre 1013,-54.815655,-68.340729,Salas de Teatro
94,"Tierra del Fuego, Antártida e Islas del Atlántico Sur",Ushuaia,Onírico Sur,San Martín 788,-54.807514,-68.30878,Salas de Teatro
2,Ciudad Autónoma de Buenos Aires,Ciudad Autonoma de Buenos Aires,Sala Siranush,Armenia 1366,-34.59179,-58.43077,Salas de Teatro
2,Ciudad Autónoma de Buenos Aires,Ciudad Autonoma de Buenos Aires,La Trastienda,Balcarce 460,-34.613088,-58.370655,Salas de Teatro
2,Ciudad Autónoma de Buenos Aires,Ciudad Autonoma de Buenos Aires,CPM MULTIESCENA,Corrientes. Av.  1764,-34.6045168,-58.3916872,Salas de Teatro
2,Ciudad Autónoma de Buenos Aires,Ciudad Autonoma de Buenos Aires,Brodway,Corrientes. Av. 1155,-34.603782,-58.383024,Salas de Teatro
2,Ciudad Autónoma de Buenos Aires,Ciudad Autonoma de Buenos Aires,Lola Membrives,Corrientes. Av. 1280,-34.603893,-58.384833,Salas de Teatro
2,Ciudad Autónoma de Buenos Aires,Ciudad Autonoma de Buenos Aires,Multiteatro,Corrientes. Av. 1283,-34.603895,-58.384891,Salas de Teatro
2,Ciudad Autónoma de Buenos Aires,Ciudad Autonoma de Buenos Aires,Metropolitan Suran,Corrientes. Av. 1343,-34.6036693,-58.38583938,Salas de Teatro
2,Ciudad Autónoma de Buenos Aires,Ciudad Autonoma de Buenos Aires,Teatro Astral,Corrientes. Av. 1639,-34.604281,-58.389952,Salas de Teatro
2,Ciudad Autónoma de Buenos Aires,Ciudad Autonoma de Buenos Aires,Paseo La Plaza / Pablo Neruda,Corrientes. Av. 1660,-34.60440912,-58.39021118,Salas de Teatro
2,Ciudad Autónoma de Buenos Aires,Ciudad Autonoma de Buenos Aires,Teatro La Casona,Corrientes. Av. 1975,-34.604493,-58.39493,Salas de Teatro
2,Ciudad Autónoma de Buenos Aires,Ciudad Autonoma de Buenos Aires,MULTITABARIS,Corrientes. Av. 831,-34.6034105,-58.3785724,Salas de Teatro
2,Ciudad Autónoma de Buenos Aires,Ciudad Autonoma de Buenos Aires,Gran Rex,Corrientes. Av. 857,-34.603535,-58.37886,Salas de Teatro
2,Ciudad Autónoma de Buenos Aires,Ciudad Autonoma de Buenos Aires,Teatro Opera,Corrientes. Av. 860,-34.603538,-58.378887,Salas de Teatro
2,Ciudad Autónoma de Buenos Aires,Ciudad Autonoma de Buenos Aires,Teatro El Nacional Sancor Seguros,Corrientes. Av. 960,-34.60375476,-58.38029299,Salas de Teatro
2,Ciudad Autónoma de Buenos Aires,Ciudad Autonoma de Buenos Aires,Teatro Coliseo,Marcelo T. de Alvear 1125,-34.596838,-58.383032,Salas de Teatro
2,Ciudad Autónoma de Buenos Aires,Ciudad Autonoma de Buenos Aires,Teatro Regina Tsu,Santa Fe. Av.  1235,-34.595608,-58.384785,Salas de Teatro
2,Ciudad Autónoma de Buenos Aires,Ciudad Autonoma de Buenos Aires,Auditorio de Belgrano,Virrey Loreto 2348,-34.567015,-58.449685,Salas de Teatro
6,Buenos Aires,Avellaneda,Teatro Colonial,Mitre. Av. 141,-34.6584408,-58.371641,Salas de Teatro
6,Buenos Aires,Bahía Blanca,Teatro Gran Plaza,Alsina 170,-38.7170741,-62.263014,Salas de Teatro
6,Buenos Aires,Bahía Blanca,Don Bosco Teatro,Rondeau 117,-38.718485,-62.270806,Salas de Teatro
6,Buenos Aires,Mar del Plata,Teatro Corrientes,Corrientes 1760,-38.001485,-57.544276,Salas de Teatro
6,Buenos Aires,Mar del Plata,TEATRIZ CLUB,Diagonal Pueyrredón 3338,-37.9985415,-57.5509346,Salas de Teatro
6,Buenos Aires,Mar del Plata,Teatro Victoria,Rivadavia 2380,-38.0014915,-57.5454487,Salas de Teatro
6,Buenos Aires,Mar del Plata,Radio City Art Center Roxy Melany,San Luis 1750,-37.999363,-57.548131,Salas de Teatro
6,Buenos Aires,Ituzaingo,Teatro Gran Ituzaingo,Mariano Acosta 55,-34.660665,-58.667006,Salas de Teatro
6,Buenos Aires,Lanús,Teatro Carlos Gardel,Pte. Perón 3730,-34.666948,-58.415031,Salas de Teatro
6,Buenos Aires,La Plata,TEATRO METRO,Calle 4 entre 51 y 53,-34.9132851,-57.9447909,Salas de Teatro
6,Buenos Aires,La Plata,El Teatro Bar. Sala Café concert,Calle 43 nº 632,-34.91051,-57.95703,Salas de Teatro
6,Buenos Aires,La Plata,Teatro Opera,Calle 58 nº 773,-34.922422,-57.947442,Salas de Teatro
6,Buenos Aires,Lomas de Zamora,El Gutiérrez  Casa Taller,Aráoz 681,-34.73525,-58.40441,Salas de Teatro
6,Buenos Aires,Lomas de Zamora,Teatro Coliseo Lomas,España 55,-34.761443,-58.399714,Salas de Teatro
6,Buenos Aires,Morón,TEATRO MORON,Nuestra Señora del Buen Viaje 851,-34.6516007,-58.620511,Salas de Teatro
6,Buenos Aires,Quilmes,Cervantes Quilmes,Rivadavia 125,-34.723686,-58.260068,Salas de Teatro
6,Buenos Aires,San Isidro,Teatro Auditórium San Isidro / Centro Cultural San Isidro,Avenida Libertador 16138,-34.468281,-58.509063,Salas de Teatro
6,Buenos Aires,San Isidro,Teatro Stella Maris,Chacabuco Martin Y Omar 399,-34.470241,-58.509511,Salas de Teatro
6,Buenos Aires,Tigre,Teatro Nini Marshall,Peru 1401,-34.420104,-58.574356,Salas de Teatro
14,Córdoba,Santa Rosa de Calamuchita,Cine Teatro Deportivo Italiano,Mendoza 13,-32.0712852,-64.5373073,Salas de Teatro
14,Córdoba,Cordoba,Quality Espacio,Cruz Roja Argentina 200,-31.44396,-64.19568,Salas de Teatro
30,Entre Ríos,Gualeguay,Teatro Italia Gualeguay,Islas Malvinas 131,-33.15095853,-59.31502806,Salas de Teatro
42,La Pampa,Santa Rosa,Teatro Español,Hilario Lagos 44,-36.618865,-64.289873,Salas de Teatro
58,Neuquén,Neuquen,Teatro SOSUNC (Obra Social de la Universidad Nacional del Comahue),Argentina. Av. 1273,-38.94096559,-68.05857772,Salas de Teatro
62,Río Negro,Cinco Saltos,Sala Hugo del Carril. Est. Ferrocarril,Primera Junta Y Belgrano,-38.933374,-67.997196,Salas de Teatro
78,Santa Cruz,Caleta Olivia,CeMePa,Bárbara Serrano e Independencia,-46.44594923,-67.5251565,Salas de Teatro
78,Santa Cruz,Rio Gallegos,Teatro Municipal Héctor Marinero,San Martín Nº 800,-51.62343308,-69.21724916,Salas de Teatro
2,Ciudad Autónoma de Buenos Aires,Ciudad Autonoma de Buenos Aires,Centro Cultural Paco Urondo,25 de Mayo 201,-34.60524,-58.37088,Salas de Teatro
2,Ciudad Autónoma de Buenos Aires,Ciudad Autonoma de Buenos Aires,Espacio LTK,Acevedo 1029,-34.59376,-58.43369,Salas de Teatro
2,Ciudad Autónoma de Buenos Aires,Ciudad Autonoma de Buenos Aires,Usina del Arte,Agustin R. Caffarena 1,-34.62884,-58.35695,Salas de Teatro
2,Ciudad Autónoma de Buenos Aires,Ciudad Autonoma de Buenos Aires,Teatro Verdi,Almirante Brown  736,-34.631369,-58.361869,Salas de Teatro
2,Ciudad Autónoma de Buenos Aires,Ciudad Autonoma de Buenos Aires,Granate,Alvarez Thomas. Av. 1529,-34.57838,-58.46347,Salas de Teatro
2,Ciudad Autónoma de Buenos Aires,Ciudad Autonoma de Buenos Aires,Sala Mahmoud Reda,Anchorena 364,-34.60573,-58.41111,Salas de Teatro
2,Ciudad Autónoma de Buenos Aires,Ciudad Autonoma de Buenos Aires,Conventillo Cultural Abasto,Anchorena 575,-34.60297,-58.40982,Salas de Teatro
2,Ciudad Autónoma de Buenos Aires,Ciudad Autonoma de Buenos Aires,Laboratorio Marte,Arévalo 1473,-34.58302922,-58.4426081,Salas de Teatro
2,Ciudad Autónoma de Buenos Aires,Ciudad Autonoma de Buenos Aires,El Gato Viejo,Av.  Del Libertador 405,-34.58821,-58.3803,Salas de Teatro
2,Ciudad Autónoma de Buenos Aires,Ciudad Autonoma de Buenos Aires,Teatro Avenida,Av. de Mayo   1222,-34.609204,-58.38372,Salas de Teatro
2,Ciudad Autónoma de Buenos Aires,Ciudad Autonoma de Buenos Aires,Garrick Arte,Avellaneda. Av. 1359,-34.61919,-58.45099,Salas de Teatro
2,Ciudad Autónoma de Buenos Aires,Ciudad Autonoma de Buenos Aires,Estudio 84,Avellaneda. Av. 84,-34.61148,-58.43128,Salas de Teatro
2,Ciudad Autónoma de Buenos Aires,Ciudad Autonoma de Buenos Aires,Teatro Mario Soffici,Bartolomé Mitre 1149,-34.60739,-58.382743,Salas de Teatro
2,Ciudad Autónoma de Buenos Aires,Ciudad Autonoma de Buenos Aires,La Mansión Fabrica de Arte,Bartolomé Mitre 1192,-34.60750675,-58.38335346,Salas de Teatro
2,Ciudad Autónoma de Buenos Aires,Ciudad Autonoma de Buenos Aires,Carlos Carella,Bartolomé Mitre 970,-34.607228,-58.380331,Salas de Teatro
2,Ciudad Autónoma de Buenos Aires,Ciudad Autonoma de Buenos Aires,Del Cic,Benjamin Matienzo 2571,-34.5742,-58.44126,Salas de Teatro
2,Ciudad Autónoma de Buenos Aires,Ciudad Autonoma de Buenos Aires,Cine Teatro San Pedro,Bermudez 2052,-34.619648,-58.509296,Salas de Teatro
2,Ciudad Autónoma de Buenos Aires,Ciudad Autonoma de Buenos Aires,Luna Park,Bouchard 465,-34.602802,-58.368947,Salas de Teatro
2,Ciudad Autónoma de Buenos Aires,Ciudad Autonoma de Buenos Aires,EIT29 Estudio Integral de Teatro,Bulnes 638,-34.60408751,-58.4182728,Salas de Teatro
2,Ciudad Autónoma de Buenos Aires,Ciudad Autonoma de Buenos Aires,Plaza Islas Malvinas,Caboto y Arzobispo Espinosa,-34.62712,-58.36143,Salas de Teatro
2,Ciudad Autónoma de Buenos Aires,Ciudad Autonoma de Buenos Aires,Hotel Bauen,Callao. Av.  360,-34.604954,-58.392242,Salas de Teatro
2,Ciudad Autónoma de Buenos Aires,Ciudad Autonoma de Buenos Aires,Jardin Japones,Casares. Av.  2966,-34.574502,-58.407801,Salas de Teatro
2,Ciudad Autónoma de Buenos Aires,Ciudad Autonoma de Buenos Aires,El Jugador Espacio Teatral,Castillo 1170,-34.59012,-58.43955,Salas de Teatro
2,Ciudad Autónoma de Buenos Aires,Ciudad Autonoma de Buenos Aires,Redes Club de Circo,Castillo 447,-34.59593,-58.43369,Salas de Teatro
2,Ciudad Autónoma de Buenos Aires,Ciudad Autonoma de Buenos Aires,Teatro Colón,Cerrito  618,-34.601216,-58.382378,Salas de Teatro
2,Ciudad Autónoma de Buenos Aires,Ciudad Autonoma de Buenos Aires,Tango Porteño,Cerrito 570,-34.601766,-58.382338,Salas de Teatro
2,Ciudad Autónoma de Buenos Aires,Ciudad Autonoma de Buenos Aires,Circo del Aire,Chacabuco 629,-34.61543423,-58.3761203,Salas de Teatro
2,Ciudad Autónoma de Buenos Aires,Ciudad Autonoma de Buenos Aires,Teatro Ángel Guimerá,Chacabuco 863,-34.6181178,-58.3759359,Salas de Teatro
2,Ciudad Autónoma de Buenos Aires,Ciudad Autonoma de Buenos Aires,Margarita Xirgu,Chacabuco 875,-34.618271,-58.375862,Salas de Teatro
2,Ciudad Autónoma de Buenos Aires,Ciudad Autonoma de Buenos Aires,Espacio Punto Arte,Cnel Esteban Bonorino  274,-34.63113,-58.45819,Salas de Teatro
2,Ciudad Autónoma de Buenos Aires,Ciudad Autonoma de Buenos Aires,Galpón B,Cochabamba 2536,-34.625,-58.40089,Salas de Teatro
2,Ciudad Autónoma de Buenos Aires,Ciudad Autonoma de Buenos Aires,Escuela de Formación Actoral EFA,Cochabamba 370,-34.623007,-58.370788,Salas de Teatro
2,Ciudad Autónoma de Buenos Aires,Ciudad Autonoma de Buenos Aires,El Laberinto del Cíclope,Combate de los Pozos 550,-34.61545494,-58.39309801,Salas de Teatro
2,Ciudad Autónoma de Buenos Aires,Ciudad Autonoma de Buenos Aires,Dandelión,Córdoba. Av. 2429,-34.599431,-58.401505,Salas de Teatro
2,Ciudad Autónoma de Buenos Aires,Ciudad Autonoma de Buenos Aires,Buenavía Estudio,Córdoba. Av. 4773,-34.59292692,-58.43190772,Salas de Teatro
2,Ciudad Autónoma de Buenos Aires,Ciudad Autonoma de Buenos Aires,El Muererío Teatro,Córdoba. Av. 5520,-34.58803665,-58.43967422,Salas de Teatro
2,Ciudad Autónoma de Buenos Aires,Ciudad Autonoma de Buenos Aires,Teatro Regio,Córdoba. Av. 6056,-34.584145,-58.445692,Salas de Teatro
2,Ciudad Autónoma de Buenos Aires,Ciudad Autonoma de Buenos Aires,Parque Los Andes,Corrientes y Dorrego,-34.59173,-58.44759,Salas de Teatro
2,Ciudad Autónoma de Buenos Aires,Ciudad Autonoma de Buenos Aires,Apolo,Corrientes. Av. 1372,-34.60399,-58.386148,Salas de Teatro
2,Ciudad Autónoma de Buenos Aires,Ciudad Autonoma de Buenos Aires,Teatro Municipal General San Martín (TGSM),Corrientes. Av. 1530,-34.60413,-58.388314,Salas de Teatro
2,Ciudad Autónoma de Buenos Aires,Ciudad Autonoma de Buenos Aires,Teatro Liberarte Bodega Cultural,Corrientes. Av. 1555,-34.604161,-58.388708,Salas de Teatro
2,Ciudad Autónoma de Buenos Aires,Ciudad Autonoma de Buenos Aires,Cine Teatro Premier,Corrientes. Av. 1565,-34.604174,-58.388859,Salas de Teatro
2,Ciudad Autónoma de Buenos Aires,Ciudad Autonoma de Buenos Aires,El Porteño,Corrientes. Av. 1630,-34.604267,-58.389808,Salas de Teatro
2,Ciudad Autónoma de Buenos Aires,Ciudad Autonoma de Buenos Aires,Espacio Artístico Colette,Corrientes. Av. 1642,-34.60479,-58.39022,Salas de Teatro
2,Ciudad Autónoma de Buenos Aires,Ciudad Autonoma de Buenos Aires,Teatro Alvear,Corrientes. Av. 1659,-34.604314,-58.390241,Salas de Teatro
2,Ciudad Autónoma de Buenos Aires,Ciudad Autonoma de Buenos Aires,Paseo La Plaza / Alfonsina Storni,Corrientes. Av. 1660,-34.60440912,-58.39021118,Salas de Teatro
2,Ciudad Autónoma de Buenos Aires,Ciudad Autonoma de Buenos Aires,Paseo La Plaza / Julio Cortazar A,Corrientes. Av. 1660,-34.60440912,-58.39021118,Salas de Teatro
2,Ciudad Autónoma de Buenos Aires,Ciudad Autonoma de Buenos Aires,Paseo La Plaza / Julio Cortazar B,Corrientes. Av. 1660,-34.60440912,-58.39021118,Salas de Teatro
2,Ciudad Autónoma de Buenos Aires,Ciudad Autonoma de Buenos Aires,Paseo La Plaza / Pablo Picasso,Corrientes. Av. 1660,-34.604314,-58.390241,Salas de Teatro
2,Ciudad Autónoma de Buenos Aires,Ciudad Autonoma de Buenos Aires,The Cavern Buenos Aires,Corrientes. Av. 1660,-34.60434,-58.39018,Salas de Teatro
2,Ciudad Autónoma de Buenos Aires,Ciudad Autonoma de Buenos Aires,Centro Cultural Ricardo Rojas,Corrientes. Av. 2038,-34.604511,-58.395846,Salas de Teatro
2,Ciudad Autónoma de Buenos Aires,Ciudad Autonoma de Buenos Aires,Teatro Bar El Juvenil,Corrientes. Av. 4534,-34.60251362,-58.42916182,Salas de Teatro
2,Ciudad Autónoma de Buenos Aires,Ciudad Autonoma de Buenos Aires,Astros,Corrientes. Av. 746,-34.603447,-58.377305,Salas de Teatro
2,Ciudad Autónoma de Buenos Aires,Ciudad Autonoma de Buenos Aires,Tabaris,Corrientes. Av. 825,-34.603515,-58.378502,Salas de Teatro
2,Ciudad Autónoma de Buenos Aires,Ciudad Autonoma de Buenos Aires,El Unicornio Casa de Artista,Cucha Cucha 2708,-34.59993,-58.46671,Salas de Teatro
2,Ciudad Autónoma de Buenos Aires,Ciudad Autonoma de Buenos Aires,Centro de Estudios Artísticos,Cuenca 3570,-34.59706,-58.49875,Salas de Teatro
2,Ciudad Autónoma de Buenos Aires,Ciudad Autonoma de Buenos Aires,Mimoteatro Escobar Lerchundi,Defensa 611,-34.614945,-58.371784,Salas de Teatro
2,Ciudad Autónoma de Buenos Aires,Ciudad Autonoma de Buenos Aires,Umbral espacio de arte,Díaz Vélez 3980,-34.6086,-58.42262,Salas de Teatro
2,Ciudad Autónoma de Buenos Aires,Ciudad Autonoma de Buenos Aires,Imagine,Don Bosco 3845,-34.612975,-58.419818,Salas de Teatro
2,Ciudad Autónoma de Buenos Aires,Ciudad Autonoma de Buenos Aires,Proyecto Danza Espacio de Arte,Entre Ríos 166,-34.61057,-58.39173,Salas de Teatro
2,Ciudad Autónoma de Buenos Aires,Ciudad Autonoma de Buenos Aires,Teatro Maipo,Esmeralda 443,-34.60301,-58.378079,Salas de Teatro
2,Ciudad Autónoma de Buenos Aires,Ciudad Autonoma de Buenos Aires,Sentimiento,Federico Lacroze  4181,-34.586807,-58.455009,Salas de Teatro
2,Ciudad Autónoma de Buenos Aires,Ciudad Autonoma de Buenos Aires,Teatro El Piccolino,Fitz Roy 2056,-34.581253,-58.432984,Salas de Teatro
2,Ciudad Autónoma de Buenos Aires,Ciudad Autonoma de Buenos Aires,Universidad Nacional de las Artes  Sede French,French 3614,-34.58325,-58.4119,Salas de Teatro
2,Ciudad Autónoma de Buenos Aires,Ciudad Autonoma de Buenos Aires,Parque Centenario,G. Burmeister y Finochietto,-34.60808,-58.43551,Salas de Teatro
2,Ciudad Autónoma de Buenos Aires,Ciudad Autonoma de Buenos Aires,Grupo de Teatro Comunitario El Épico de Floresta,Gaona 4660,-34.62735,-58.48816,Salas de Teatro
2,Ciudad Autónoma de Buenos Aires,Ciudad Autonoma de Buenos Aires,Espacio Utaki,Garibaldi 1675,-34.64161,-58.36267,Salas de Teatro
2,Ciudad Autónoma de Buenos Aires,Ciudad Autonoma de Buenos Aires,G104,Gascón 104,-34.61095899,-58.42463404,Salas de Teatro
2,Ciudad Autónoma de Buenos Aires,Ciudad Autonoma de Buenos Aires,Velma Café,Gorriti 5520,-34.585508,-58.436418,Salas de Teatro
2,Ciudad Autónoma de Buenos Aires,Ciudad Autonoma de Buenos Aires,Viceversa Arte En Convivencia,Gorriti 5839,-34.58289097,-58.4395877,Salas de Teatro
2,Ciudad Autónoma de Buenos Aires,Ciudad Autonoma de Buenos Aires,Teatro La Otra Orilla,Gral. Urquiza 124,-34.611836,-58.410205,Salas de Teatro
2,Ciudad Autónoma de Buenos Aires,Ciudad Autonoma de Buenos Aires,Estudio de Teatro Laferrere Se Artaud,Gregorio de Laferrere 3949,-34.64575471,-58.47315606,Salas de Teatro
2,Ciudad Autónoma de Buenos Aires,Ciudad Autonoma de Buenos Aires,Elefante Club de Teatro,Guardia Vieja 4259,-34.60018,-58.42466,Salas de Teatro
2,Ciudad Autónoma de Buenos Aires,Ciudad Autonoma de Buenos Aires,Pío IX,Hipólito Yrigoyen y Yapeyú,-34.61468,-58.42163,Salas de Teatro
2,Ciudad Autónoma de Buenos Aires,Ciudad Autonoma de Buenos Aires,Teatro del Abasto,Humahuaca 3549,-34.602781,-58.414886,Salas de Teatro
2,Ciudad Autónoma de Buenos Aires,Ciudad Autonoma de Buenos Aires,La Lunares Teatro,Humahuaca 4027,-34.6018,-58.42119,Salas de Teatro
2,Ciudad Autónoma de Buenos Aires,Ciudad Autonoma de Buenos Aires,Espacio Ecléctico,Humberto Primo 730,-34.620866,-58.376171,Salas de Teatro
2,Ciudad Autónoma de Buenos Aires,Ciudad Autonoma de Buenos Aires,Auditorio Namuncurá,Independencia 4053,-34.62132,-58.42303,Salas de Teatro
2,Ciudad Autónoma de Buenos Aires,Ciudad Autonoma de Buenos Aires,Museo Sivori,Isabel Infanta 555,-34.569649,-58.417111,Salas de Teatro
2,Ciudad Autónoma de Buenos Aires,Ciudad Autonoma de Buenos Aires,Auditorio Ben Ami,Jean Jaures 746,-34.601609,-58.407965,Salas de Teatro
2,Ciudad Autónoma de Buenos Aires,Ciudad Autonoma de Buenos Aires,La Huevería,Joaquín V. Gonzalez 1583,-34.61855,-58.49021,Salas de Teatro
2,Ciudad Autónoma de Buenos Aires,Ciudad Autonoma de Buenos Aires,La Nube Infancia y Cultura,Jorge Newbery 3537,-34.58318857,-58.44913637,Salas de Teatro
2,Ciudad Autónoma de Buenos Aires,Ciudad Autonoma de Buenos Aires,EMAD Escuela Metropolitana de Arte Dramático Sede Jufré,Jufré 141,-34.59766763,-58.430291,Salas de Teatro
2,Ciudad Autónoma de Buenos Aires,Ciudad Autonoma de Buenos Aires,Madera de Sueños,Jufre 375,-34.595897,-58.432114,Salas de Teatro
2,Ciudad Autónoma de Buenos Aires,Ciudad Autonoma de Buenos Aires,Museo Larreta,Juramento 2291,-34.561434,-58.455579,Salas de Teatro
2,Ciudad Autónoma de Buenos Aires,Ciudad Autonoma de Buenos Aires,La Revuelta,La Plata 594,-34.62183,-58.42763,Salas de Teatro
2,Ciudad Autónoma de Buenos Aires,Ciudad Autonoma de Buenos Aires,Café Müller Club de Danza,Lavalleja 1116,-34.59652,-58.42776,Salas de Teatro
2,Ciudad Autónoma de Buenos Aires,Ciudad Autonoma de Buenos Aires,Teatro El Marechal,Leopoldo Marechal 1219,-34.60423071,-58.44006943,Salas de Teatro
2,Ciudad Autónoma de Buenos Aires,Ciudad Autonoma de Buenos Aires,Teatro Cervantes,Libertad 815,-34.599142,-58.383344,Salas de Teatro
2,Ciudad Autónoma de Buenos Aires,Ciudad Autonoma de Buenos Aires,Centro de Artes Escénicas UADE,Lima 717,-34.61713,-58.38173,Salas de Teatro
2,Ciudad Autónoma de Buenos Aires,Ciudad Autonoma de Buenos Aires,Botica del Angel,Luis Saenz Peña 541,-34.615019,-58.387502,Salas de Teatro
2,Ciudad Autónoma de Buenos Aires,Ciudad Autonoma de Buenos Aires,La Materia,Malabia 1077,-34.5943252,-58.43234465,Salas de Teatro
2,Ciudad Autónoma de Buenos Aires,Ciudad Autonoma de Buenos Aires,La Verbena Almacén de Arte,Mansilla 3808,-34.58967,-58.41691,Salas de Teatro
2,Ciudad Autónoma de Buenos Aires,Ciudad Autonoma de Buenos Aires,Teatro del Globo,Marcelo T. de Alvear 1155,-34.596867,-58.38348,Salas de Teatro
2,Ciudad Autónoma de Buenos Aires,Ciudad Autonoma de Buenos Aires,Salas Equis,Mario Bravo 478,-34.60411492,-58.4169675,Salas de Teatro
2,Ciudad Autónoma de Buenos Aires,Ciudad Autonoma de Buenos Aires,Auditorio Asociacion Italiana de Belgrano,Moldes  2155,-34.563146,-58.459909,Salas de Teatro
2,Ciudad Autónoma de Buenos Aires,Ciudad Autonoma de Buenos Aires,Teatro Ludé,Montevideo 842,-34.599059,-58.389696,Salas de Teatro
2,Ciudad Autónoma de Buenos Aires,Ciudad Autonoma de Buenos Aires,Teatro Sociedad Friulana,Navarro 3974,-34.60287577,-58.50862861,Salas de Teatro
2,Ciudad Autónoma de Buenos Aires,Ciudad Autonoma de Buenos Aires,La Comunidad del Sótano,Nicasio Oroño 2480,-34.59827294,-58.4598489,Salas de Teatro
2,Ciudad Autónoma de Buenos Aires,Ciudad Autonoma de Buenos Aires,ND Ateneo,Paraguay 918,-34.597743,-58.380099,Salas de Teatro
2,Ciudad Autónoma de Buenos Aires,Ciudad Autonoma de Buenos Aires,Apacheta,Pasco 623,-34.61643,-58.397708,Salas de Teatro
2,Ciudad Autónoma de Buenos Aires,Ciudad Autonoma de Buenos Aires,Auditorio Amia,Pasteur 633,-34.601857,-58.399757,Salas de Teatro
2,Ciudad Autónoma de Buenos Aires,Ciudad Autonoma de Buenos Aires,Escuela Del Revés,Patron  6985,-34.65108524,-58.51893611,Salas de Teatro
2,Ciudad Autónoma de Buenos Aires,Ciudad Autonoma de Buenos Aires,Teatro de la Ribera,Pedro de Mendoza 1821,-34.639327,-58.361454,Salas de Teatro
2,Ciudad Autónoma de Buenos Aires,Ciudad Autonoma de Buenos Aires,Teatro El Tunel,Pedro del Castillo 540,-34.61092523,-58.3887254,Salas de Teatro
2,Ciudad Autónoma de Buenos Aires,Ciudad Autonoma de Buenos Aires,Manzana de las Luces,Perú 272,-34.611204,-58.374813,Salas de Teatro
2,Ciudad Autónoma de Buenos Aires,Ciudad Autonoma de Buenos Aires,Fábrica Perú,Perú 442,-34.61297,-58.37445,Salas de Teatro
2,Ciudad Autónoma de Buenos Aires,Ciudad Autonoma de Buenos Aires,LyF Luz y Fuerza,Perú 823,-34.617543,-58.374423,Salas de Teatro
2,Ciudad Autónoma de Buenos Aires,Ciudad Autonoma de Buenos Aires,Museo Argentino del Titere,Piedras 905,-34.618591,-58.377306,Salas de Teatro
2,Ciudad Autónoma de Buenos Aires,Ciudad Autonoma de Buenos Aires,Espacio Zukric,Presidente Perón 4033,-34.64995,-58.47029,Salas de Teatro
2,Ciudad Autónoma de Buenos Aires,Ciudad Autonoma de Buenos Aires,Asociacion Amigos del Villa Luro,Ramon L. Falcon 5176,-34.638854,-58.500342,Salas de Teatro
2,Ciudad Autónoma de Buenos Aires,Ciudad Autonoma de Buenos Aires,Teatro Gastón Barral,Rawson 42,-34.61251,-58.42541,Salas de Teatro
2,Ciudad Autónoma de Buenos Aires,Ciudad Autonoma de Buenos Aires,Teatro El Convento,Reconquista 269,-34.60493,-58.37222,Salas de Teatro
2,Ciudad Autónoma de Buenos Aires,Ciudad Autonoma de Buenos Aires,Teatro Escuela Lo de Guidi,Riobamba 359,-34.605009,-58.393793,Salas de Teatro
2,Ciudad Autónoma de Buenos Aires,Ciudad Autonoma de Buenos Aires,Sergio Souza,Rivadavia. Av. 1180,-34.60863,-58.38305,Salas de Teatro
2,Ciudad Autónoma de Buenos Aires,Ciudad Autonoma de Buenos Aires,Liceo,Rivadavia. Av. 1495,-34.608903,-58.387567,Salas de Teatro
2,Ciudad Autónoma de Buenos Aires,Ciudad Autonoma de Buenos Aires,Teatro Flores,Rivadavia. Av. 7806,-34.63226211,-58.47466574,Salas de Teatro
2,Ciudad Autónoma de Buenos Aires,Ciudad Autonoma de Buenos Aires,Teatro Gran Rivadavia,Rivadavia. Av. 8636,-34.634692,-58.485358,Salas de Teatro
2,Ciudad Autónoma de Buenos Aires,Ciudad Autonoma de Buenos Aires,El Teatro de Flores,Rivera Indarte 129,-34.630446,-58.462095,Salas de Teatro
2,Ciudad Autónoma de Buenos Aires,Ciudad Autonoma de Buenos Aires,La Comedia,Rodríguez Peña 1062,-34.596379,-58.391904,Salas de Teatro
2,Ciudad Autónoma de Buenos Aires,Ciudad Autonoma de Buenos Aires,Fuera de Eje,Salguero 1708,-34.59008,-58.41684,Salas de Teatro
2,Ciudad Autónoma de Buenos Aires,Ciudad Autonoma de Buenos Aires,Espacio Cultural Julian Centeya,San Juan. Av.  3255,-34.624907,-58.411358,Salas de Teatro
2,Ciudad Autónoma de Buenos Aires,Ciudad Autonoma de Buenos Aires,Centro de las Artes UNSAM,Sánchez de Bustamante 29,-34.60962,-58.41447,Salas de Teatro
2,Ciudad Autónoma de Buenos Aires,Ciudad Autonoma de Buenos Aires,Centro La Puerta,Sánchez de Bustamante 549,-34.60344,-58.41433,Salas de Teatro
2,Ciudad Autónoma de Buenos Aires,Ciudad Autonoma de Buenos Aires,Fundación Beethoven,Santa Fe. Av. 1452,-34.59585,-58.38787,Salas de Teatro
2,Ciudad Autónoma de Buenos Aires,Ciudad Autonoma de Buenos Aires,La Dumont Salas,Santos Dumont 3521,-34.58357322,-58.44786484,Salas de Teatro
2,Ciudad Autónoma de Buenos Aires,Ciudad Autonoma de Buenos Aires,Espacio Teatral Alquimia,Santos Dumont 4392,-34.59235194,-58.45300522,Salas de Teatro
2,Ciudad Autónoma de Buenos Aires,Ciudad Autonoma de Buenos Aires,Sala Juan Bautista Alberdi,Sarmiento 1551,-34.605398,-58.388645,Salas de Teatro
2,Ciudad Autónoma de Buenos Aires,Ciudad Autonoma de Buenos Aires,CCGSM Enrique Muiño,Sarmiento 1562,-34.60549548,-58.38876583,Salas de Teatro
2,Ciudad Autónoma de Buenos Aires,Ciudad Autonoma de Buenos Aires,CCGSM Ernesto Bianco,Sarmiento 1562,-34.60549548,-58.38876583,Salas de Teatro
2,Ciudad Autónoma de Buenos Aires,Ciudad Autonoma de Buenos Aires,CCGSM Juan Bautista Alberdi,Sarmiento 1562,-34.60549548,-58.38876583,Salas de Teatro
2,Ciudad Autónoma de Buenos Aires,Ciudad Autonoma de Buenos Aires,CCGSM Sala A/B,Sarmiento 1562,-34.60549548,-58.38876583,Salas de Teatro
2,Ciudad Autónoma de Buenos Aires,Ciudad Autonoma de Buenos Aires,CCGSM Sala C/D/E/F,Sarmiento 1562,-34.60549548,-58.38876583,Salas de Teatro
2,Ciudad Autónoma de Buenos Aires,Ciudad Autonoma de Buenos Aires,CCGSM Salón Madres Plaza de Mayo,Sarmiento 1562,-34.60549548,-58.38876583,Salas de Teatro
2,Ciudad Autónoma de Buenos Aires,Ciudad Autonoma de Buenos Aires,Sha,Sarmiento 2255,-34.60586,-58.39869,Salas de Teatro
2,Ciudad Autónoma de Buenos Aires,Ciudad Autonoma de Buenos Aires,EMAD Escuela Metropolitana de Arte Dramático Sede Sarmiento,Sarmiento 2573,-34.60625,-58.40326,Salas de Teatro
2,Ciudad Autónoma de Buenos Aires,Ciudad Autonoma de Buenos Aires,Teatro Sarmiento,Sarmiento. Av.  2715,-34.579732,-58.419554,Salas de Teatro
2,Ciudad Autónoma de Buenos Aires,Ciudad Autonoma de Buenos Aires,Microteatro,Serrano 1139,-34.59198349,-58.43502096,Salas de Teatro
2,Ciudad Autónoma de Buenos Aires,Ciudad Autonoma de Buenos Aires,La Caravana,Serrano 547,-34.59601588,-58.44178461,Salas de Teatro
2,Ciudad Autónoma de Buenos Aires,Ciudad Autonoma de Buenos Aires,Asturias,Solís 485,-34.61461377,-58.39048201,Salas de Teatro
2,Ciudad Autónoma de Buenos Aires,Ciudad Autonoma de Buenos Aires,El Sotano,Teodoro Garcia  3234,-34.577739,-58.450746,Salas de Teatro
2,Ciudad Autónoma de Buenos Aires,Ciudad Autonoma de Buenos Aires,Matemurga de Villa Crespo,Tres Arroyos 555,-34.6032302,-58.45019654,Salas de Teatro
2,Ciudad Autónoma de Buenos Aires,Ciudad Autonoma de Buenos Aires,El Ojo,Tte. Gral. Juan Domingo Perón 2115,-34.607143,-58.396681,Salas de Teatro
2,Ciudad Autónoma de Buenos Aires,Ciudad Autonoma de Buenos Aires,Mediterranea  Espacio de Arte,Tucuman 3378,-34.600026,-58.413375,Salas de Teatro
2,Ciudad Autónoma de Buenos Aires,Ciudad Autonoma de Buenos Aires,Sala Crash,Uriarte 1271,-34.58986,-58.43552,Salas de Teatro
2,Ciudad Autónoma de Buenos Aires,Ciudad Autonoma de Buenos Aires,Instituto de la Máscara,Uriarte 2322,-34.58208866,-58.42464551,Salas de Teatro
2,Ciudad Autónoma de Buenos Aires,Ciudad Autonoma de Buenos Aires,Estudio Dukah,Uruguay 194,-34.60651,-58.38633,Salas de Teatro
2,Ciudad Autónoma de Buenos Aires,Ciudad Autonoma de Buenos Aires,Universidad Nacional de las Artes Sede Venezuela,Venezuela 2587,-34.61558,-58.4038,Salas de Teatro
2,Ciudad Autónoma de Buenos Aires,Ciudad Autonoma de Buenos Aires,Estudio El Aquelarre,Yatay  985,-34.60024843,-58.42810029,Salas de Teatro
2,Ciudad Autónoma de Buenos Aires,Ciudad Autonoma de Buenos Aires,Espacio La Veredita,Yatay 112,-34.61302,-58.42854,Salas de Teatro
2,Ciudad Autónoma de Buenos Aires,Ciudad Autonoma de Buenos Aires,Estudio De Danza Margarita Bali,Zabala 3040,-34.57394445,-58.45357294,Salas de Teatro
2,Ciudad Autónoma de Buenos Aires,Ciudad Autonoma de Buenos Aires,El Cubo,Zelaya 3053,-34.601843,-58.408845,Salas de Teatro
6,Buenos Aires,Almirante Brown,Sociedad Italiana,Leonardo Rosales 1518,-34.799311,-58.38672,Salas de Teatro
6,Buenos Aires,Avellaneda,Instituto de Teatro,Alsina 157,-34.663901,-58.365893,Salas de Teatro
6,Buenos Aires,Avellaneda,Asociación Gente de Arte de Avellaneda,Alsina 234,-34.66518,-58.36753,Salas de Teatro
6,Buenos Aires,Avellaneda,Asociación Mutual de Mujeres Afro de Avellaneda y zona sur,Colón entre Berutti y España,-34.6634,-58.371257,Salas de Teatro
6,Buenos Aires,Avellaneda,Teatro de la Cuadra,French 84,-34.66032,-58.36565,Salas de Teatro
6,Buenos Aires,Avellaneda,Auditorio Sede Piñeyro Universidad Nacional de Avellaneda,Mario Bravo e Isleta,-34.66852,-58.39811,Salas de Teatro
6,Buenos Aires,Avellaneda,Teatro Roma,Sarmiento 101,-34.66245,-58.36378,Salas de Teatro
6,Buenos Aires,Azul,Español Azul,San Martin 427,-36.777855,-59.863789,Salas de Teatro
6,Buenos Aires,Bahía Blanca,Casa de La Cultura Universidad Nacional del Sur,Alem 925,-38.705648,-62.267372,Salas de Teatro
6,Buenos Aires,Bahía Blanca,Teatro Municipal de Bahía Blanca,Alsina 425,-38.714872,-62.260383,Salas de Teatro
6,Buenos Aires,Bahía Blanca,Escuela de Danza Clásica de Bahía Blanca,Brown 128,-38.72094219,-62.26681286,Salas de Teatro
6,Buenos Aires,Bahía Blanca,Sala El Tablado,Chiclana 453,-38.722129,-62.261476,Salas de Teatro
6,Buenos Aires,Bahía Blanca,La Cocina,Fitz Roy 40,-38.72151,-62.26378,Salas de Teatro
6,Buenos Aires,Bahía Blanca,Asociación Teatristas del Sur,Garibaldi 310,-38.728844,-62.247042,Salas de Teatro
6,Buenos Aires,Bahía Blanca,Escuela de Teatro de Bahía Blanca,Gral. Paz 250,-38.71994,-62.25777,Salas de Teatro
6,Buenos Aires,Bahía Blanca,Sociedad Italiana de Cabildo,Rondeau 236,-38.71961,-62.27189,Salas de Teatro
6,Buenos Aires,Bahía Blanca,Teatro Ingeniero White,San Martin 3619,-38.782633,-62.266809,Salas de Teatro
6,Buenos Aires,Bahía Blanca,Teatro Ateneo,Sixto Laspiur  371,-38.723811,-62.281137,Salas de Teatro
6,Buenos Aires,Bahía Blanca,Teatro Apolo,Zelarrayan 128,-38.715937,-62.266151,Salas de Teatro
6,Buenos Aires,Baradero,Teatro San Martín,Anchorena  942,-33.808268,-59.502251,Salas de Teatro
6,Buenos Aires,Baradero,Teatro Colón,Santa Maria de Oro 650,-33.807846,-59.501361,Salas de Teatro
6,Buenos Aires,Arrecifes,Salón Regina,Rivadavia 285,-34.06682856,-60.10876997,Salas de Teatro
6,Buenos Aires,Berisso,Grupo de Berisso,Calle 9 entre Calle 165 y Calle 166,-34.870332,-57.886614,Salas de Teatro
6,Buenos Aires,Berisso,Cine Teatro Victoria,Montevideo 1055,-34.870001,-57.881289,Salas de Teatro
6,Buenos Aires,Bolivar,Teatro El Mangrullo,San Martin 1065,-36.227751,-61.117431,Salas de Teatro
6,Buenos Aires,Bolivar,Teatro Coliseo Español,San Martin 961,-36.22854,-61.116467,Salas de Teatro
6,Buenos Aires,Coronel Brandsen,Teatro Municipal,Sáenz Peña 676,-35.16736343,-58.23857815,Salas de Teatro
6,Buenos Aires,Campana,Teatro Municipal Pedro Barbero,San Martin 470,-34.165454,-58.960482,Salas de Teatro
6,Buenos Aires,Cañuelas,El Cultivo Teatro Club,De Los Inmigrantes 1023,-35.05507071,-58.75840472,Salas de Teatro
6,Buenos Aires,Cañuelas,Cine Teatro Cañuelas,Lara 824,-35.05507071,-58.75840472,Salas de Teatro
6,Buenos Aires,Carlos Casares,Cine Teatro Verdi,San Martin 235,-35.623469,-61.365656,Salas de Teatro
6,Buenos Aires,Carlos Tejedor,Teatro Español,San Martin entre Rivadavia y 9 de Julio,-35.392211,-62.419014,Salas de Teatro
6,Buenos Aires,Carmen De Areco,Cine Teatro Italia,Saavedra 544,-34.376883,-59.819858,Salas de Teatro
6,Buenos Aires,Coronel Pringles,Taller Teatral 441,Belgrano 441,-37.989686,-61.351064,Salas de Teatro
6,Buenos Aires,Coronel Pringles,Teatro Español,Stegmann 628,-37.98542,-61.354038,Salas de Teatro
6,Buenos Aires,Coronel Suarez,Cine Teatro Italia,Mitre 1251,-37.458222,-61.934411,Salas de Teatro
6,Buenos Aires,Chacabuco,Cine Teatro Español Chacabuco,Pueyrredon 29,-34.641214,-60.471635,Salas de Teatro
6,Buenos Aires,Chascomús,Teatro Municipal Brazzola,Sarmiento 90,-35.579399,-58.14081,Salas de Teatro
6,Buenos Aires,Dolores,Unión Dolores,Castelli 250,-36.317313,-57.674964,Salas de Teatro
6,Buenos Aires,Escobar,Teatro Girona,Cesar Diaz 657,-34.34568,-58.796912,Salas de Teatro
6,Buenos Aires,Escobar,Teatro Municipal Tomas Hugo Seminari,Mitre 451,-34.348789,-58.793234,Salas de Teatro
6,Buenos Aires,Monte Grande,Teatro Brancaleone,9 de Abril 935,-34.800754,-58.468017,Salas de Teatro
6,Buenos Aires,Monte Grande,Sociedad Española,Dr. Rotta 51,-34.818659,-58.467382,Salas de Teatro
6,Buenos Aires,Monte Grande,Casa Carlos Fuentealba,Florentino Ameghino 176,-34.81612,-58.46536,Salas de Teatro
6,Buenos Aires,Miramar,Teatro Municipal Abel Santa Cruz,Avenida 9 nº 1250,-38.246784,-57.801971,Salas de Teatro
6,Buenos Aires,General Alvear,Cine Teatro Español,B. Irigoyen y Lavalle,-36.20134,-60.15972,Salas de Teatro
6,Buenos Aires,Mar del Plata,Mar de Fondo,25 de Mayo 2957,-37.996,-57.549,Salas de Teatro
6,Buenos Aires,Mar del Plata,Teatro Arenales,Arenales  2270,-38.007673,-57.543523,Salas de Teatro
6,Buenos Aires,Mar del Plata,Teatro Estudio,Av. Independencia  2233,-38.00071,-57.556312,Salas de Teatro
6,Buenos Aires,Mar del Plata,Teatro Arena,Av. Juan B. Justo 70,-38.04019,-57.54317,Salas de Teatro
6,Buenos Aires,Mar del Plata,El Vagón de Los Titeres,Av. Luro 4501,-37.98894,-57.56535,Salas de Teatro
6,Buenos Aires,Mar del Plata,Atlas  Mar del Plata,Avenida Luro y Corrientes,-38.000162,-57.543083,Salas de Teatro
6,Buenos Aires,Mar del Plata,Teatro América,Avenida Luro y Corrientes,-38.00013283,-57.5431798,Salas de Teatro
6,Buenos Aires,Mar del Plata,Teatro Auditorium,Bv. Marítimo 2280,-38.005378,-57.542461,Salas de Teatro
6,Buenos Aires,Mar del Plata,Enrique Carreras,Entre Ríos 1828,-38.002487,-57.54361,Salas de Teatro
6,Buenos Aires,Mar del Plata,El Caldero,España 2031,-37.997433,-57.558106,Salas de Teatro
6,Buenos Aires,Mar del Plata,Espacio La Bicicleta,Falucho 4466,-37.99584,-57.57017,Salas de Teatro
6,Buenos Aires,Mar del Plata,Teatro Municipal Colón,Hipólito Yrigoyen 1665,-37.997651,-57.549636,Salas de Teatro
6,Buenos Aires,Mar del Plata,Teatro Independencia,Independencia 1462,-37.994378,-57.551268,Salas de Teatro
6,Buenos Aires,Mar del Plata,Olympia,Rivadavia 2380,-38.001341,-57.545283,Salas de Teatro
6,Buenos Aires,Mar del Plata,Circo La Audacia,Roca 3558,-38.007309,-57.566914,Salas de Teatro
6,Buenos Aires,Mar del Plata,Lido  Mar del Plata,Santa Fe 1751,-38.000874,-57.545186,Salas de Teatro
6,Buenos Aires,Mar del Plata,Teatro Santa Fe,Santa Fe 1854,-38.001658,-57.54583,Salas de Teatro
6,Buenos Aires,Mar del Plata,Teatro Tronador,Santiago del Estero 1744,-38.00031,-57.546114,Salas de Teatro
6,Buenos Aires,General San Martin,Teatro Tornavía,25 de Mayo y Francia,-34.57897,-58.52656,Salas de Teatro
6,Buenos Aires,General San Martin,Las Musas Club de Arte,América 4175,-34.55613,-58.55175,Salas de Teatro
6,Buenos Aires,General San Martin,El Culebron Timbal,Aristobulo del Valle 4814,-34.55467,-58.55956,Salas de Teatro
6,Buenos Aires,General San Martin,C.U.V.B. Centro Universitario,Bv. Ballester 5041,-34.54657,-58.55413,Salas de Teatro
6,Buenos Aires,General San Martin,Salón Marienheim,Calle 110 nº 2092 (ex Pueyrredón),-34.56965338,-58.53495435,Salas de Teatro
6,Buenos Aires,General San Martin,Asociación De Mujeres La Colmena,Emilio Mitre 284,-34.58037,-58.53478,Salas de Teatro
6,Buenos Aires,General San Martin,Sociedad Italiana,Pellegrini 2030,-34.57839,-58.538646,Salas de Teatro
6,Buenos Aires,General San Martin,Pequeño Teatro,Tucumán 2157,-34.57719,-58.54007,Salas de Teatro
6,Buenos Aires,General Villegas,Cine Teatro Español,Mariano Moreno 6230,-35.03481,-63.00647,Salas de Teatro
6,Buenos Aires,Ituzaingo,El Arcón Teatro,24 de Octubre 933,-34.66112,-58.66728,Salas de Teatro
6,Buenos Aires,Ituzaingo,Mandala Espacio de Arte,M. R. Fragio 375,-34.65697,-58.67023,Salas de Teatro
6,Buenos Aires,Junin,El salón,Belgrano 84,-34.59104902,-60.94938918,Salas de Teatro
6,Buenos Aires,Junin,La Rancheria,Chacabuco 40,-34.59723,-60.942778,Salas de Teatro
6,Buenos Aires,Santa Teresita,Teatro Amarcord  Santa Teresita,Calle 2 1049,-36.703206,-56.676827,Salas de Teatro
6,Buenos Aires,Santa Teresita,Atlantico Santa Teresita,Calle 41 258,-36.544204,-56.691608,Salas de Teatro
6,Buenos Aires,La Matanza,Teatro Sociedad de Fomento de Tapiales,Altolaguirre 378,-34.701084,-58.509987,Salas de Teatro
6,Buenos Aires,La Matanza,Teatro UOM,Av. Illia 2340,-34.674841,-58.563012,Salas de Teatro
6,Buenos Aires,La Matanza,Colegio Don Bosco,Avenida de Mayo 1902,-34.66052,-58.56182,Salas de Teatro
6,Buenos Aires,La Matanza,Fundación Armstrong,Avenida Lasalle 2650,-34.75754,-58.66013,Salas de Teatro
6,Buenos Aires,La Matanza,Teatro Esloveno,Castelli 28,-34.64485478,-58.56094712,Salas de Teatro
6,Buenos Aires,La Matanza,Centro Cultural y Teatro Enrique Pinti,Dr. Ignacio Arieta 2715,-34.675194,-58.565192,Salas de Teatro
6,Buenos Aires,La Matanza,Teatro de los Sueños,Echeverría 249,-34.706335,-58.638139,Salas de Teatro
6,Buenos Aires,La Matanza,Grupo de Teatro Desparamos de Ramos Mejia,Rivadavia y Alte. Brown,-34.640006,-58.557136,Salas de Teatro
6,Buenos Aires,La Matanza,Teatro Tapiales,Tuyuti 1568,-34.70074949,-58.50599332,Salas de Teatro
6,Buenos Aires,Lanús,Universidad Nacional de Lanús,29 de Septiembre 3901,-34.73553,-58.39103,Salas de Teatro
6,Buenos Aires,Lanús,Teatro del Centro,9 de Julio 1535,-34.710748,-58.386482,Salas de Teatro
6,Buenos Aires,Lanús,Auditorio Hugo Del Carril,Avenida Hipólito Yrigoyen 3863,-34.69865647,-58.39361488,Salas de Teatro
6,Buenos Aires,Lanús,El Correo Cultura Pipi,Juan de Garay 200,-34.72696,-58.39788,Salas de Teatro
6,Buenos Aires,La Plata,Teatro Argentino de La Plata,Av. 51 702,-34.91787,-57.95147,Salas de Teatro
6,Buenos Aires,La Plata,Teatro Coliseo Podestá,Calle 10 nº 733,-34.915663,-57.955514,Salas de Teatro
6,Buenos Aires,La Plata,Sala Armando Discepolo // La Comedia,Calle 12 1473,-34.927737,-57.943895,Salas de Teatro
6,Buenos Aires,La Plata,Sala 420,Calle 42 n°571,-34.90841,-57.95699,Salas de Teatro
6,Buenos Aires,La Plata,La Casa de las Tías,Calle 49 nº 1119,-34.924048,-57.961071,Salas de Teatro
6,Buenos Aires,La Plata,Pasaje Dardo Rocha,Calle 50 entre Calle 6 y Calle 7,-34.914544,-57.949556,Salas de Teatro
6,Buenos Aires,La Plata,El Bombin Teatro,Calle 59 n° 886,-34.925385,-57.948559,Salas de Teatro
6,Buenos Aires,La Plata,Teatro Acción,Calle 61 nº 996,-34.92926,-57.94838,Salas de Teatro
6,Buenos Aires,La Plata,Tentempié,Calle 66 nº 824,-34.930131,-57.93904,Salas de Teatro
6,Buenos Aires,La Plata,Grupo Los Okupas del Anden,Calle 71 y Calle 17,-34.939638,-57.93949,Salas de Teatro
6,Buenos Aires,La Plata,Teatro Lucía Febrero,Diagonal 74 nº 817,-34.9039,-57.955684,Salas de Teatro
6,Buenos Aires,La Plata,Teatro de Cámara Lumen Artis,Diagonal Urquiza Nº 347,-34.86645,-58.05232,Salas de Teatro
6,Buenos Aires,La Plata,Anfiteatro Martin Fierro (Teatro del Lago),Nicolás Cúccolo Paseo del Bosque,-34.91092,-57.93697,Salas de Teatro
6,Buenos Aires,Las Flores,Cine Teatro Español,Avenida Carmen 618,-36.01754494,-59.10043227,Salas de Teatro
6,Buenos Aires,Lincoln,Ateneo Cultural Municipal,Drago  950,-34.870357,-61.524362,Salas de Teatro
6,Buenos Aires,Lincoln,Cine Teatro Porta Pia,Mitre 205,-34.868999,-61.52684,Salas de Teatro
6,Buenos Aires,Lobos,El Teatrito,San Martin 65,-35.18822093,-59.09572415,Salas de Teatro
6,Buenos Aires,Lomas de Zamora,Ceta Teatro,Alsina 963,-34.74755,-58.39428,Salas de Teatro
6,Buenos Aires,Lomas de Zamora,Casa Puchero,Arenales 1555,-34.74339,-58.38719,Salas de Teatro
6,Buenos Aires,Lomas de Zamora,Club de Arte Monociclo,Av. Hipólito Yrigoyen 6926,-34.73567,-58.39736,Salas de Teatro
6,Buenos Aires,Lomas de Zamora,Cine Teatro Español,Av. Hipólito Yrigoyen 9070,-34.760746,-58.402579,Salas de Teatro
6,Buenos Aires,Lomas de Zamora,Auditorio Sur,Avenida Meeks 1080,-34.77436,-58.39744,Salas de Teatro
6,Buenos Aires,Lomas de Zamora,El Semillero,Avenida Seguí 925,-34.79873,-58.39426,Salas de Teatro
6,Buenos Aires,Lomas de Zamora,DeSignum,Gral. Guido 650,-34.77682,-58.39893,Salas de Teatro
6,Buenos Aires,Lomas de Zamora,Espacio Asterisco,Gral. Levalle 1293,-34.74667,-58.38618,Salas de Teatro
6,Buenos Aires,Lomas de Zamora,Teatro Maipú,Maipú 380,-34.743631,-58.390429,Salas de Teatro
6,Buenos Aires,Lomas de Zamora,Teatro del Municipio de Lomas de Zamora,Manuel Castro 262,-34.75708729,-58.40345394,Salas de Teatro
6,Buenos Aires,Lomas de Zamora,Hijos de Los Barcos,Medrano 67,-34.748063,-58.395524,Salas de Teatro
6,Buenos Aires,Lomas de Zamora,La Troupe Circo,Melo 119,-34.75188323,-58.39440376,Salas de Teatro
6,Buenos Aires,Lomas de Zamora,Casa de Cultura Temperley,Suárez 236,-34.77307,-58.40288,Salas de Teatro
6,Buenos Aires,Lomas de Zamora,El Galpón de Banfield,Vergara 1375,-34.74453,-58.39493,Salas de Teatro
6,Buenos Aires,Lomas de Zamora,Teatro Nueva Roma,Vicente Fidel López 787,-34.7808,-58.40299,Salas de Teatro
6,Buenos Aires,Lujan,Teatro Municipal Trinidad Guevara,Ridavavia 1019,-34.565953,-59.118411,Salas de Teatro
6,Buenos Aires,Maipú,Cine Teatro Sociedad Italiana,Rivadavia 555,-36.8616799,-57.8826031,Salas de Teatro
6,Buenos Aires,Malvinas Argentinas,Centro de las Artes UNGS,Juan María Gutierrez 1150,-34.5221383,-58.70003498,Salas de Teatro
6,Buenos Aires,Malvinas Argentinas,Cooperativa de Tortuguitas,Moreno 1160,-34.468445,-58.757819,Salas de Teatro
6,Buenos Aires,Santa Clara del Mar,Teatro Leonardo Favio,La Florida 500,-37.83352,-57.50684,Salas de Teatro
6,Buenos Aires,Marcos Paz,Cine Teatro Roma,Avellaneda 1950,-34.78125,-58.83855,Salas de Teatro
6,Buenos Aires,Monte Hermoso,Anfiteatro Peatonal Dorrego,Peatonal Dorrego Y Costanera,-38.988852,-61.287908,Salas de Teatro
6,Buenos Aires,Moreno,Teatro Municipal Leopoldo Marechal de Moreno,Asconape 85,-34.651548,-58.790789,Salas de Teatro
6,Buenos Aires,Morón,El Errante Club de Teatro,Avenida Rosales 1345,-34.625706,-58.593814,Salas de Teatro
6,Buenos Aires,Morón,Teatro Municipal de Morón,Brown y San Martín,-34.650564,-58.622423,Salas de Teatro
6,Buenos Aires,Morón,Auditorio Universidad de Morón,Cabildo 134,-34.647137,-58.619768,Salas de Teatro
6,Buenos Aires,Morón,Sociedad Italiana,Gral. San Martin 451,-34.653448,-58.622734,Salas de Teatro
6,Buenos Aires,Morón,Teatraje,Lincoln 777,-34.6507,-58.65379,Salas de Teatro
6,Buenos Aires,Morón,La Casa del Poeta,Nuestra Senora del Buen Viaje 1171,-34.651662,-58.624993,Salas de Teatro
6,Buenos Aires,Morón,Salon de Banco Crediccop,Rivadavia. Av. 16238,-34.64597,-58.592467,Salas de Teatro
6,Buenos Aires,Morón,Sociedad Italiana,Rosales 1042,-34.622753,-58.596107,Salas de Teatro
6,Buenos Aires,Morón,Teatro Colegio Sagrado Corazon,Sarmiento 2040,-34.64655,-58.636678,Salas de Teatro
6,Buenos Aires,Morón,Teatro Roberto Duran,Sarmiento 3044,-34.643979,-58.65005,Salas de Teatro
6,Buenos Aires,Morón,Centro Cultural La Panadería,Uruguay 400,-34.64932,-58.59348,Salas de Teatro
6,Buenos Aires,Necochea,Cine Teatro Paris,Avenida 59 2868,-38.552285,-58.742125,Salas de Teatro
6,Buenos Aires,Necochea,Teatro Toledo,Avenida 75 Y 58,-38.560794,-58.746613,Salas de Teatro
6,Buenos Aires,Necochea,Teatro Municipal Luis Sandrini,Calle 54 nº 3080,-38.55745,-58.739256,Salas de Teatro
6,Buenos Aires,Necochea,Anfiteatro Del Parque,Parque Miguel Lillo,-38.587779,-58.752875,Salas de Teatro
6,Buenos Aires,9 De Julio,Cruzavias Teatro Comunitario,Guido Spano y Moreno,-35.44474351,-60.88434334,Salas de Teatro
6,Buenos Aires,9 De Julio,TIN Teatro Independiente Nuevejuliense,Libertad 768,-35.446477,-60.883941,Salas de Teatro
6,Buenos Aires,9 De Julio,Cine Teatro Rossini,Libertad 845,-35.445551,-60.884655,Salas de Teatro
6,Buenos Aires,9 De Julio,Grupo de Teatro Comunitario Patricios Unidos de Pie,Sarmiento. Av. y Saavedra (Estación de Tren),-35.461149,-60.869849,Salas de Teatro
6,Buenos Aires,Olavarría,Teatro Municipal Olavarria,Rivadavia 7400,-36.893802,-60.322263,Salas de Teatro
6,Buenos Aires,Pehuajó,Teatro Español,Alsina 479,-35.811001,-61.895676,Salas de Teatro
6,Buenos Aires,San Bernardo,Luz y Fuerza  San Bernardo,Chiozza  2455,-36.690688,-56.678035,Salas de Teatro
6,Buenos Aires,San Bernardo,Teatro Auditorio Asociación de Fomento San Bernardo,La Rioja 2740,-36.687224,-56.680356,Salas de Teatro
6,Buenos Aires,Pergamino,Teatro Municipal Unión Ferroviaria,Bv. Alsina 530,-33.88986,-60.57005,Salas de Teatro
6,Buenos Aires,Pilar,Teatro Lope Vega,Pedro Lagrave 725,-34.457033,-58.915012,Salas de Teatro
6,Buenos Aires,Pinamar,Teatro de la Torre,Constitución 687,-37.112135,-56.863664,Salas de Teatro
6,Buenos Aires,Quilmes,MimoTeatro de Bernal,25 de Mayo 292,-34.725202,-58.252661,Salas de Teatro
6,Buenos Aires,Quilmes,Sociedad de Fomento Italiana Giuseppe Verdi,Cramer 723,-34.70548,-58.28591,Salas de Teatro
6,Buenos Aires,Quilmes,Biblioteca de la Universidad Nacional de Quilmes,Roque Sáenz Peña 352,-34.70624985,-58.27838081,Salas de Teatro
6,Buenos Aires,Rojas,Teatro Libre Florencio Sanchez,25 de Mayo 227,-34.199322,-60.731959,Salas de Teatro
6,Buenos Aires,Pigué,Teatro Español,España 106,-37.60364,-62.40656,Salas de Teatro
6,Buenos Aires,Salto,Teatro del Salto,Maipú 169,-34.29061288,-60.2489555,Salas de Teatro
6,Buenos Aires,San Antonio de Areco,Salón Cultural Manuel J. de Guerrico,Lavalle 363,-34.24291815,-59.47408642,Salas de Teatro
6,Buenos Aires,San Fernando,Teatro Ateneo Popular Esteban Echeverría,25 de Mayo 1168,-34.439175,-58.558608,Salas de Teatro
6,Buenos Aires,San Fernando,Teatro Municipal Julio Martinelli,Lavalle 3021,-34.454343,-58.542745,Salas de Teatro
6,Buenos Aires,Acassuso,Casa Arenga,Manzone 851,-34.47963,-58.50463,Salas de Teatro
6,Buenos Aires,Acassuso,Casa de Cultura Acassuso,Perú 167,-34.47959901,-58.50524703,Salas de Teatro
6,Buenos Aires,Martínez,Teatro de la Media Legua,Aristóbulo del Valle 199,-34.486505,-58.499887,Salas de Teatro
6,Buenos Aires,Martínez,Teatro De La Cova,Avenida Del Libertador 13900,-34.483344,-58.489729,Salas de Teatro
6,Buenos Aires,Martínez,Estudio Awalim,Juncal 73,-34.48727,-58.50349,Salas de Teatro
6,Buenos Aires,Martínez,Club Social Central Norte,Talcahuano 2059,-34.50014,-58.52229,Salas de Teatro
6,Buenos Aires,San Isidro,Teatro Municipal del Viejo Concejo de San Isidro,9 de julio 512,-34.468243,-58.510519,Salas de Teatro
6,Buenos Aires,San Isidro,Centro Cívico Cultural Bouloogne,Avenida Avelino Rolón 2315,-34.51189,-58.56736,Salas de Teatro
6,Buenos Aires,San Isidro,Centro Cívico Cultural Beccar,Avenida Centenario 1891,-34.46103,-58.52716,Salas de Teatro
6,Buenos Aires,San Isidro,Casa de Cultura San Isidro Centro,Avenida Centenario 77,-34.47365,-58.513,Salas de Teatro
6,Buenos Aires,San Isidro,Casa de Cultura de Villa Adelina,Avenida de Mayo 964,-34.51677,-58.54306,Salas de Teatro
6,Buenos Aires,San Isidro,Teatro del Patio,Avenida Del Libertador 16208,-34.467291,-58.509427,Salas de Teatro
6,Buenos Aires,San Isidro,Teatro Don Bosco Institución Salesiana,Diego Palma 289,-34.472605,-58.519973,Salas de Teatro
6,Buenos Aires,San Isidro,La Casa de La Juventud,Don Bosco 47,-34.468952,-58.518347,Salas de Teatro
6,Buenos Aires,San Isidro,The Playhouse The Suburban Players,Moreno 80,-34.47438,-58.51473,Salas de Teatro
6,Buenos Aires,San Isidro,El Silo del Bajo,Primera Junta 1001,-34.46242,-58.50836,Salas de Teatro
6,Buenos Aires,San Miguel,Plaza de las Carretas,Avenida Perón y San José,-34.54839,-58.70365,Salas de Teatro
6,Buenos Aires,San Miguel,Teatro Leopoldo Marechal,Cnel. Charlone 1146,-34.543483,-58.709451,Salas de Teatro
6,Buenos Aires,San Miguel,Pentagrama Estudio,Primera Junta 1101,-34.53304,-58.72352,Salas de Teatro
6,Buenos Aires,San Nicolás de los Arroyos,Teatro Municipal R. de Aguilar,Nacion  346,-33.334181,-60.220386,Salas de Teatro
6,Buenos Aires,San Pedro,Teatro Municipal Siripo,Salta y Oliveira Cezar,-33.678004,-59.663213,Salas de Teatro
6,Buenos Aires,Tandil,Teatro Municipal del Fuerte,Fte. de La Independencia  360,-37.329896,-59.136311,Salas de Teatro
6,Buenos Aires,Tandil,Anfiteatro Martin Fierro,Juldain y Avenida Dorrego,-37.33903,-59.139561,Salas de Teatro
6,Buenos Aires,Tandil,Teatro La Fábrica,Pinto 367,-37.328743,-59.139029,Salas de Teatro
6,Buenos Aires,Tigre,Sala Aparecidas,Córdoba 625,-34.4541717,-58.6346117,Salas de Teatro
6,Buenos Aires,Tigre,Kaiola Blue,Isla Kaiola Blue. Arroyo Gélvez,-34.42569107,-58.58104727,Salas de Teatro
6,Buenos Aires,Tigre,Teatro Hindu,Manuel Obarrio y Avenida Del Golf,-34.490054,-58.642295,Salas de Teatro
6,Buenos Aires,Torquinst,Teatro Municipal Rodolfo Funke Torquinst,Alem 51,-38.98736,-62.223625,Salas de Teatro
6,Buenos Aires,Trenque Lauquen,Cearte Centro del Arte Teatral,Saenz Peña 250,-35.967488,-62.729305,Salas de Teatro
6,Buenos Aires,Trenque Lauquen,Teatro Español,Uruguay 151,-35.973353,-62.734289,Salas de Teatro
6,Buenos Aires,Tres de Febrero,Cine Teatro Paramount,3 de Febrero 2561,-34.60542,-58.56396,Salas de Teatro
6,Buenos Aires,Tres de Febrero,Swing Estudio de Danza y Arte Escénico,Alianza  250,-34.64319,-58.53793,Salas de Teatro
6,Buenos Aires,Tres de Febrero,Cine Teatro Ocean,Avenida La Plata 3530,-34.6012,-58.54367,Salas de Teatro
6,Buenos Aires,Tres de Febrero,Universidad Nacional de 3 de Febrero  Sede Caseros,Valentín Gómez 4752,-34.60508,-58.56308,Salas de Teatro
6,Buenos Aires,25 De Mayo,Teatro Español,Calle 9 n°1038,-35.430544,-60.170685,Salas de Teatro
6,Buenos Aires,Vicente Lopez,Núcleo Espacio Artístico,Av. Maipu 3143,-34.50685,-58.4927,Salas de Teatro
6,Buenos Aires,Vicente Lopez,Centro Cultural Munro,Av. Velez Sarsfield 4650,-34.53044,-58.52398,Salas de Teatro
6,Buenos Aires,Vicente Lopez,Cine Teatro York,J. B. Alberdi 895,-34.507753,-58.485009,Salas de Teatro
6,Buenos Aires,Vicente Lopez,Salón AMIA,Melo 1853,-34.53150796,-58.48466067,Salas de Teatro
6,Buenos Aires,Vicente Lopez,Teatro Bertolt,Pedro Goyena 3231,-34.51340722,-58.5069679,Salas de Teatro
6,Buenos Aires,Villa Gesell,Teatro Gesell Plaza,Av. 3 nº 556,-37.2571,-56.969396,Salas de Teatro
6,Buenos Aires,Villa Gesell,Teatro San Martín,Av. 3 y Calle 105,-37.25143,-56.976791,Salas de Teatro
6,Buenos Aires,Zarate,Teatro Coliseo,19 de Marzo 314,-34.097691,-59.022057,Salas de Teatro
6,Buenos Aires,Zarate,Circo P. de Cultura Sala Vicente Primavera,Justa Lima de Atucha 667,-34.10077021,-59.02115364,Salas de Teatro
10,Catamarca,San Fernando del Valle de Catamarca,Teatro Urbano Girardi,Enrique Ocampo 58,-28.470454,-65.787475,Salas de Teatro
10,Catamarca,San Fernando del Valle de Catamarca,Sala Jose Horacio Monayar Del Teatro Municipal Sur,Florida 680,-28.4796494,-65.77687429,Salas de Teatro
10,Catamarca,San Fernando del Valle de Catamarca,Cine Teatro Catamarca,San Martín 515,-28.469646,-65.77888,Salas de Teatro
14,Córdoba,Embalse,Sala Tio Tom,Hipólito Yrigoyen 400,-32.20272,-64.40155,Salas de Teatro
14,Córdoba,Villa General Belgrano,Salón de Eventos y Convenciones del Mirador,Julio A. Roca 168,-31.97967,-64.56,Salas de Teatro
14,Córdoba,Villa Yacanto,Salón de Usos Múltiples Marcelino Martínez,Marrero y Aldo Musumeci,-32.10378253,-64.75410283,Salas de Teatro
14,Córdoba,Cordoba,Sala de las Américas,Bv. Las Heras 148,-31.438421,-64.188896,Salas de Teatro
14,Córdoba,Cordoba,Teatro Griego,Deodoro Roca y Gobernador Julio A Roca (Parque Sarmiento),-31.431048,-64.17348,Salas de Teatro
14,Córdoba,Cordoba,Galileo Centro Cultural,Gauss. Av. 5700,-31.35516,-64.2503,Salas de Teatro
14,Córdoba,Cordoba,Sala Sebastiana Teatro,Gral. Araoz de Lamadrid 55,-31.41391,-64.15991,Salas de Teatro
14,Córdoba,Cordoba,Paseo del Buen Pastor,Hipólito Yrigoyen 325,-31.42378,-64.18669,Salas de Teatro
14,Córdoba,Cordoba,Instituto Goethe,Hipolito Yrigoyen. Av. 646,-31.428062,-64.185212,Salas de Teatro
14,Córdoba,Cordoba,Cabildo Histórico,Independencia 30,-31.416589,-64.18453,Salas de Teatro
14,Córdoba,Cordoba,Plaza de la Música,Int. Mestre 1160,-31.4058,-64.1974,Salas de Teatro
14,Córdoba,Cordoba,Espacio Justo,Juan B. Justo 3112,-31.38885,-64.17599,Salas de Teatro
14,Córdoba,Cordoba,Empacho cultural,Juan B. Justo. Av. 1984,-31.40416,-64.17571,Salas de Teatro
14,Córdoba,Cordoba,Auditorio Luz y Fuerza Regional  Luis Gagliano,Jujuy 27,-31.41373,-64.19063,Salas de Teatro
14,Córdoba,Cordoba,Cocina de Culturas,Julio A. Roca 491,-31.42842,-64.19729,Salas de Teatro
14,Córdoba,Cordoba,Auditorio Carlos Ortiz,La Voz del Interior. Av. 6080,-31.39893,-64.182129,Salas de Teatro
14,Córdoba,Cordoba,Casa del Arte,Lima 420,-31.414208,-64.177025,Salas de Teatro
14,Córdoba,Cordoba,Unima Córdoba,Los Fundadores. Av. 101,-31.414415,-64.155994,Salas de Teatro
14,Córdoba,Cordoba,Teatro Maipú,Maipú 350,-31.413128,-64.178362,Salas de Teatro
14,Córdoba,Cordoba,Asociación Cultural Israelita de Córdoba ACIC,Maipú. Av. 350,-31.41324054,-64.1781937,Salas de Teatro
14,Córdoba,Cordoba,Orfeo Superdomo,Manuel Cardeñosa 3450,-31.368124,-64.214731,Salas de Teatro
14,Córdoba,Cordoba,El Vecindario,Marcelo T de Alvear 835,-31.42425,-64.19331,Salas de Teatro
14,Córdoba,Cordoba,Teatro Cultural Cañada,Marcelo T de Alvear y San Luis,-31.42171,-64.19208,Salas de Teatro
14,Córdoba,Cordoba,Plaza Güemes,Marcelo T. de Alvear. Av. 665,-31.42232,-64.19197,Salas de Teatro
14,Córdoba,Cordoba,Teatro Ciudad de las Artes,Pablo Ricchieri. Av. 1955,-31.43564,-64.17565,Salas de Teatro
14,Córdoba,Cordoba,Espacio 75,Rodríguez Peña 1600,-31.39524,-64.19019,Salas de Teatro
14,Córdoba,Cordoba,Studio Theater,Rosario de Santa Fe 272,-31.41711,-64.18047,Salas de Teatro
14,Córdoba,Cordoba,Teatro Real,San Jerónimo 66,-31.417436,-64.183428,Salas de Teatro
14,Córdoba,Cordoba,Teatro San Martín,Velez Sarsfield. Av. 365,-31.419518,-64.188838,Salas de Teatro
14,Córdoba,Agua de oro,Salón Municipal de Usos Múltiples,Juan Pablo I y Avenida Peñaloza,-31.05822813,-64.29557936,Salas de Teatro
14,Córdoba,Estación General Paz,Salón Municipal de Eventos Néstor Villafañe,Santiago del Estero s/n,-31.13411891,-64.14100566,Salas de Teatro
14,Córdoba,Jesús Maria,Salón Auditorio de la Sociedad Rural,Tucumán 255,-30.97642,-64.09511,Salas de Teatro
14,Córdoba,Jesús Maria,Da Vinci Auditorio,Tucumán 660,-30.98046,-64.09717,Salas de Teatro
14,Córdoba,La Calera,La Capilla Vieja,Ruta E55,-31.34415418,-64.33680937,Salas de Teatro
14,Córdoba,Mendiolaza,Salón Cultural Municipal Rafael Cacho Seguí,Avenida Malvinas Argentinas 285,-31.26929,-64.29897,Salas de Teatro
14,Córdoba,Río Ceballos,Sala Caminito Serrano,Av. San Martín 5273,-31.165148,-64.322083,Salas de Teatro
14,Córdoba,Salsipuedes,Complejo Cultural Ancón,Av. Belgrano 345,-31.13807,-64.29245,Salas de Teatro
14,Córdoba,Salsipuedes,Salón Cultural Oscar Salaverry,Av. Belgrano y Chacabuco,-31.13883441,-64.29066104,Salas de Teatro
14,Córdoba,Villa Allende,Casa de la Cultura,Figueroa Alcorta 426,-31.2917693,-64.2928228,Salas de Teatro
14,Córdoba,Villa Allende,El Mandarino Espacio Teatral,Mariano Moreno 270,-31.292191,-64.3006675,Salas de Teatro
14,Córdoba,Cruz del Eje,Teatro Aida,Thomas Edison 2124,-30.721123,-64.809898,Salas de Teatro
14,Córdoba,San Marcos Sierras,La Casa Vieja,Libertad s/n,-30.78034206,-64.64685151,Salas de Teatro
14,Córdoba,San Marcos Sierras,Galaxia Taf,Sarmiento 353,-30.78285,-64.63668,Salas de Teatro
14,Córdoba,Buchardo,Salón Cultural Alejandro Bonome,Lavalle y Belgrano,-34.72418,-63.50632,Salas de Teatro
14,Córdoba,Huinca Renanco,Salón de la Secretaría de Cultura,Santa Fe y San Martín,-34.83972512,-64.37248768,Salas de Teatro
14,Córdoba,Jovita,Sala Cine Teatro Sociedad Italiana,Diagonal Huergo 58,-34.51636,-63.93861,Salas de Teatro
14,Córdoba,Villa Huidobro,Salón de Usos Múltiples del Centro de Apoyo al Niño y la Familia Mirna Merlo,Pasaje San José de Calasanz y Dr. Antonio Pérez,-34.83718177,-64.58335717,Salas de Teatro
14,Córdoba,Villa Huidobro,Escenario Roberto Berola,Predio de la antigua estación del FFCC,-34.83718177,-64.58335717,Salas de Teatro
14,Córdoba,Arroyo Cabral,Salón Municipal,Dr. José María Parola 378,-32.4926618,-63.4000964,Salas de Teatro
14,Córdoba,Arroyo Cabral,Casa de la Cultura,Ex Sala del Concejo Deliberante,-32.4889825,-63.40147945,Salas de Teatro
14,Córdoba,Etruria,Cine Teatro Avenida,Bv. Sarmiento y Juan Martinez,-32.94051571,-63.24725651,Salas de Teatro
14,Córdoba,La Palestina,Auditorio Municipal,Tomás Borga 348,-32.61558848,-63.40923521,Salas de Teatro
14,Córdoba,Ticino,Salón Municipal,Pasaje Pte. Raùl Alonsin 308,-32.69192714,-63.43530444,Salas de Teatro
14,Córdoba,Villa María,Teatro La Salamandra del Barco Ebrio,Buenos Aires 472,-32.41527,-63.24987,Salas de Teatro
14,Córdoba,Villa María,Teatro La Llave,Carlos Pellegrini 230,-32.411435,-63.238424,Salas de Teatro
14,Córdoba,Villa María,Auditorio  Campus Universidad Villa María,Entre Ríos 1431,-32.4106447,-63.238163,Salas de Teatro
14,Córdoba,Villa María,Teatro Verdi,Hipólito Yrigoyen 318,-32.414961,-63.242219,Salas de Teatro
14,Córdoba,Villa María,Auditorio Antonio Sobral,Mitre 126,-32.41415,-63.24515,Salas de Teatro
14,Córdoba,Carnerillo,Centro Municipal de Cultura Intendente Luis Antonio Bersezio,Juan Brian Soaje 265,-32.913428,-64.02425,Salas de Teatro
14,Córdoba,General Deheza,Auditorio de la cooperativa eléctrica,Entre Ríos 147,-32.75898,-63.78959,Salas de Teatro
14,Córdoba,La Carlota,Teatro Municipal de Cultura,Dean Funes 850,-33.417045,-63.294245,Salas de Teatro
14,Córdoba,Camilo Aldao,Sala El Libertablas,3 de febrero y Boulevard San Martin,-33.12614245,-62.09660949,Salas de Teatro
14,Córdoba,General Baldissera,Cine Teatro Mitre,San Martín 158,-33.122045,-62.3064206,Salas de Teatro
14,Córdoba,General Roca,Cine Teatro Franz,Luisa Franz 132,-32.73046,-61.9162,Salas de Teatro
14,Córdoba,Guatimozin,Salón de Usos Múltiples del Instituto Secundario José Manuel Estrada,Santa Fe 265,-33.46491,-62.43755,Salas de Teatro
14,Córdoba,Los Surgentes,Teatro Municipal Cuarta Pared,Gral. López 180,-32.98508,-62.02615,Salas de Teatro
14,Córdoba,Los Surgentes,Salón Teatro de la Asociación Italiana Césare Battisti,Saenz Peña 353,-32.9847096,-62.021817,Salas de Teatro
14,Córdoba,Marcos Juárez,Sociedad Italiana,Belgrano 1024,-32.695516,-62.105175,Salas de Teatro
14,Córdoba,Marcos Juárez,Cine Teatro Español,España 105,-32.697254,-62.10641,Salas de Teatro
14,Córdoba,General Lavalle,Sociedad Italiana de Socorros Mutuos Unión y beneficiencia,Bernardino Rivadavia 158,-34.01221228,-63.92252286,Salas de Teatro
14,Córdoba,Capilla del Monte,Sala Poeta Lugones,Dean Funes 256,-30.85606709,-64.52431881,Salas de Teatro
14,Córdoba,Capilla del Monte,Cine Teatro Enrique Muiño,Dean Funes 526,-30.854811,-64.525749,Salas de Teatro
14,Córdoba,Capilla del Monte,Auditorio Luz y Fuerza Pcial Agustin Tosco,Dean Funes 672,-31.413273,-64.19341,Salas de Teatro
14,Córdoba,Capilla del Monte,Viva Falucho,Falucho 153,-30.86119,-64.52044,Salas de Teatro
14,Córdoba,Capilla del Monte,Espacio Viarava . Sala Multimedia,Hipólito Yrigoyen 136,-30.85793605,-64.52331622,Salas de Teatro
14,Córdoba,Capilla del Monte,Auditorio Diego de Torres,Obispo Trejo 323,-31.419306,-64.187172,Salas de Teatro
14,Córdoba,Capilla del Monte,Auditorio de Radio Nacional Córdoba CCNK,Santa Rosa 241,-31.411686,-64.185982,Salas de Teatro
14,Córdoba,Cosquin,Anfiteatro Cosquin,Sarmiento 589,-31.243533,-64.464124,Salas de Teatro
14,Córdoba,La Cumbre,Sala Luis Berti,Belgrano 470,-30.98504,-64.49142,Salas de Teatro
14,Córdoba,La Cumbre,Salón Caraffa,Pasaje Tassano 53,-30.9824,-64.49283,Salas de Teatro
14,Córdoba,La Falda,Escenario de Diagonal San Martín,Avenida Edén y Diagonal San Martín,-31.09331,-64.48604,Salas de Teatro
14,Córdoba,La Falda,Anfiteatro Municipal,Avenida España y Carlos Gardel,-31.09865,-64.48385,Salas de Teatro
14,Córdoba,La Falda,Salón Cultural Leopoldo Marechal,Sarmiento 92,-31.09423,-64.48606,Salas de Teatro
14,Córdoba,Villa Carlos Paz,Teatro Concert,9 de Julio  53,-31.42071,-64.499959,Salas de Teatro
14,Córdoba,Villa Carlos Paz,Teatro Escondido,9 de Julio 21,-31.420868,-64.499414,Salas de Teatro
14,Córdoba,Villa Carlos Paz,Teatro Melos,Alberdi 50,-31.42027,-64.49589,Salas de Teatro
14,Córdoba,Villa Carlos Paz,Salón Rizzuto,Avenida Ramón J. Cárcano 75,-31.42329,-64.49547,Salas de Teatro
14,Córdoba,Villa Carlos Paz,Teatro del Lago,Belgrano 81,-31.419482,-64.493681,Salas de Teatro
14,Córdoba,Villa Carlos Paz,Sala de convenciones,Gobernador Roca y Avenida Illia,-31.4006,-64.48168,Salas de Teatro
14,Córdoba,Villa Carlos Paz,Teatro Del Sol,Gral. Paz  250,-31.421929,-64.495848,Salas de Teatro
14,Córdoba,Villa Carlos Paz,Teatro Zorba,Montevideo 13,-31.420504,-64.500936,Salas de Teatro
14,Córdoba,Villa Giardino,Cine Teatro Alejandro Giardino,Domingo Micono 246,-31.03627739,-64.49288991,Salas de Teatro
14,Córdoba,Villla Carlos Paz,Teatro Candilejas,Pasaje Nini Marshall,-31.421473,-64.499791,Salas de Teatro
14,Córdoba,Achiras,Casa de los Oribe,Cabrera y Alsina,-33.17095,-64.99426,Salas de Teatro
14,Córdoba,C. Moldes,Teatro Everton,Sarmiento 49,-33.62308687,-64.59710335,Salas de Teatro
14,Córdoba,Elena,Cine Teatro Cooperativo de Elena,Mitre 31,-32.57165,-64.39333,Salas de Teatro
14,Córdoba,Río Cuarto,Sociedad Sirio Libanesa,Baigorria 258,-33.122203,-64.345105,Salas de Teatro
14,Córdoba,Río Cuarto,Teatrino de la Trapalanda,Colón 149,-33.124856,-64.350355,Salas de Teatro
14,Córdoba,Río Cuarto,Teatro Municipal,Constitución 945,-33.125561,-64.350073,Salas de Teatro
14,Córdoba,Río Cuarto,Vecinal Barrio Golf,Gobernador Guzman  1970,-33.116041,-64.372506,Salas de Teatro
14,Córdoba,Río Cuarto,Centro Cultural Viejo Mercado,Gral. Paz 1100,-33.128401,-64.34876,Salas de Teatro
14,Córdoba,Río Cuarto,Anfiteatro Municipal,Pasaje Hilario Fernandez 15,-33.154329,-64.356301,Salas de Teatro
14,Córdoba,Río Cuarto,Vecinal Roque Saenz Peña,Sadi Carnot 1518,-33.127393,-64.368858,Salas de Teatro
14,Córdoba,Sampacho,Cine Teatro Marconi,19 de noviembre 477,-33.3818,-64.72539,Salas de Teatro
14,Córdoba,San Basilio,Cine Teatro Ópera,Sarmiento 234,-33.49684,-64.31264,Salas de Teatro
14,Córdoba,Villa Santa Rosa,Predio Municipal Eva Perón del ex FFCC,Canónico Brochero s/n,-31.15147721,-63.40159126,Salas de Teatro
14,Córdoba,Laguna Larga,Centro Cultural Municipal Victoriano Puglié,Avenida Gral. Paz 562,-31.77718,-63.80399,Salas de Teatro
14,Córdoba,Luque,Salón de Centro Cívico Municipal,Belgrano 331,-31.64687363,-63.3447983,Salas de Teatro
14,Córdoba,Oncativo,Complejo Cultural Victoria,Belgrano 757,-31.91338,-63.68086,Salas de Teatro
14,Córdoba,Rio Segundo,Auditorio Jorge Bocos Lescano,Bv. Sarmiento 1346,-31.64948,-63.91279,Salas de Teatro
14,Córdoba,Villa del Rosario,Salón de actos municipal Silvia y Graciela Taborda Gómez,Hipólito Yrigoyen 870,-31.5537472,-63.5347313,Salas de Teatro
14,Córdoba,Mina Clavero,La Llamada Escénica,Av. Mitre 998,-31.72413,-65.00648,Salas de Teatro
14,Córdoba,Mina Clavero,Teatro Mina Clavero  Milac Navira,Carcano Esq. Cordoba,-31.72006,-65.3878,Salas de Teatro
14,Córdoba,Mina Clavero,Teatro El Candil,Costanera y Recalde,-31.72922109,-65.00549986,Salas de Teatro
14,Córdoba,Mina Clavero,Anfiteatro Municipal,Las Artes y Calle Publica,-31.719559,-65.4049,Salas de Teatro
14,Córdoba,Nono,SUM del IPEM nº135,Marta E. Uez s/n,-31.79557003,-65.00340363,Salas de Teatro
14,Córdoba,Villa Dolores,Auditorio Municipal,Avenida San Martin 602,-31.94974,-65.18373,Salas de Teatro
14,Córdoba,Villa Dolores,Asociación Española de Socorros Mutuos,Presidente Perón 136,-31.94595,-65.19133,Salas de Teatro
14,Córdoba,Arroyito,Teatrillo Municipal,Ruta Nacional N° 19 (ex predio del FFCC),-31.41939087,-63.05034441,Salas de Teatro
14,Córdoba,Brinkmann,Teatrillo Municipal,Av. Seeber 175,-30.86827,-62.03215,Salas de Teatro
14,Córdoba,Colonia Marina,Salón Cultural Municipal,Belgrano 25,-31.24850663,-62.36396456,Salas de Teatro
14,Córdoba,La Francia,Teatro Cine Moderno,Antonio Almada 172,-31.40405,-62.63249,Salas de Teatro
14,Córdoba,La Varillas,Cine Teatro Colón,Sarmiento 10,-31.868897,-62.715042,Salas de Teatro
14,Córdoba,Porteña,Asociación Italiana Príncipe Humberto,25 de Mayo 432,-31.12,-62.69562,Salas de Teatro
14,Córdoba,Sacanta,Centro Cultural Municipal,25 de Mayo 292,-31.66304,-63.04701,Salas de Teatro
14,Córdoba,San Francisco,Teatrillo Municipal Dr. Adolfo Cometto,Bv. 9 de Julio 1175,-31.43191,-62.07951,Salas de Teatro
14,Córdoba,San Francisco,Teatro Mayo,Garibaldi 38,-31.429695,-62.78101,Salas de Teatro
14,Córdoba,Saturnino María Laspiur,Auditorio de la vieja Iglesia,Rivadavia 2,-31.70293195,-62.48401809,Salas de Teatro
14,Córdoba,Almafuerte,Teatro Cooperativa,Tucumán 75,-32.19274,-64.25377,Salas de Teatro
14,Córdoba,Hernando,Cine Teatro Premier,Belgrano 135,-32.42586,-63.72885,Salas de Teatro
14,Córdoba,Oliva,Auditorio Municipal Oliva,Belgrano 292,-32.37797,-63.570144,Salas de Teatro
14,Córdoba,Río Tercero,Tabla Dos Casa de Teatro,Marin Marotto 280,-32.17886,-64.10669,Salas de Teatro
14,Córdoba,Río Tercero,Teatro Real Cooperativa,Uruguay 267,-32.17573,-64.107574,Salas de Teatro
14,Córdoba,Villa Tulumba,Salón Municipal Intendente Nicolás Alegre,9 de Julio y Monseñor Alfonso Durán,-30.39748156,-64.12317716,Salas de Teatro
14,Córdoba,Villa Tulumba,Salón Parroquial,Mario Enrique Flores s/n,-30.39748156,-64.12317716,Salas de Teatro
14,Córdoba,Aldea Santa Maria,Anfiteatro Municipal de Santa María de Punilla,San Martin 1909,-33.69726938,-62.9114763,Salas de Teatro
14,Córdoba,Ballesteros Sud,Centro Cultural Ballesteros Sud,José María Paz s/n,-32.58859712,-63.02703878,Salas de Teatro
14,Córdoba,Bell Ville,Teatro Coliseo Bell Ville,San Martín 64,-32.630754,-62.694024,Salas de Teatro
18,Corrientes,Corrientes,Anfiteatro Mario del T. Cocomarola,Av. Sarmiento 2650,-27.490509,-58.831012,Salas de Teatro
18,Corrientes,Corrientes,Teatro Juan de Vera,San Juan 637,-27.464646,-58.836553,Salas de Teatro
18,Corrientes,Curuzu Cuatia,Municipal Cervantes,Rivadavia 728,-29.790103,-58.55187,Salas de Teatro
18,Corrientes,Goya,Teatro Municipal Solari,Juan E. Martínez 350,-29.142753,-59.26248,Salas de Teatro
18,Corrientes,Ituzaingo,Anfiteatro Salvador Sena,Bernardino Valle y Libertador.,-27.5707613,-56.7246995,Salas de Teatro
18,Corrientes,Mercedes,Teatro Municipal Cervantes,Av. San Martín 990,-29.18349404,-58.07634906,Salas de Teatro
22,Chaco,Roque Saenz Peña,Juglarias,Calle 15 nº 530,-26.738727,-60.489229,Salas de Teatro
22,Chaco,Hermoso Campo,Salon de Usos Multiples,Avenida del Libertador,-27.60883999,-61.34415077,Salas de Teatro
22,Chaco,Tres Isletas,Cine Teatro Luis Landriscina,Moreno 250,-26.33507,-60.426394,Salas de Teatro
22,Chaco,Las Breñas,Auditorio Inmigrantes,Av. Gral Jones 1130,-26.959166,-61.2802,Salas de Teatro
22,Chaco,Resistencia,La Fabrica de Artes,9 de Julio 2890,-27.474012,-58.960708,Salas de Teatro
22,Chaco,Resistencia,Cine Teatro Obrero,Brown 1401,-27.488924,-58.925894,Salas de Teatro
22,Chaco,Resistencia,Danzarte,Hipólito Yrigoyen 231,-27.452203,-58.983589,Salas de Teatro
22,Chaco,Resistencia,Sala Azul de Teatro,San Martin 1454,-27.09105163,-61.08367903,Salas de Teatro
26,Chubut,Puerto Madryn,Teatro del Muelle,Avenida Guillermo Rawson 60,-42.762635,-65.035447,Salas de Teatro
26,Chubut,Lago Puelo,I.S.F.D.A N° 814,Km 4 de la Ruta Provincial N16,-42.06729231,-71.59815756,Salas de Teatro
26,Chubut,Comodoro Rivadavia,Centro Teatro,Alvear 920,-45.860723,-67.497352,Salas de Teatro
26,Chubut,Trelew,Teatro Español,25 de Mayo 237,-43.2525459,-65.30962069,Salas de Teatro
26,Chubut,Trelew,Instituto S. Formación Docente Artística Nº 805,Roque Gonzalez y Jose Berreta,-43.24835386,-65.31038133,Salas de Teatro
26,Chubut,Trelew,Teatro Verdi,San Martin 126,-43.2504766,-65.31042218,Salas de Teatro
30,Entre Ríos,Colón,Teatro Centenario,12 de Abril  340,-32.222744,-58.140306,Salas de Teatro
30,Entre Ríos,Colón,Galpón de Arte del Revés,Torrieri 285,-32.22321809,-58.14196748,Salas de Teatro
30,Entre Ríos,Concordia,Auditorium,1 de Mayo Y Urquiza,-31.397866,-58.17736,Salas de Teatro
30,Entre Ríos,Gral. Ramirez,Casa Municipal de La Cultura,Sarmiento 1,-32.1748,-60.200925,Salas de Teatro
30,Entre Ríos,Federación,Anfiteatro Juancho Garcilazo,Juan Jose Paso y Los Claveles,-30.985036,-57.919842,Salas de Teatro
30,Entre Ríos,Federación,Poblarte,San Martín y 25 de Marzo,-30.98607,-57.92022,Salas de Teatro
30,Entre Ríos,Federal,Auditorio Centro Municipal de Cultura,Belgrano Y 25 de Mayo,-30.952229,-58.784945,Salas de Teatro
30,Entre Ríos,Gualeguaychú,Instituto Magnasco,Camila Nievas 78,-33.009862,-58.509135,Salas de Teatro
30,Entre Ríos,Gualeguaychú,Espacio Delta,Ituzaingo 1096,-33.00582738,-58.52049571,Salas de Teatro
30,Entre Ríos,Gualeguaychú,Gualeguaychu,Urquiza 705,-33.008716,-58.513617,Salas de Teatro
30,Entre Ríos,Larroque,Sala de Teatro Padre Paoli,Estación s/n (Parque de la Estación),-33.03783019,-59.00187128,Salas de Teatro
30,Entre Ríos,Urdinarrain,Cine Teatro 9 de Julio,Urquiza 28,-32.68673,-58.889627,Salas de Teatro
30,Entre Ríos,Nogoyá,Teatro Manuel Belgrano,Caseros 1060,-32.399216,-59.78774,Salas de Teatro
30,Entre Ríos,Crespo,Salón Teatro Municipal,25 de Mayo 943,-32.0313078,-60.3055842,Salas de Teatro
30,Entre Ríos,Paraná,Teatro 3 de Febrero,25 de Junio 54,-31.730958,-60.531305,Salas de Teatro
30,Entre Ríos,Paraná,Teatro Luz y Fuerza,Corrientes 667,-31.725958,-60.52556,Salas de Teatro
30,Entre Ríos,Paraná,Escuela de Música  Danza y Teatro Prof. Constancio Carminio,Italia 61,-31.73195799,-60.53288961,Salas de Teatro
30,Entre Ríos,Paraná,Centro Cultural Gloria Montoya,Rivadavia Y Berduc,-31.718231,-60.537925,Salas de Teatro
30,Entre Ríos,San Benito,SUM Las Marías,Guido Marizza 540,-31.78365,-60.43624,Salas de Teatro
30,Entre Ríos,San Salvador,Sala San Martín,San Martín entre 3 de Febrero y Urquiza,-31.626079,-58.504524,Salas de Teatro
30,Entre Ríos,Macia,Teatro Municipal Jorge Alfredo Alasino,Tte. Gral. J. D. Perón entre Mitre y Urquiza,-32.167424,-59.399973,Salas de Teatro
30,Entre Ríos,Concepcion del Uruguay,Municipal Auditorium Carlos María Scelzi,8 de Junio 773,-32.482537,-58.233277,Salas de Teatro
30,Entre Ríos,Concepcion del Uruguay,Sala Auditorio Arturo Illia,San Martin Y Moreno,-32.485382,-58.232077,Salas de Teatro
34,Formosa,Formosa,Teatro de la Ciudad,Avenida 9 de Julio y España,-26.183653,-58.174754,Salas de Teatro
38,Jujuy,San Salvador de Jujuy,La Caja,Alvear 534,-24.184029,-65.300715,Salas de Teatro
38,Jujuy,San Salvador de Jujuy,Escuela Secundario de Arte Nº 42,Arroyo Colorado y La Quiaca,-24.1844139,-65.30399867,Salas de Teatro
38,Jujuy,San Salvador de Jujuy,La Hilandería. Profesorado de Teatro IES N°4,Av. Bolivia 1600,-24.17905,-65.32831,Salas de Teatro
38,Jujuy,San Salvador de Jujuy,Escuela Provincial de Teatro Tito Guerra,Belgrano 246,-24.18216,-65.301221,Salas de Teatro
38,Jujuy,San Salvador de Jujuy,Teatro Mitre,Gral. Alvear 1009,-24.184288,-65.307074,Salas de Teatro
38,Jujuy,San Salvador de Jujuy,Cine Teatro Select,Gral. Alvear 663,-24.1840756,-65.3024154,Salas de Teatro
38,Jujuy,San Salvador de Jujuy,Macedonio Graz,Gral. Lamadrid y Gral Güemes,-24.1831,-65.30704,Salas de Teatro
38,Jujuy,San Salvador de Jujuy,Sala Jorge ACCAME,Gurruchaga y 9 de julio,-24.1956975,-65.28631325,Salas de Teatro
38,Jujuy,San Salvador de Jujuy,Anfiteatro Aire Libre,Plaza de  los Inmigrantes,-24.191507,-65.293834,Salas de Teatro
38,Jujuy,San Salvador de Jujuy,Gruta Artes Escénicas,Senador Pérez 178,-24.18723,-65.308038,Salas de Teatro
38,Jujuy,Calilegua,INTI Espacio Cultural,Paterson s/n entre Belgrano y 9 de Julio,-23.776514,-64.769498,Salas de Teatro
38,Jujuy,Tilcara,Tinglado Municipal,Lavalle y Marcelo Vargas,-23.57586261,-65.39369407,Salas de Teatro
42,La Pampa,Macachin,Asociación Española Macachín,J. Fratini 254,-37.13570597,-63.66608976,Salas de Teatro
42,La Pampa,Santa Rosa,Centro Provincial De Cultura Medasur,Avenida Belgrano Sur 180,-27.802202,-64.251389,Salas de Teatro
42,La Pampa,Eduardo Castex,Cine Teatro Italiano,Sarmiento 1044,-35.916461,-64.298669,Salas de Teatro
42,La Pampa,General Pico,Asociación Española de Socorros Mutuos,Calle 13 n°951,-35.659038,-63.754789,Salas de Teatro
42,La Pampa,General Pico,Ruido y Nueces,Calle 17 y Calle 14,-35.663463,-63.756323,Salas de Teatro
42,La Pampa,General Pico,El Viejo Galpón,Calle 24 nº 500,-35.65643,-63.7533,Salas de Teatro
42,La Pampa,25 de Mayo,Salón Comunal,Gral. Pico y Figueroa Alcorta,-37.77004,-67.71652,Salas de Teatro
42,La Pampa,Colonia Baron,Escuela N° 13,Rivadavia y Alem,-36.176865,-63.875699,Salas de Teatro
42,La Pampa,Toay,Cine Teatro Pampero,Avenida de Los Inmigrantes 201,-36.682545,-64.370186,Salas de Teatro
42,La Pampa,Trenel,Salón Comunal,Alem Y Roca,-35.700069,-64.13269,Salas de Teatro
46,La Rioja,La Rioja,Sala Beatriz Piquera,9 de Julio 156,-29.415192,-66.854864,Salas de Teatro
46,La Rioja,La Rioja,Espacio 73,Catamarca 73,-29.4129465,-66.85916662,Salas de Teatro
46,La Rioja,La Rioja,Galpón De La Vieja Estacion,Facundo Quiroga 1000,-29.4128,-66.85598,Salas de Teatro
46,La Rioja,La Rioja,Ciudad de las Artes,Juan Quiroga 1000,-29.42327322,-66.86095297,Salas de Teatro
46,La Rioja,La Rioja,Teatro Víctor María Caceres,Ortiz de Ocampo 1700,-29.429904,-66.860033,Salas de Teatro
46,La Rioja,La Rioja,Teatro de la Ciudad,Pasaje Calchaquí 1-26,-29.412568,-66.851303,Salas de Teatro
46,La Rioja,La Rioja,Playón del Pueblo Cultural,Pasaje Diaguita s/n,-29.4122449,-66.8519627,Salas de Teatro
46,La Rioja,La Rioja,Manuel Chiesa,Santa Fe 794,-29.4173389,-66.858716,Salas de Teatro
46,La Rioja,Villa Sanagasta,Salón Cultural La Vieja Bodega,Sarmiento entre Avenida San Martin y Carlos Alvarez,-29.30644915,-67.04140974,Salas de Teatro
50,Mendoza,Mendoza,Microcine Municipal,9 de Julio 500,-32.89794,-68.84296,Salas de Teatro
50,Mendoza,Mendoza,La Nave Cultural,Agustín J. Mazza entre España y Mitre,-32.8869689,-68.85430752,Salas de Teatro
50,Mendoza,Mendoza,Anfiteatro Frank Romero Day,Bajada del Cerro S/N,-32.891871,-68.893146,Salas de Teatro
50,Mendoza,Mendoza,Teatro Independencia,Chile 1184,-32.888451,-68.845991,Salas de Teatro
50,Mendoza,Mendoza,Vararte,Chile 1230,-32.8879752,-68.8455601,Salas de Teatro
50,Mendoza,Mendoza,Arena Maipu,Emilio Civit y Maza,-32.97707,-68.7984,Salas de Teatro
50,Mendoza,Mendoza,La Bancaria,España 1234,-32.888702,-68.841571,Salas de Teatro
50,Mendoza,Mendoza,La Casa de los Títeres,España 1234,-32.88864,-68.84156,Salas de Teatro
50,Mendoza,Mendoza,Estación Cutural Ciudad,Las Heras 745,-32.884443,-68.847885,Salas de Teatro
50,Mendoza,Mendoza,Sala Lita Tancredi,Montecaseros 1177,-32.890379,-68.831592,Salas de Teatro
50,Mendoza,Mendoza,La Calesita. Parque Gral. San Martín,Parque Gral. San Martín,-32.88767,-68.84065,Salas de Teatro
50,Mendoza,Mendoza,Auditorio Adolfo de La Calle,Primitivo de La Reta  1042,-32.890183,-68.84405,Salas de Teatro
50,Mendoza,Mendoza,Secretaría de Músicos SMCuyo,Rioja 1439,-32.887053,-68.835476,Salas de Teatro
50,Mendoza,Mendoza,La Comedia,San Juan 456,-32.898576,-68.839492,Salas de Teatro
50,Mendoza,Mendoza,Asociación Ecumenica de Cuyo,San Lorenzo 478,-32.89279793,-68.84635125,Salas de Teatro
50,Mendoza,Mendoza,Teatro Municipal Julio Quintanilla,Subsuelo de Plaza Independencia,-32.88955,-68.84483,Salas de Teatro
50,Mendoza,Mendoza,Fusari Estudio de Danza,Uruguay 722,-32.882526,-68.85927,Salas de Teatro
50,Mendoza,Godoy Cruz,Teatro Gladys Ravalle,Almte. Brown 755,-32.91651,-68.84798,Salas de Teatro
50,Mendoza,Godoy Cruz,Parque Benegas,Artigas 99,-32.9515835,-68.8514055,Salas de Teatro
50,Mendoza,Godoy Cruz,Espacio Tiempo es Arte,Roque Saenz Peña 1655,-32.90752709,-68.84513323,Salas de Teatro
50,Mendoza,Godoy Cruz,El Estudio,San Martín 1656,-32.90764186,-68.8439133,Salas de Teatro
50,Mendoza,Godoy Cruz,El Living,Valle Iberlucea 2065,-32.90350772,-68.85050894,Salas de Teatro
50,Mendoza,Godoy Cruz,Cine Teatro Plaza,Colon 27,-32.924858,-68.844975,Salas de Teatro
50,Mendoza,Godoy Cruz,Auditorio del Parque Tematico,Joaquín V. y Cipolletti,-32.932224,-68.858806,Salas de Teatro
50,Mendoza,Dorrego,Teatro El Retortuno,Dorrego 173,-32.899154,-68.828859,Salas de Teatro
50,Mendoza,Guaymallen,Cine Teatro Recreo,Pedro Molina 110,-32.879197,-68.826655,Salas de Teatro
50,Mendoza,Luján De Cuyo,Las Marias Espacio de Arte,Las Marias 4958,-32.989497,-68.882905,Salas de Teatro
50,Mendoza,Malargue,Auditorio Ctro.De Congreso Y Exposicion,Avenida San Martin 524,-35.471427,-69.585687,Salas de Teatro
50,Mendoza,Rivadavia,Cine Teatro Ducal,Lavalle 740,-33.23286318,-68.48373336,Salas de Teatro
50,Mendoza,Rivadavia,Luis Encio Bianchi,Lavalle y Aristóbulo del Valle,-32.880634,-68.821054,Salas de Teatro
50,Mendoza,San Carlos,Anfiteatro Municipal Neyu Mapu,Av General San Martin,-33.77683493,-69.04909061,Salas de Teatro
50,Mendoza,San Carlos,Cine Teatro Real,San Martín 333,-33.77281,-69.0398,Salas de Teatro
50,Mendoza,San Martín,Escuela 1 008  Gral. San Martín,25 de Mayo 149,-33.085283,-68.47414,Salas de Teatro
50,Mendoza,San Martín,Teatro Cervantes,9 de Julio 187,-33.080767,-68.471599,Salas de Teatro
50,Mendoza,San Martín,Instituto Superior de Formación Docente y Técnica 9 001,9 de Julio y Chubut,-33.073167,-68.467069,Salas de Teatro
50,Mendoza,San Martín,Casa de la Cultura,Avenida Mitre y Libertador,-33.083213,-68.472881,Salas de Teatro
50,Mendoza,San Martín,Auditorio del IESDYT N° 9 001 Gral. José de San Martín,Chubut 82,-33.07337,-68.466016,Salas de Teatro
50,Mendoza,San Martín,Casa España,Pueyrredón 160,-33.082607,-68.467691,Salas de Teatro
50,Mendoza,San Rafael,Instituto Profesorado de Arte,Avenida Mitre 851,-34.62005,-68.31793,Salas de Teatro
50,Mendoza,San Rafael,Teatro Roma,Hipólito Yrigoyen 280,-34.613019,-68.33899,Salas de Teatro
50,Mendoza,San Rafael,Teatro Excelsior,Independencia 200,-34.620534,-68.329645,Salas de Teatro
50,Mendoza,San Rafael,Anfiteatro Chacho Santa Cruz,Pellegrini 120,-34.614289,-68.330575,Salas de Teatro
50,Mendoza,San Rafael,Gabinete Multiespacio,San Martin 174,-34.61441,-68.32893,Salas de Teatro
50,Mendoza,Tunuyán,Auditorio Municipal de Tunuyán Dr. Jorge Raúl Silvano,Alem 748,-33.582215,-69.012233,Salas de Teatro
50,Mendoza,Tunuyán,Anfiteatro Tunuyan,Bertona y Bataglia,-33.575049,-69.9065,Salas de Teatro
54,Misiones,Posadas,Anfitearo Manuel Antonio Ramírez,Av. Costanera 1778,-27.353441,-55.893407,Salas de Teatro
54,Misiones,Posadas,Parque del Conocimiento,Avenida Ulises López (Acceso Oeste) y Ruta Nacional 12,-27.39631,-55.96376,Salas de Teatro
54,Misiones,Posadas,Auditórium del Instituto Montoya,Ayacucho 1962,-27.368154,-55.897089,Salas de Teatro
54,Misiones,Posadas,Teatro El Antifaz,Catamarca 1744,-27.370792,-55.893685,Salas de Teatro
54,Misiones,Posadas,Auditórium Escuela Prov. De Danza y Música,Colon 9,-27.367785,-55.894791,Salas de Teatro
54,Misiones,El Dorado,Facultad de Ciencias Forestales,Bertoni 124 km 3,-26.40527,-54.66581,Salas de Teatro
54,Misiones,Ruiz de Montoya,Auditorium Instituto Línea Cuchilla,Avenida Pastor Jorge Bäschlin,-26.96658828,-55.05758992,Salas de Teatro
54,Misiones,Oberá,Anfiteatro Parque de las Naciones,Ucrania 1050,-27.499749,-55.110495,Salas de Teatro
58,Neuquén,Alumine,Salón Municipal,Torcuato Modarelli 233,-39.2349739,-70.9225082,Salas de Teatro
58,Neuquén,Cutral Co,Cine Teatro Cultural,Av.del Trabajo Y Elordi,-38.93159,-69.230003,Salas de Teatro
58,Neuquén,Neuquen,Escuela de Títeres Alicia Murphy,Anaya 299,-38.958966,-68.84145,Salas de Teatro
58,Neuquén,Neuquen,Sala Emilio Saraco,Av.Olascoaga Y Las Vias,-38.95567119,-68.05678368,Salas de Teatro
58,Neuquén,Neuquen,Aula Magna  Universidad del Comahue,Buenos Aires 400,-38.95086,-68.57519,Salas de Teatro
58,Neuquén,Neuquen,Centro de Congresos y Convenciones,Calafate nº 15 y Bv. Nahuel Huapi,-38.94928568,-68.08390576,Salas de Teatro
58,Neuquén,Neuquen,Teatro El Viento,Juan B. Justo 648,-38.9540799,-68.0682775,Salas de Teatro
58,Neuquén,Neuquen,El Sol,Las Gaviotas y General Juan Pirker,-38.939739,-68.120285,Salas de Teatro
58,Neuquén,Neuquen,Auditorio MNBA,Mitre y Santa cruz,-38.956969,-68.053563,Salas de Teatro
58,Neuquén,Neuquen,Escuela Municipal de Danza,Planas 165,-38.95923983,-68.06169812,Salas de Teatro
58,Neuquén,Neuquen,Rainbow Salon,Planas 4005,-38.959014,-68.114566,Salas de Teatro
58,Neuquén,Neuquen,Media Luna Espacio Cultural,Sarmiento 274,-38.957228,-68.062957,Salas de Teatro
58,Neuquén,Neuquen,Sala Alicia Fernandez Rego,Vuelta de Obligado 50,-38.955662,-68.58159,Salas de Teatro
58,Neuquén,Chos Malal,Cine Teatro Municipal Pedro Secundino Peri,Sarmiento 145,-37.37537524,-70.27567863,Salas de Teatro
58,Neuquén,San Martín de los Andes,Hotel Chapelco Ski,Belgrano 867,-40.157336,-71.34924,Salas de Teatro
58,Neuquén,San Martín de los Andes,Teatro San José,Capitan Drury 759,-40.156608,-71.351289,Salas de Teatro
58,Neuquén,Villa La Angostura,Centro de Convenciones Arrayanes,Las Frutillas 10,-40.767292,-71.647598,Salas de Teatro
58,Neuquén,Zapala,Teatro Pigmeo,Bartolome Mitre 253,-38.90115,-70.060052,Salas de Teatro
62,Río Negro,Viedma,Espacio Rakesh,Bv. Ituzaingo 1297,-40.8231,-62.9959,Salas de Teatro
62,Río Negro,Viedma,La Lunera,Colón 498,-40.8102814,-62.9924837,Salas de Teatro
62,Río Negro,Viedma,Centro Municipal de Cultura,Gallardo 550,-40.815241,-62.985239,Salas de Teatro
62,Río Negro,Viedma,Fundación Creando Futuro,Mitre 1086,-40.815608,-62.998053,Salas de Teatro
62,Río Negro,San Carlos De Bariloche,Gimnasio María Auxiliadora,Beschtedt 647,-41.140243,-71.30348,Salas de Teatro
62,Río Negro,San Carlos De Bariloche,Teatro La Baita,Moreno 39,-41.1346605,-71.3093629,Salas de Teatro
62,Río Negro,San Carlos De Bariloche,Escuela Municipal de Arte La LLave,Sobral 130,-41.15477942,-71.30069017,Salas de Teatro
62,Río Negro,General Conesa,Cine Teatro Municipal,San Martín y Mitre,-40.10473543,-64.45296195,Salas de Teatro
62,Río Negro,Allen,Teatro Municipal de Allen,Eva Peron 198,-38.97724,-67.82673,Salas de Teatro
62,Río Negro,Cinco Saltos,Cine Teatro Español Cinco Saltos,Gral. Roca 326,-38.827921,-68.064933,Salas de Teatro
62,Río Negro,Cipolletti,Centro Municipal de Danza,Bernardo O'Higgins 61,-38.937394,-68.002135,Salas de Teatro
62,Río Negro,Cipolletti,Casa de la Música,Fernandez Oro 787,-38.94237,-67.99173,Salas de Teatro
62,Río Negro,Cipolletti,Teatro El Anden,Fernandez Oro Y Miguel Munoz,-38.941337,-67.995657,Salas de Teatro
62,Río Negro,General Roca,Auditorio,Rivadavia 2263,-39.02185104,-67.59679556,Salas de Teatro
62,Río Negro,Dina Huapi,Salón de Usos Múltiples Roberto Navarro,Nicaragua entre Colombia y Ecuador,-41.06919342,-71.16219333,Salas de Teatro
62,Río Negro,Sierra Grande,Cine Teatro Municipal de Sierra Grande,Docentes Rionegrinos entre Calle 8 y Calle 10,-41.60718633,-65.35340174,Salas de Teatro
66,Salta,Salta,C.C. Holver Martinez Borelli,Alvarado  551,-24.791244,-65.409131,Salas de Teatro
66,Salta,Salta,Procultura Salta,Bartolome Mitre 331,-24.78589635,-65.41075937,Salas de Teatro
66,Salta,Salta,Sala Juan Carlos Dávalos Casa de la Cultura,Caseros 460,-24.789876,-65.409128,Salas de Teatro
66,Salta,Salta,Teatro de la Fundación Salta,General Guemes 434,-24.786581,-65.40846,Salas de Teatro
66,Salta,Salta,Teatro Sensaciones,Mitre 1300,-24.7733,-65.409394,Salas de Teatro
66,Salta,Salta,Teatro del Huerto,Pueyrredon 175,-24.787937,-65.406746,Salas de Teatro
66,Salta,Salta,Teatro Provincial de Salta,Zuviria 70,-24.788653,-65.409591,Salas de Teatro
66,Salta,Tartagal,Círculo Argentino,Rivadavia 320,-24.782722,-65.406502,Salas de Teatro
70,San Juan,Albardon,Cine Teatro Municipal de Albardon,Castelli 1830,-31.44005721,-68.52020186,Salas de Teatro
70,San Juan,San Juan,Auditorio Juan Victoria,25 de Mayo 1215,-31.529919,-68.543518,Salas de Teatro
70,San Juan,San Juan,Anfiteatro del Auditorio,Av. 25 de Mayo Y Urquiza,-31.529323,-68.544126,Salas de Teatro
70,San Juan,San Juan,Teatro Sarmiento,Av. L. N. Alem Norte 34,-31.534264,-68.532148,Salas de Teatro
70,San Juan,San Juan,Cine Teatro Municipal,Bartolome Mitre 1,-31.537841,-68.525086,Salas de Teatro
70,San Juan,San Juan,IOPPS,Pedro Echagüe 475,-31.531114,-68.533461,Salas de Teatro
70,San Juan,San Juan,Instituto Goethe,Santa Fe 114,-31.538927,-68.52415,Salas de Teatro
70,San Juan,Rawson,Centro de Convenciones Rawson,Boulevard Sarmiento entre Avenida España e Ing Krawse,-31.58265,-68.54177,Salas de Teatro
70,San Juan,Rawson,Sala Expresión Contemporánea,Mendoza 2211,-31.510322,-68.53049,Salas de Teatro
74,San Luis,Villa Mercedes,Sociedad Italiana de Villa Mercedes,Junin 134,-33.685786,-65.469631,Salas de Teatro
74,San Luis,Villa Mercedes,La Pedrera,Ruta Costanera Sur 475,-33.6996631,-65.4838394,Salas de Teatro
74,San Luis,San Luis,Centro Cultural de la UNSL,Ejército de los Andes 952,-33.292048,-66.339653,Salas de Teatro
74,San Luis,San Luis,Teatro Jorge A. Laffue,San Martín 578,-33.655795,-65.4539891,Salas de Teatro
78,Santa Cruz,Pico Truncado,Teatro Lazaro Urdin,Savedra y Rivadavia,-46.802113,-67.962072,Salas de Teatro
78,Santa Cruz,Puerto Deseado,Colegio San José,12 de Octubre 577,-47.7479851,-65.888842,Salas de Teatro
78,Santa Cruz,Puerto Deseado,Teatro Español,San Martín 1100,-47.7528218,-65.8957979,Salas de Teatro
78,Santa Cruz,Puerto Deseado,Sociedad Española de Socorros Mutuos,San Martin Y Moreno,-47.752144,-65.897471,Salas de Teatro
78,Santa Cruz,Rio Turbio,Auditorio Pancho Zapata,Av. de los Mineros 1260,-51.540518,-72.340264,Salas de Teatro
78,Santa Cruz,Pto San Julian,Teatro Talia,25 de Mayo 799,-49.3099396,-67.7168705,Salas de Teatro
82,Santa Fe,Tortugas,Salón Comunal de Cultura,Av. Rivadavia y Celman,-32.7469,-61.81929,Salas de Teatro
82,Santa Fe,Arteaga,Cine Teatro Alianza,San Martín 267,-33.09111,-61.79152,Salas de Teatro
82,Santa Fe,Casilda,Teatro Municipal Dante Aligieri,España 1910,-33.47196,-61.166767,Salas de Teatro
82,Santa Fe,Villada,Sala Cultural Claudio Zoela,San Miguel y San Martin,-33.34969,-61.44506,Salas de Teatro
82,Santa Fe,Ataliva,Sociedad Italiana,25 de mayo 262,-30.99339,-61.42881,Salas de Teatro
82,Santa Fe,Ataliva,Sociedad Italiana de Socorros Mutuos Patria y Trabajo,San Juan 43,-30.99811878,-61.43251869,Salas de Teatro
82,Santa Fe,Humberto Primo,Sociedad Ítalo Argentina Nueva Roma,Av. San Martín 157,-30.86594,-61.36189,Salas de Teatro
82,Santa Fe,Rafaela,Parque Villa Podio,Aguado y Simonetta,-31.264,-61.47591,Salas de Teatro
82,Santa Fe,Rafaela,Vecinal Barrio Ntra. Sra. de Luján,América 1310,-31.2457,-61.47015,Salas de Teatro
82,Santa Fe,Rafaela,Crar Club Escuela de Circo,Av. A. del Valle 555,-31.2585,-61.48609,Salas de Teatro
82,Santa Fe,Rafaela,Vecinal Barrio Ilolay,Av. J.M. Williner,-31.24824824,-61.49981179,Salas de Teatro
82,Santa Fe,Rafaela,Sociedad Española,Av. Mitre 83,-31.25332,-61.48413,Salas de Teatro
82,Santa Fe,Rafaela,Museo Municipal Usina Del Pueblo,Av. Santa Fe 1633,-31.25584,-61.47339,Salas de Teatro
82,Santa Fe,Rafaela,Plaza 9 De Julio,Avellaneda 943,-31.244622,-61.50037,Salas de Teatro
82,Santa Fe,Rafaela,Playón del Barrio Jardín,Brasca 650,-31.2554,-61.51493,Salas de Teatro
82,Santa Fe,Rafaela,Plaza 25 de Mayo,Bv. Santa Fe y San Lorenzo,-31.25267,-61.49169,Salas de Teatro
82,Santa Fe,Rafaela,Vecinal Barrio Pablo Pizurno,Bv. Yrigoyen 1204,-31.26411,-61.49438,Salas de Teatro
82,Santa Fe,Rafaela,Academia de Artes,Chacabuco 153,-31.2543,-61.49393,Salas de Teatro
82,Santa Fe,Rafaela,Vecinal Barrio Mora,Dr. M. Baliño 886,-31.22716,-61.47606,Salas de Teatro
82,Santa Fe,Rafaela,Vecinal Barrio 30 De Octubre,Güemes y Agustín Alvarez,-31.24824824,-61.49981179,Salas de Teatro
82,Santa Fe,Rafaela,Hospital Dr. Jaime Ferré,Lisandro de la Torre 737,-31.2442164,-61.5010313,Salas de Teatro
82,Santa Fe,Rafaela,Salón de la Parroquia Sagrado Corazón de Jesús,M. de Lorenzi y B. de Irigoyen,-31.24824824,-61.49981179,Salas de Teatro
82,Santa Fe,Rafaela,Carpa de Circo,Roque Saenz Peña y 1ero de Mayo.,-31.24722,-61.47841,Salas de Teatro
82,Santa Fe,Rafaela,Anfiteatro Parque de los Eucaliptus,Roque Saenz Peña y Avenida Mitre.,-31.25175,-61.47702,Salas de Teatro
82,Santa Fe,Rafaela,Anfiteatro Alfredo Williner,Sacripanti 1064,-31.26169,-61.5013,Salas de Teatro
82,Santa Fe,Rafaela,Complejo Cultural del Viejo Mercado,Sarmiento 544,-31.25183,-61.48547,Salas de Teatro
82,Santa Fe,Rafaela,Escuela N° 1287 Juan Domingo Perón,Vuelta De Obligado 1913,-31.2684791,-61.5057286,Salas de Teatro
82,Santa Fe,Sunchales,Auditorio Centro Educativo Tecnológico,Ruta Nacional N°34 KM 262,-30.9299,-61.54647,Salas de Teatro
82,Santa Fe,Zenón Pereyra,Sala Cine San Martín,R. R. Prigioni 578,-31.56439721,-61.89842506,Salas de Teatro
82,Santa Fe,Firmat,Sala Cultural Intendente Cardinalli,Buenos Aires 1090,-33.45768,-61.48687,Salas de Teatro
82,Santa Fe,Firmat,Teatro Verdi,Buenos Aires 955,-33.460354,-61.486926,Salas de Teatro
82,Santa Fe,Rufino,Sala Municipal Cine Tetaro Hispano,Cobo 181,-34.26317546,-62.71148477,Salas de Teatro
82,Santa Fe,Rufino,Cine Teatro Marconi,Dr. E. Carballeira 255,-34.248727,-62.703636,Salas de Teatro
82,Santa Fe,Santa Isabel,Complejo Cultural Centenario,Gral. López 750,-33.88505,-61.69565,Salas de Teatro
82,Santa Fe,Teodelina,Cine y Teatro Julio Gutierrez Martín,Avenida José Roberti 363,-34.19161309,-61.52722646,Salas de Teatro
82,Santa Fe,Venado Tuerto,Verdi Venado Tuerto,Belgrano 357,-33.749552,-61.964169,Salas de Teatro
82,Santa Fe,Venado Tuerto,Cine Teatro IDEAL (Teatro Provincial),Pellegrini 980,-33.750612,-61.964891,Salas de Teatro
82,Santa Fe,Avellaneda,Auditorio Municipal,Av. San Martín 830,-29.11936598,-59.65925124,Salas de Teatro
82,Santa Fe,Avellaneda,Teatro Maximo Vicentin,Calle 14 n°350,-29.112868,-59.656439,Salas de Teatro
82,Santa Fe,Reconquista,Teatro Español  Reconquista,Habegger 545,-29.146752,-59.643483,Salas de Teatro
82,Santa Fe,Reconquista,Auditorio Municipal,San Martín 810,-29.14577,-59.64264,Salas de Teatro
82,Santa Fe,Villa Ocampo,Complejo Cultural Arno,25 de Mayo 1951,-28.49061,-59.35414,Salas de Teatro
82,Santa Fe,Cañada De Gomez,Teatro Verdi,Moreno 277,-32.817907,-61.396213,Salas de Teatro
82,Santa Fe,Santa Fe,El Taller Casa de Arte,1º de Mayo  2924,-31.641229,-60.709253,Salas de Teatro
82,Santa Fe,Santa Fe,LOA,25 de mayo 1867,-31.65426,-60.70751,Salas de Teatro
82,Santa Fe,Santa Fe,Foro Cultural Universitario,9 de Julio 2150,-31.650206,-60.710566,Salas de Teatro
82,Santa Fe,Santa Fe,Casa del Maestro,Bv. Galvez 950,-31.639284,-60.685239,Salas de Teatro
82,Santa Fe,Santa Fe,Sala Teatro Juan Arancio,Junin 2957,-31.637897,-60.709093,Salas de Teatro
82,Santa Fe,Santa Fe,ATE Casa España Sala Mayor,Rivadavia 2871,-31.64303,-60.70332,Salas de Teatro
82,Santa Fe,Santa Fe,Cine Teatro Garay,San Martin 1540,-31.657419,-60.710137,Salas de Teatro
82,Santa Fe,Santa Fe,Leopoldo Marechal,San Martin 2020,-31.652291,-60.708542,Salas de Teatro
82,Santa Fe,San Carlos Centro,Cine Teatro Rivadavia,Presidente Perón 442,-31.72605,-61.09043,Salas de Teatro
82,Santa Fe,Acebal,Sociedad Italiana,Asurmendi 345,-33.235053,-60.832729,Salas de Teatro
82,Santa Fe,Alvear,Centro de Expresiones Alvear  C.E.A.,Av. America y Pellegrini,-33.061433,-60.61442,Salas de Teatro
82,Santa Fe,Rosario,Amigos del Arte,3 de Febrero 755,-32.953474,-60.635051,Salas de Teatro
82,Santa Fe,Rosario,Teatro Saulo Benavente,Alem  3078,-32.974736,-60.634938,Salas de Teatro
82,Santa Fe,Rosario,La Morada Teatro,Av. San Martín 771,-32.94636,-60.63661,Salas de Teatro
82,Santa Fe,Rosario,EMAU Escuela Municipal de Artes Urbanas,Buenos Aires - Galpón 17,-32.945044,-60.629822,Salas de Teatro
82,Santa Fe,Rosario,Patio de La Madera,Cafferata  729,-32.93957,-60.670846,Salas de Teatro
82,Santa Fe,Rosario,La Percha,Catamarca 1155,-32.94061691,-60.6374725,Salas de Teatro
82,Santa Fe,Rosario,Auditorio Radio Nacional,Córdoba 1331,-32.945865,-60.641432,Salas de Teatro
82,Santa Fe,Rosario,Apur,Córdoba 2971,-32.94191744,-60.6637669,Salas de Teatro
82,Santa Fe,Rosario,Teatro Empleados de Comercio,Corrientes. Av. 450,-32.94162,-60.64143,Salas de Teatro
82,Santa Fe,Rosario,Laboratorio Quetral,Entre Rios 3484,-32.9771724,-60.64890023,Salas de Teatro
82,Santa Fe,Rosario,Teatro El Circulo,Laprida 1223,-32.952448,-60.635405,Salas de Teatro
82,Santa Fe,Rosario,Auditorio Fundacion Astengo,Mitre 754,-32.945598,-60.639445,Salas de Teatro
82,Santa Fe,Rosario,Teatro Municipal La Comedia,Mitre 958,-32.947984,-60.640159,Salas de Teatro
82,Santa Fe,Rosario,Teatro Luz y Fuerza,Paraguay 1135,-32.949598,-60.644805,Salas de Teatro
82,Santa Fe,Rosario,Centro de Expresiones Contemporáneas  CEC,Paseo de las Artes y el Río,-32.9427623,-60.6335609,Salas de Teatro
82,Santa Fe,Rosario,La Macbeth Colectivo de Artistas,Salta 1354,-32.93878524,-60.63987649,Salas de Teatro
82,Santa Fe,Rosario,Sala Nicasio Oroño,San Lorenzo 1055,-32.944411,-60.63705,Salas de Teatro
82,Santa Fe,Rosario,Teatro Brodway,San Lorenzo 1223,-32.943801,-60.639336,Salas de Teatro
82,Santa Fe,Rosario,Mateo Booz,San Lorenzo 2243,-32.941245,-60.653438,Salas de Teatro
82,Santa Fe,Rosario,Blackmore,Sarmiento 384,-32.94155823,-60.63704844,Salas de Teatro
82,Santa Fe,Suardi,Cine Teatro Estrada de Suardi,Ripomonti 343,-30.53379,-61.96098,Salas de Teatro
82,Santa Fe,Suardi,Plaza San Martín,Suardi,-30.5342762,-61.9610646,Salas de Teatro
82,Santa Fe,San Javier,Sala Julio Mingo de la Secretaria de Cultura,9 de Julio y San Martín,-30.58163,-59.92987,Salas de Teatro
82,Santa Fe,Galvez,Teatro  Marconi,Moreno 645,-32.2897,-61.222383,Salas de Teatro
82,Santa Fe,San Justo,Sala Teatro Cosmopolita,Batalla de Tucumán 2544,-30.787183,-60.592661,Salas de Teatro
82,Santa Fe,San Lorenzo,Actor Aldo Braga,Entre Rios 510,-32.743125,-60.732633,Salas de Teatro
82,Santa Fe,Villa Mugueta,Sociedad Española,Independencia 159,-33.31462,-61.05423,Salas de Teatro
86,Santiago del Estero,Santiago del Estero,Plaza Añoranzas,Av.  Alsina 1900,-27.805959,-64.271994,Salas de Teatro
86,Santiago del Estero,Santiago del Estero,Casa Castro,Av. Belgrano 555,-28.465548,-62.839083,Salas de Teatro
86,Santiago del Estero,Santiago del Estero,Paraninfo UNSE,Av. Belgrano Sur 1912,-27.8014169,-64.25088426,Salas de Teatro
86,Santiago del Estero,Santiago del Estero,Teatro 25 de Mayo,Avellaneda 387,-27.786403,-64.256642,Salas de Teatro
86,Santiago del Estero,Boca del Tigre,El Patio del Indio Froilan,el Salvador 4607,-27.75155,-64.28978,Salas de Teatro
90,Tucumán,Banda Del Rio Sali,Teatro Alfredo Guzman,9 de Julio 415,-26.838467,-65.161945,Salas de Teatro
90,Tucumán,Concepción,Teatro de la Estación,25 de Mayo y San Martín,-27.344635,-65.587923,Salas de Teatro
90,Tucumán,Aguilares,Centro Cultural Ricardo Rojas,Alberdi 1021,-27.431333,-65.616381,Salas de Teatro
90,Tucumán,Aguilares,Sala Municipa Rosita Ávila,Las Piedras 1500,-27.45446,-65.60173,Salas de Teatro
90,Tucumán,San Miguel de Tucuman,Centro Cultural Virla,25 de Mayo 265,-26.827525,-65.203737,Salas de Teatro
90,Tucumán,San Miguel de Tucuman,Paul Groussac,Alberdi  71,-26.830109,-65.21405,Salas de Teatro
90,Tucumán,San Miguel de Tucuman,Teatro en la Luna,Av. Gobernador del Campo y Av. Saenz Peña,-26.822937,-65.178113,Salas de Teatro
90,Tucumán,San Miguel de Tucuman,Teatro San Martín,Av. Sarmiento 601,-26.818402,-65.203147,Salas de Teatro
90,Tucumán,San Miguel de Tucuman,El Pulmón,Córdoba 86,-26.828104,-65.197399,Salas de Teatro
90,Tucumán,San Miguel de Tucuman,Teatro Alberdi,Jujuy 92,-26.83080382,-65.21100639,Salas de Teatro
90,Tucumán,San Miguel de Tucuman,Fuera de Foco,Mendoza 2062,-26.82329767,-65.22772947,Salas de Teatro
90,Tucumán,San Miguel de Tucuman,Sala Orestes Caviglia,San Martín 251,-26.830459,-65.200565,Salas de Teatro
90,Tucumán,San Miguel de Tucuman,Teatro Mercedes Sosa,San Martin 479,-26.82966762,-65.20402464,Salas de Teatro
90,Tucumán,San Miguel de Tucuman,Sala Miguel Ángel Estrella,Virgen de la Merced 157,-26.82951226,-65.20112717,Salas de Teatro
90,Tucumán,San Pedro de Colalao,Enrique Pinti San Pedro de Colalao,9 de Julio entre Congreso y las Heras,-26.23576543,-65.49385156,Salas de Teatro
94,"Tierra del Fuego, Antártida e Islas del Atlántico Sur",Ushuaia,Sala Niní Marshall,Malvinas Argentinas y 12 de Octubre,-54.814066,-68.32253,Salas de Teatro
94,"Tierra del Fuego, Antártida e Islas del Atlántico Sur",Ushuaia,Casa de las Artes,Sáchez Caballero 2098,-54.81339,-68.32757,Salas de Teatro
94,"Tierra del Fuego, Antártida e Islas del Atlántico Sur",Ushuaia,Panaderia Museo Maritimo Presidio,Yaganes y Gobernador Paz,-54.802874,-68.29745,Salas de Teatro